gene,SRR16912777,SRR16912776,SRR16912775,SRR11553561,SRR11553560,SRR11553562,SRR11553563,DRR400300,DRR400301,DRR400295,DRR400294,DRR400302,DRR400296,DRR400298,DRR400299,DRR400297,SRR12424943,SRR12424944,SRR12424945,SRR12424942,SRR12424940,SRR12424941,SRR12424939,SRR12424937,SRR12424938,SRR9102748,SRR9102741,SRR9102746,SRR9102747,SRR9102740,SRR9102749,SRR9102731,SRR9102736,SRR9102738,SRR9102739,SRR9102737,SRR9102730,SRR9102752,SRR9102729,SRR9102745,SRR9102742,SRR9102728,SRR9102743,SRR9102744,SRR9102750,SRR9102735,SRR9102732,SRR9102751,SRR9102733,SRR9102734,SRR9656595,SRR9656592,SRR9656593,SRR9656594,SRR9656587,SRR9656589,SRR9656588,SRR9656598,SRR9656591,SRR9656596,SRR9656597,SRR9656590,SRR7263099,SRR7263090,SRR7263097,SRR7263096,SRR7263091,SRR7263098,SRR7263105,SRR7263102,SRR7263103,SRR7263104,SRR7263082,SRR7263085,SRR7263078,SRR7263079,SRR7263084,SRR7263083,SRR7263077,SRR7263094,SRR7263093,SRR7263092,SRR7263095,SRR7263101,SRR7263106,SRR7263100,SRR7263086,SRR7263081,SRR7263088,SRR7263089,SRR7263080,SRR7263087,SRR20341150,SRR20341151,SRR20341145,SRR20341144,SRR20341143,SRR20341154,SRR20341153,SRR20341152,SRR20341146,SRR20341148,SRR20341149,SRR20341147,SRR25120019,SRR25120026,SRR25119998,SRR25120021,SRR25120028,SRR25120017,SRR25119996,SRR25120010,SRR25120011,SRR25119997,SRR25120029,SRR25120016,SRR25119999,SRR25120020,SRR25120018,SRR25120027,SRR25120005,SRR25120002,SRR25120003,SRR25120004,SRR25120022,SRR25120025,SRR25119995,SRR25120013,SRR25120014,SRR25120015,SRR25120012,SRR25119994,SRR25120024,SRR25120023,SRR25120001,SRR25120006,SRR25120008,SRR25120009,SRR25120007,SRR25120000,ERR2937450,ERR2937451,ERR2937442,ERR2937445,ERR2937444,ERR2937443,ERR2937454,ERR2937453,ERR2937439,ERR2937452,ERR2937446,ERR2937441,ERR2937448,ERR2937449,ERR2937440,ERR2937447,SRR1019970,SRR16229842,SRR16229843,SRR16229841,SRR16229840,SRR16229838,SRR16229839,ERR1735779,ERR1735778,SRR23421556,SRR23421551,SRR23421558,SRR23421560,SRR23421561,SRR23421559,SRR23421550,SRR23421557,SRR23421552,SRR23421555,SRR23421563,SRR23421564,SRR23421562,SRR23421554,SRR23421553,SRR23421549,SRR23421547,SRR23421548,SRR16944074,SRR16944073,SRR16944072,SRR16944075,SRR16944076,SRR16944071,SRR13635188,SRR13635189,SRR13635194,SRR13635193,SRR13635192,SRR13635195,SRR13635190,SRR13635196,SRR13635191,SRR22806501,SRR22806500,SRR22806502,SRR22806504,SRR22806503,SRR22806497,SRR22806499,SRR22806498,SRR22806496,SRR24977794,SRR24977793,SRR24977792,SRR24977795,SRR24977788,SRR24977789,SRR24977800,SRR24977801,SRR24977799,SRR24977790,SRR24977797,SRR24977796,SRR24977791,SRR24977798,SRR24977803,SRR24977804,SRR24977805,SRR24977802,SRR16550059,SRR16550061,SRR16550057,SRR16550056,SRR16550060,SRR16550058,SRR16550062,SRR16550053,SRR16550054,SRR16550055,SRR16550064,SRR16550063,SRR13600544,SRR13600543,SRR13600542,SRR13600545,SRR13600534,SRR13600533,SRR13600535,SRR13600540,SRR13600547,SRR13600546,SRR13600541,SRR13600539,SRR13600537,SRR13600536,SRR13600538,SRR10219424,SRR10219441,SRR10219425,SRR10219440,SRR10219436,SRR10219431,SRR10219438,SRR10219439,SRR10219430,SRR10219437,SRR10219429,SRR10219427,SRR10219426,SRR10219428,SRR10219432,SRR10219435,SRR10219434,SRR10219433,SRR10953052,SRR10953055,SRR10953054,SRR10953053,SRR10953058,SRR10953060,SRR10953056,SRR10953051,SRR10953057,SRR10953059,DRR331651,DRR331650,DRR331644,DRR331645,DRR331652,DRR331655,DRR331654,DRR331653,DRR331649,DRR331647,DRR331646,DRR331648,SRR8820550,SRR8820548,SRR8820549,SRR13755323,SRR13755324,SRR13755312,SRR13755315,SRR13755341,SRR13755346,SRR13755348,SRR13755314,SRR13755313,SRR13755325,SRR13755322,SRR13755349,SRR13755347,SRR13755340,SRR13755362,SRR13755365,SRR13755353,SRR13755354,SRR13755338,SRR13755331,SRR13755309,SRR13755336,SRR13755355,SRR13755352,SRR13755364,SRR13755363,SRR13755308,SRR13755337,SRR13755330,SRR13755339,SRR13755345,SRR13755342,SRR13755327,SRR13755318,SRR13755320,SRR13755316,SRR13755329,SRR13755311,SRR13755343,SRR13755344,SRR13755310,SRR13755317,SRR13755328,SRR13755321,SRR13755326,SRR13755319,SRR13755335,SRR13755332,SRR13755359,SRR13755361,SRR13755357,SRR13755350,SRR13755333,SRR13755334,SRR13755351,SRR13755356,SRR13755360,SRR13755358,SRR1260601,SRR1259431,SRR1259332,SRR1260604,SRR1260603,SRR1260602,SRR654050,SRR5189964,SRR5189969,SRR5189967,SRR5189966,SRR13638183,SRR13638177,SRR13638179,SRR13638178,SRR13638176,SRR13638182,SRR13638180,SRR13638175,SRR13638181,SRR1612397,DRR286076,DRR286077,DRR286075,DRR286072,DRR286073,DRR286074,SRR3042207,SRR3042206,SRR3042201,SRR3042208,SRR3042205,SRR13648625,SRR13648624,SRR13648626
p5.00_sc00001_p0001,61.9578,80.8683,35.0124,0.0,0.0,0.0,0.0,0.0,0.07588,0.144736,0.0,0.185706,0.0,0.106008,0.197587,0.0,0.0,0.0,0.0,0.0,0.0,0.0,0.0,0.0,0.0,11.236,0.150596,5.44436,6.16134,0.223258,15.3305,0.166084,4.3898,6.40045,6.13886,1.86148,0.106939,2.24372,0.249995,3.19552,0.0,0.13548,0.0,0.0,16.3439,1.85822,0.947529,8.46222,0.829076,2.20492,0.0,0.0,0.0,0.369627,0.0,0.0,0.36841,0.0,0.0,0.0,0.0,0.233819,0.0,0.0,0.0,0.0,0.0,0.0,0.0,0.0,0.0,0.0,0.0,0.0,0.0,0.0,0.0,0.0,0.0,1.06684,2.16777,0.0,0.0,0.0,0.0,0.0,0.0,0.0,0.0,0.0,0.0,0.0,0.200363,1.5693,0.506023,10.8836,1.72188,0.437378,0.662176,7.17719,0.0,0.198102,0.337104,0.0,1.46421,0.0,0.434579,0.0,0.0,0.166082,0.410668,0.0,0.812816,0.864033,3.41168,0.0,0.0,0.0,0.0,0.0,0.0,0.0,0.0,0.0,0.0,0.0,0.385276,0.0,0.0,0.0,0.302965,0.0,0.365989,0.0,0.0,0.252618,0.0,0.0,0.289326,0.0,0.0,0.0,0.039567,0.0,0.0,0.0,0.0,0.0,0.149699,0.089741,0.0,0.078848,0.090357,0.08123,0.0,0.090269,0.0,0.0,0.0,0.35377,0.0,0.0,0.0,1.00448,3.43218,3.79033,0.083863,2.16223,2.28848,11.1959,1.84428,0.0,3.21324,0.0,3.59202,0.245699,0.562672,9.4743,0.20413,0.0,0.180416,8.17854,0.0,0.0,0.668242,0.0,0.0,0.270831,0.0,0.0,0.123018,0.10993,0.0,0.0,0.52505,0.103103,0.089923,0.0,12.4134,0.0,0.667726,12.2437,0.16373,0.359228,0.373666,0.0,0.421507,1.91209,0.954477,0.29683,7.32045,19.2452,0.20413,3.78281,3.10126,5.52927,0.245698,9.47435,8.17852,0.562672,11.1959,19.561,12.5968,7.61617,17.1319,0.184884,0.124511,0.710897,0.615076,0.191154,0.142225,0.998224,0.704635,0.08686,0.635258,0.0,0.73132,0.0,0.144993,0.103009,0.164199,0.0,0.0,0.0,0.0,0.0,0.0,0.079456,0.0,0.089962,0.0,0.0,0.224536,0.068809,0.0,0.065406,0.383736,0.0,0.0,0.140925,0.0,0.095224,0.0,0.0,0.0,0.0,0.135242,1.60386,0.0,0.0,0.613993,0.198135,0.186045,0.371911,0.0,0.0,1.31822,0.0,0.85008,0.071091,0.0,0.0,0.0,0.0,0.0,0.0,0.0,0.0,0.0,0.0,0.0,0.0,0.0,0.0,0.38605,0.0,0.0,0.0,0.0,0.0,0.0,0.0,0.0,0.569041,4.35889,0.0,0.0,0.0,0.0,0.0,0.0,0.0,0.0,0.0,0.0,0.0,0.0,0.0,0.0,0.0,0.0,0.0,0.0,0.0,0.0,0.0,0.780384,0.0,0.0,0.0,0.0,0.0,0.0,0.0,0.0,0.0,0.0,0.0,0.0,0.0,0.91491,0.0,0.0,0.0,0.0,0.0,0.0,0.0,2.79197,0.0,0.0,0.418725,0.0,0.330884,0.20084,0.0,0.135895,0.136426,0.113212,0.0,0.0,0.214791,0.0,0.0,0.0,0.0,0.0,0.0,0.0,0.0,0.0,0.0,0.0,0.192136,0.0,0.0,0.0,0.0,3.82312,0.0,2.57451,2.6791,0.0,1.40734,0.0,0.045168,0.107744,0.0
p5.00_sc00001_p0002,4.25948,9.37317,3.99109,0.0,34.4019,42.3094,13.4429,23.3907,22.3002,60.5214,79.6671,37.2253,56.0845,21.3923,25.1921,21.9191,9.5617,3.91795,20.0399,16.0534,43.1239,54.742,16.683,37.6694,42.6976,57.1809,47.5906,30.0464,29.6967,48.5783,37.9007,55.2746,46.2511,32.2117,32.9654,32.4807,36.8057,48.5819,36.5224,43.7374,0.0,56.6374,0.0,0.0,37.5226,34.123,37.4722,50.4501,37.792,33.9065,39.0822,47.2259,43.9116,40.0781,36.4222,41.9406,44.1438,44.5602,43.3107,37.8267,42.0164,33.4213,77.6633,57.2103,81.6572,62.8093,48.2671,78.0852,119.667,53.5382,89.4905,82.0289,65.8997,63.5984,57.4786,47.6593,72.0586,65.5409,76.876,87.6595,91.7665,53.4072,68.8104,88.8694,98.4585,103.235,99.1646,69.7932,62.0674,60.4655,78.4528,72.7457,57.5758,51.6669,53.5269,50.5713,54.6584,60.2806,52.5622,53.1546,65.7296,61.8927,60.0226,57.6878,39.4309,27.6292,31.7997,30.5496,27.1178,25.4088,34.0403,31.9604,32.0209,28.1647,24.0527,32.0196,29.8613,22.5387,40.3933,23.1649,25.7852,34.261,27.707,35.8414,26.4552,37.5193,27.6992,39.8741,18.3436,29.1462,31.2121,27.9073,31.4669,38.3519,27.4936,26.9849,38.3499,42.0944,36.5833,33.6803,42.476,42.0325,41.9514,36.9061,44.0048,44.0514,34.0225,33.9515,38.7017,42.1401,36.9892,41.9123,43.0342,42.4666,38.6702,43.1503,38.6911,32.7063,38.407,30.2022,26.3328,33.8568,25.3371,23.7293,37.4403,43.935,44.0769,36.8729,33.3794,50.4721,36.8143,37.9874,47.118,44.8162,46.8557,37.5546,40.7693,51.673,41.0336,40.7496,42.1374,59.4102,36.8044,27.8127,31.3959,25.622,32.1699,34.2995,32.2583,63.5936,62.7635,111.767,54.7275,55.4279,128.174,55.6739,121.283,59.2012,41.7438,43.2104,38.5158,37.5254,42.262,43.1855,50.5139,43.3612,43.8663,44.1925,47.296,48.8976,44.0425,48.4769,41.0336,49.0447,45.8786,49.0564,37.5545,51.6735,59.4099,40.7693,50.4723,49.2376,57.7357,48.1523,42.4714,16.1773,15.0144,18.9964,17.5269,13.385,19.2354,14.7644,25.1903,21.7017,18.5255,12.5166,11.4124,41.5748,43.1866,43.4998,40.4183,42.4433,48.9408,47.1215,45.7428,48.2575,49.2039,37.8739,44.9446,37.2188,51.3351,42.5292,55.0546,46.0773,60.1877,38.0992,39.3499,47.1639,52.2638,41.1312,54.0817,61.8778,63.9527,53.8034,45.9492,50.5612,71.3655,73.426,85.8525,73.5144,29.9323,35.4644,43.5434,27.763,33.5793,47.9765,55.0098,35.273,41.9361,21.388,46.2123,21.8255,34.7434,41.9668,16.3292,0.0,45.5725,22.0354,24.2588,5.53096,73.22,52.8361,12.4154,23.825,35.0719,20.5987,34.4125,34.4497,32.8401,15.0773,15.7175,13.2814,15.9121,33.0091,38.9901,39.0157,16.0422,16.5817,10.6634,27.7871,30.2925,14.9297,15.2271,40.6937,45.0981,27.9325,27.0871,16.1597,14.1292,23.9018,24.6403,38.1135,27.7579,24.794,41.0731,14.2529,14.0879,42.4255,24.3804,6.65554,26.3975,22.4985,41.1212,13.4169,6.99131,24.8887,28.3923,21.1393,18.0339,31.0055,35.2602,28.1112,36.4543,18.544,28.2354,12.9192,11.4714,19.3192,41.359,17.2204,14.6656,17.5257,14.4621,15.658,12.8894,13.8566,28.5761,27.0902,16.5775,0.0,0.0,20.2312,0.0,26.8921,272.396,0.0,0.0,0.0,0.0,0.0,0.0,0.0,0.0,17.8391,66.4535,58.4498,61.1397,47.706,53.3469,64.8549,32.3717,36.1381,40.1098,28.2591,35.9366,44.2543,30.8078,36.0143
p5.00_sc00001_p0003,19.1128,16.5501,8.5413,0.0,0.0,0.0,0.0,78.8649,87.2543,154.999,110.888,72.7643,241.321,91.6444,89.3962,55.568,14.3625,17.2492,34.0452,3.71772,68.6855,68.4623,71.7378,45.3141,17.1705,59.2501,60.3787,44.96,43.9854,53.9304,42.621,45.6817,52.6321,45.5406,47.4612,60.8682,51.378,70.9457,50.4863,56.0099,0.0,73.4668,0.0,0.0,41.4088,47.7934,51.945,46.4024,54.0851,46.8824,27.4415,29.0934,25.8948,23.1763,26.3597,33.9573,29.4,32.4512,33.354,22.2428,28.3924,25.3234,3.61198,5.35004,6.07646,15.7867,4.82759,6.4714,24.1291,26.6031,3.21506,4.26561,6.84979,71.546,15.6684,21.9181,27.965,30.1997,15.544,16.1115,13.0298,7.76359,4.89715,4.48863,25.8309,3.37753,4.57569,5.86042,3.74565,0.720569,4.35787,5.84121,57.6483,73.9545,85.7904,70.0702,89.122,55.3132,51.1134,80.3295,73.3784,70.4727,70.9839,89.9493,73.6861,16.615,70.9611,16.6573,82.1406,58.579,54.1817,56.6376,53.8899,59.6218,76.2252,73.3797,61.4081,16.5569,58.6515,18.4192,10.9661,20.625,22.4747,18.9951,15.2554,14.9217,65.5711,61.5811,60.4369,59.017,71.089,16.1818,19.9318,21.3478,23.4859,76.2839,18.0091,24.7712,14.5272,15.9031,29.5167,28.512,18.9132,22.676,28.6621,28.2601,27.9539,27.326,25.2336,28.8653,22.3697,18.7483,27.7759,29.5674,25.8423,28.6676,49.4328,40.2295,38.6005,38.5318,39.0921,36.0903,43.5968,74.1285,56.532,37.3929,44.0101,40.2653,39.5841,75.1317,41.2973,43.5699,40.9312,47.079,38.9637,56.2973,64.2898,71.9787,53.2229,40.7816,41.7919,74.4246,45.2319,62.9208,65.0775,86.9098,59.315,60.327,98.2636,52.2762,45.9847,43.2833,49.379,41.5386,51.5199,42.2742,47.3844,54.1243,74.2644,85.2245,65.1121,71.3242,84.1807,79.3671,76.2347,59.9663,76.3746,76.5357,86.7073,88.1853,45.2221,50.5837,53.223,81.4742,81.5599,80.213,56.2972,71.9791,74.4244,64.2898,75.1318,44.02,52.4591,46.1143,43.7594,38.9181,42.7362,36.2772,41.2587,29.0564,37.8331,22.908,41.5043,39.468,46.3269,22.9007,18.1303,29.716,41.1622,33.6526,30.6592,23.465,34.7353,31.1951,15.5516,13.3299,18.0515,28.4391,19.3642,14.5006,28.7281,20.5465,108.062,86.382,88.802,87.1715,66.7526,100.606,119.63,93.9403,69.3872,53.1097,77.8632,83.2755,77.8344,78.5852,34.8054,81.0663,31.7062,38.0972,29.3479,39.4228,51.158,35.2781,41.9507,64.2301,50.8531,46.8527,26.2701,8.08426,44.9949,64.1966,40.4079,53.5869,53.1357,0.0,100.261,22.3249,59.0556,0.0,70.3282,0.0,4.08767,7.25155,8.58698,29.128,43.0492,39.4176,30.9074,22.0142,26.0143,13.4359,70.8192,62.5559,47.9181,46.2085,28.5749,16.211,14.2942,27.7827,45.3491,27.6369,13.9947,47.0753,62.3823,42.2533,63.9565,33.9003,24.0136,34.8065,49.3871,47.8254,45.7578,54.3177,51.0133,30.9363,24.4658,32.7745,59.9153,39.1106,67.876,44.8892,51.7055,25.3119,13.0173,53.5816,60.5815,59.5077,29.2036,51.1978,32.0359,66.187,48.0636,32.8613,17.8452,19.1992,22.1508,73.2986,54.5648,21.3536,37.1047,32.0514,17.1212,21.8881,20.4768,25.061,42.7014,44.8506,32.1111,0.0,0.0,20.842,0.0,33.4427,0.0,0.0,0.0,0.0,0.0,0.0,0.0,0.0,0.0,57.6326,40.157,25.1734,14.5954,30.5489,27.1066,36.3996,32.1457,40.5781,41.2463,35.2399,34.2458,29.7191,25.0708,22.0941
p5.00_sc00001_p0004,14.8986,18.8549,11.8193,96.2275,18.4116,67.931,0.0,9.06246,14.7413,22.5673,23.8699,13.8719,23.4868,18.6774,13.2094,8.91521,3.32486,8.42987,11.5188,5.33945,21.579,23.4643,37.5633,11.3891,10.789,31.3607,30.086,20.5978,20.9572,24.2234,26.0723,31.3541,28.3432,20.8305,20.1641,18.2908,19.9717,22.7288,20.7038,24.8791,0.0,28.4917,0.0,0.0,26.6052,24.3259,20.4094,33.6935,20.0322,24.5515,31.8472,33.4356,35.0155,37.0687,28.8456,6.53441,35.2501,28.8707,7.74236,30.8026,27.9657,9.81029,12.6859,14.7845,20.2569,17.0056,7.14298,24.8064,14.139,34.0068,12.5306,14.5151,17.4692,0.0,23.5562,58.8532,23.3432,36.811,28.56,32.2684,24.4503,3.85672,17.4103,20.094,12.4689,19.2916,20.0991,23.6849,18.6611,15.1755,20.5362,19.3239,22.136,19.3997,31.1447,14.6923,17.1705,23.0954,26.514,16.9271,44.3057,44.3324,25.0773,40.0056,11.4498,14.2014,17.6248,36.0556,11.2621,9.69585,14.8883,15.4175,16.641,13.0701,8.0939,16.1688,15.7421,25.2192,20.9283,11.819,20.2056,21.5824,12.5935,20.4322,14.0633,29.2166,15.7318,7.07206,19.7435,16.7733,14.1781,21.0619,18.6609,34.3537,25.1921,11.9964,20.1749,21.4897,24.515,33.5401,33.9121,34.3855,38.122,30.0445,32.6061,32.211,31.6031,31.8243,36.881,34.3232,30.2022,38.0241,32.8252,33.7904,37.0876,33.0702,20.5402,53.2036,49.7315,49.6821,53.322,68.5317,54.1069,25.4453,34.9068,24.3257,20.7638,19.3008,17.1277,38.4863,21.7141,18.6132,26.4057,21.8903,27.7005,22.2615,26.9427,33.0236,18.71,19.3171,24.661,39.5604,16.8358,22.9683,19.2711,16.7542,23.8879,25.7297,16.7424,48.411,44.0682,37.4551,51.1546,45.9512,37.0348,40.9167,38.9701,52.6278,15.8265,16.2533,14.5628,14.1219,16.3663,16.9309,14.3428,14.7959,17.3438,32.722,33.4779,32.1884,31.3986,42.5357,18.71,42.2349,37.6987,37.9125,22.2615,33.0239,39.5603,26.9427,38.4864,40.5246,55.3027,41.2485,38.0229,14.8048,16.4367,10.5081,13.3754,15.0297,12.3712,16.6229,21.5522,19.3774,16.1076,10.7251,15.8408,30.3597,20.3841,21.9603,28.6136,35.5397,27.4358,35.2155,21.9965,22.0732,21.5417,22.8027,24.8272,28.7591,32.8795,25.9454,8.38875,8.26888,12.0588,9.08372,9.25481,8.39027,12.2493,7.71137,16.8643,16.1708,14.1411,11.6729,10.0342,14.5534,11.4762,10.9013,16.2023,10.9255,34.0775,29.2486,23.4943,28.1235,24.8621,25.7573,40.8988,27.1363,46.2223,35.1301,57.19,11.6197,28.5402,27.7947,12.8733,53.4577,129.423,26.0192,9.5527,140.049,18.1353,0.0,22.1165,23.9386,24.8531,0.963284,1.35248,2.25162,3.28654,2.56157,4.26415,2.7771,0.915613,3.20276,0.557575,1.59095,1.91235,1.81534,4.54767,0.581902,0.934256,1.45579,4.39674,1.09553,0.670044,0.899987,0.0,2.86133,2.9137,0.295546,1.06093,4.46066,0.590787,1.59274,4.4412,4.34703,2.39579,1.05608,0.728659,1.87834,1.8747,0.821529,1.42808,3.47912,2.57706,2.51721,1.91393,1.01607,0.0,1.36893,0.46813,0.831763,0.974209,3.34442,3.52405,1.24797,1.77903,0.903073,4.28568,2.38253,3.66243,1.07124,2.44089,13.2924,14.0374,13.352,27.6808,25.5764,23.6613,0.0,0.0,35.6419,0.0,35.7639,0.0,0.0,0.0,0.0,0.0,0.0,0.0,0.0,0.0,24.0223,21.4821,32.4708,14.122,19.0536,17.4828,21.3417,34.6888,35.641,26.3968,25.0231,34.8742,22.5219,18.2339,19.5253
p5.00_sc00001_p0005,18.2776,12.1877,5.5895,0.0,59.8506,0.0,0.0,12.2623,21.5383,25.7098,42.5771,14.2035,31.3271,16.5304,17.444,17.7151,3.08803,9.78676,13.3729,5.96644,25.0524,3.17813,12.2107,0.0,8.7679,17.3707,25.3965,12.0118,13.1419,22.7566,11.7385,20.5279,18.9382,14.8342,13.7315,16.2964,17.6979,20.5658,18.058,23.0752,0.0,18.6288,0.0,0.0,12.4431,11.6631,15.6329,22.2476,14.7602,12.3993,13.6298,12.9318,19.9503,17.3678,12.5528,84.3152,17.3107,16.5708,96.7667,11.8064,12.8525,72.9198,31.3264,32.7557,24.8082,31.2725,42.7071,36.3157,48.3091,0.0,48.2872,34.458,17.4743,14.5976,25.5768,26.8349,17.9129,6.30503,34.3791,40.3441,51.3823,45.7682,24.3422,39.2533,39.8563,29.8777,32.3023,23.9194,20.2092,32.351,24.7827,43.888,27.2802,33.0409,20.8586,27.1959,24.22,20.3682,20.6979,25.0469,31.7766,16.074,20.2958,24.7042,17.0603,21.0096,17.3299,17.7002,12.1109,16.7865,16.9607,17.3334,22.4702,9.46395,13.9304,18.3378,15.201,19.291,15.0765,10.1846,17.8888,15.4921,14.655,14.5422,11.9693,19.8801,19.6263,18.0462,14.1265,24.4883,14.8914,13.5426,16.7198,18.9451,12.9111,9.07144,16.0417,11.5808,28.2526,18.4243,13.5516,14.056,17.9994,14.1273,14.0975,14.4795,12.8325,13.0211,17.6161,13.7322,14.141,18.2292,15.8554,13.7134,17.4594,15.2393,20.3567,23.8756,27.0333,32.4547,39.2892,30.7232,35.4553,12.8519,21.5443,14.8908,11.2359,14.1218,11.0052,15.1482,11.6396,9.2418,14.5077,13.5528,13.8653,11.785,14.2543,17.8237,11.0656,10.5476,11.3448,17.4158,12.0246,14.7062,14.7748,12.2162,14.9464,19.0348,16.1911,31.6843,35.0875,44.5375,21.5021,26.3758,43.7144,33.0186,46.4793,32.1216,15.1123,16.1952,15.0374,15.695,21.3869,17.9017,19.8899,12.6543,15.7195,21.0885,22.4987,21.7093,15.2269,25.0156,11.0656,17.6427,17.2898,16.6509,11.785,17.8238,17.4157,14.2543,15.1483,32.9732,21.2651,11.8737,28.6573,20.9109,21.2273,24.1082,25.0006,21.885,29.1362,15.924,21.4867,24.1269,24.4781,14.454,10.542,19.57,24.3596,25.2724,18.2361,20.3436,20.0556,20.7268,20.9909,23.4241,21.9571,22.3609,19.0223,17.9288,20.9932,20.9064,14.6251,14.532,15.7788,13.2625,14.3226,15.4416,19.1479,15.267,13.9665,12.1942,11.3262,14.6462,12.4322,14.0862,16.6794,12.5691,25.5209,21.3689,15.8602,25.5394,18.0581,13.2467,18.1034,21.0433,29.5312,17.8823,32.339,11.815,29.4919,0.0,71.1603,20.0312,27.0906,123.138,0.0,4.55228,37.6328,0.0,43.0323,0.0,14.7351,24.3586,27.5782,2.60945,0.0,0.0,1.94246,0.333075,0.19252,1.62495,1.48819,0.0,2.71876,0.646461,0.863397,0.819597,0.923942,0.0,3.03698,1.01407,3.03714,1.18708,0.0,0.731395,0.0,0.861234,1.69135,4.32329,2.15546,0.763171,0.640156,3.69823,4.08002,0.39993,0.973495,0.0,0.394775,0.508824,0.38088,0.44509,0.580281,0.201956,0.910568,0.511418,0.345645,0.0,0.0,0.556246,0.760873,0.0,0.791714,2.83609,0.52071,1.35225,1.02055,0.0,0.928762,2.03812,0.580754,3.8305,1.02856,22.848,23.1966,24.5466,28.9228,30.3865,29.689,0.0,0.0,10.0923,0.0,15.6128,0.0,0.0,0.0,0.0,0.0,0.0,0.0,0.0,0.0,10.7053,23.9711,26.9234,40.9305,17.2857,26.7211,37.1254,21.0538,15.5963,15.9915,5.26678,14.4722,16.9037,25.4026,10.9909
p5.00_sc00001_p0006,38.7487,12.7365,40.5743,0.0,0.0,0.0,0.0,0.0,0.0,0.094255,0.0,0.0,0.0,0.0,0.0,0.0,0.0,0.0,0.0,0.0,0.0,0.0,0.0,29.6895,0.0,1.31415,0.0,1.75139,1.66067,1.04886,0.405363,1.17091,2.07204,0.513159,0.423526,0.0,0.285276,0.0,0.285815,0.910707,0.0,0.397812,0.0,0.0,0.494431,1.68354,0.366922,0.056394,0.368615,1.77393,1.71935,2.22223,1.98433,1.72557,1.94053,0.347634,2.70267,1.24193,0.0,1.43816,0.251385,0.935624,8.63684,19.9439,4.88878,19.3246,6.48811,5.15409,23.904,0.0,17.0209,22.6981,16.4209,0.0,64.7447,62.7723,27.822,31.4986,64.4352,39.9681,44.7755,12.3718,37.4536,16.3156,28.132,20.852,28.2168,43.6466,19.8505,19.5466,44.1479,41.4941,0.0,0.0,0.0,0.0,0.0,0.0,0.0,0.0,0.0,0.0,0.0,0.0,0.0,2.40211,0.0,0.137989,0.0,0.0,0.0,0.0,0.0,0.0,0.0,0.0,0.0,0.0,0.0,0.146746,8.10979,0.125152,0.517127,0.13609,0.0,0.879797,0.0,0.0,0.0,0.0,0.0,0.0,0.0,0.133251,0.0,0.253529,0.123128,0.0,16.368,0.0,55.8277,26.909,45.7041,20.4855,28.263,28.7027,40.9895,41.8254,20.117,26.5132,20.4485,45.6961,19.5243,55.1484,19.9874,19.2042,0.0,3.85482,5.01002,3.68795,6.81543,8.50897,4.187,0.0,0.0,1.2245,0.55859,1.91738,1.46729,1.57654,1.6325,1.60102,2.63059,0.674973,1.75771,1.09206,0.962837,1.89203,0.364687,1.31184,0.959749,2.0926,1.01744,0.176018,0.0,0.0,0.179837,0.0,0.0,5.60538,8.23178,6.93762,58.5269,83.0829,7.70157,0.564342,7.08797,53.4401,0.192866,0.0,0.192558,0.0,0.0,0.154985,0.0,0.543358,0.327806,0.968146,1.65091,1.57384,0.646934,0.0,0.364688,0.0,0.121736,0.0,1.09206,1.89203,2.0926,0.962838,1.57654,0.440359,1.84301,1.16864,0.273823,19.1118,22.5863,3.58214,12.5112,12.3234,6.89257,6.77834,13.3669,16.3358,22.5012,5.59168,8.02041,69.9538,20.0328,23.7421,72.1754,37.1092,64.5106,30.2421,256.094,243.766,227.312,21.6738,136.418,132.411,37.9582,132.947,0.0,0.0,0.0,0.0,0.0,0.0,0.0,0.0,0.0,0.0,0.136407,0.0,0.0,0.0,0.0,0.0,0.149863,0.0,1.39844,1.05826,2.10163,1.85341,1.99715,3.08725,4.09604,0.635618,1.4995,0.094035,0.0,0.0,0.0,0.0,0.0,0.0,0.0,0.0,0.0,0.0,0.0,0.0,4.77582,0.181035,0.0,0.0,0.0,0.0,0.0,0.534206,0.61755,0.289576,0.0,0.0,0.0,0.0,0.0,0.525807,1.1855,0.0,0.0,1.08428,0.573076,4.75978,0.0,0.0,0.0,0.552518,0.0,0.0,0.0,0.0,0.0,0.0,0.0,0.641431,1.56135,0.0,0.0,0.0,0.0,0.0,0.0,0.0,0.292084,0.0,0.0,0.0,0.0,0.0,0.0,0.0,0.0,0.758115,0.0,0.0,0.272802,0.0,0.0,0.326886,0.698585,1.67552,0.471331,0.153073,0.0,1.2588,3.1563,9.68886,2.02197,0.0,0.0,17.0346,0.0,11.7706,0.0,0.0,0.0,0.0,0.0,0.0,0.0,0.0,0.0,0.083778,0.0,3.85253,0.0,10.5586,16.2986,0.0,22.3207,3.57345,0.625562,3.28501,3.22379,5.57283,1.36526,10.6234
p5.00_sc00001_p0007,21.8266,20.4401,38.0957,0.0,0.0,0.0,0.0,0.127293,0.402158,0.171549,0.26192,1.54886,0.506501,0.882325,0.039227,0.0,0.0,0.0,0.0,0.0,0.0,0.0,0.0,0.0,0.0,0.618623,0.445197,0.331143,0.366769,0.870962,0.834095,0.451315,0.4708,0.381732,0.405335,0.294836,0.327626,0.491755,0.30773,0.3908,0.0,1.22118,0.0,0.0,0.909822,0.56393,0.298487,0.382332,0.229308,0.583038,1.26938,0.744371,1.49554,1.59247,0.731262,0.0,1.58722,1.06972,0.0,1.75489,0.324793,0.0,0.0,0.0,0.0,0.0,0.0,0.0,0.0,0.0,0.0,0.0,0.0,0.0,0.0,0.0,0.0,0.0,0.0,1.4685,0.0,0.0,0.0,0.0,0.0,0.0,0.271264,0.0,0.0,0.0,0.0,0.0,0.343792,0.442648,0.096397,0.674374,0.759513,0.742461,0.752427,0.388445,0.0,0.112534,0.289408,0.290807,0.632012,0.0,0.186742,0.0,0.396746,0.716064,0.425961,0.38808,1.08192,0.720403,0.187161,0.0,0.114761,0.0,0.546744,0.0,0.061535,0.0,0.0,0.0,0.0,0.0,0.887238,0.0,0.0,0.649589,0.349609,0.066707,0.0,0.0,0.0,0.686461,0.0,0.0,0.0,0.0,13.469,16.9971,14.2966,13.7239,21.2785,21.5313,19.6449,19.6978,7.28791,16.7797,13.7463,14.4259,9.18712,13.7185,7.33513,9.33371,0.0,0.0,0.0,0.0,0.0,0.0,0.0,2.36034,6.60273,0.107166,0.0,0.0,0.0,0.157087,0.050744,0.198426,0.0,0.14675,0.109189,0.0,0.046303,0.0,0.0,0.142279,0.052013,0.0,0.048946,0.38336,0.451533,0.13139,0.233139,0.389075,0.236802,0.588759,0.137252,1.15871,16.5307,18.013,1.90575,0.172124,1.74767,16.0497,0.487161,1.16689,0.795358,0.404049,0.392415,1.28826,1.60936,0.43792,0.301734,0.0,0.0,0.0,0.0,0.062196,0.0,0.0,0.0,0.0,0.0,0.0,0.0,0.046303,0.157087,0.127655,0.123332,0.0,0.058886,0.159308,0.357621,0.0,0.044166,0.622238,0.0,0.0,0.0,0.199584,0.0,0.0,0.280067,4.03597,1.32005,1.20154,5.18452,14.5437,4.39199,14.7694,25.0249,23.8745,23.0654,1.14728,27.1696,29.0508,13.5666,24.4343,0.0,0.11852,0.310684,0.11251,0.0,0.0,0.0,0.282057,0.065086,0.054685,0.058199,0.069036,0.141034,0.132924,0.077421,0.067861,0.191638,0.202908,0.405089,0.625062,0.214734,0.214639,0.539714,0.169491,0.821956,0.219893,0.657938,0.123829,0.0,0.0,0.0,0.0,0.0,0.0,0.0,0.0,0.0,0.0,0.0,0.0,0.501082,0.041391,0.0,0.360488,0.0,0.0,0.0,0.0,0.398941,0.0,0.822355,0.326881,0.938971,0.0,0.0,0.0,0.0,0.653292,1.04887,0.0,0.0,0.0,0.0,0.5052,0.0,0.0,0.0,0.66361,0.595542,1.0543,0.0,0.25545,0.216785,0.0,0.672427,2.3713,0.0,0.0,0.526174,0.0,2.0041,0.278996,0.0,1.41302,0.238749,0.228144,0.588605,0.768437,0.525562,1.40071,0.0,0.0,0.0,0.622699,0.234975,0.337955,0.320764,0.0,0.0,0.962131,0.405977,0.0,0.054586,0.0,0.0,0.0,0.0,0.0,0.0,0.0,0.0,0.0,0.0,0.0,0.0,0.0,0.0,0.0,0.0,0.0,0.0,0.641495,0.705441,19.0122,1.31397,23.3731,14.9657,1.53834,0.0,0.0,0.269411,0.0,0.0,0.103786,0.0,1.45803
p5.00_sc00001_p0008,2.92672,41.3619,21.517,0.0,0.0,0.0,0.0,0.0,0.0,0.0,0.0,0.0,0.0,0.0,0.0,0.0,0.0,0.0,0.0,0.691436,0.0,0.0,0.0,0.0,0.0,0.0,0.039754,0.033952,0.033844,0.0,0.0,0.035078,0.0,0.0,0.0,0.04795,0.03779,0.030386,0.037861,0.038785,0.0,0.107294,0.0,0.0,0.0,0.037169,0.032404,0.0,0.0,0.037104,0.512378,0.828689,0.0,0.259456,0.316811,0.737796,0.440371,0.645148,1.75859,0.751311,1.31783,2.11025,0.0,4.58864,0.0,0.0,0.0,0.0,0.0,0.0,0.0,0.0,0.0,0.0,0.0,0.0,0.0,0.0,0.0,0.0,0.0,0.0,0.0,0.0,0.0,0.0,0.0,0.0,2.76619,3.70593,0.0,0.0,0.0,0.0,0.0,0.0,0.0,0.154894,0.175775,0.0,0.0,0.530503,0.0,0.0,0.0,0.0,0.0,0.0,0.0,0.0,0.0,0.0,0.0,0.0,0.069622,0.0,0.0,0.0,0.0,0.0,0.0,0.0,0.0,0.0,0.0,0.0,0.0,0.0,0.0,0.0,0.0,0.0,0.0,0.0,0.0,0.0,0.0,0.0,0.0,0.0,0.0,0.162141,0.229019,0.164466,0.124799,0.153605,0.045951,0.075715,0.153629,0.162208,0.288753,0.0,0.0,0.086259,0.162786,0.0,0.0,0.624206,0.0,0.0,0.0,0.726397,0.376879,0.0,0.147083,0.097883,0.0,0.0,0.0,0.0,0.093028,0.0,0.0,0.179445,0.0,0.0,0.0,0.0,0.0,0.0,0.0,0.104371,0.0,0.0,0.117936,0.0,0.0,0.0,0.0,2.42915,2.88884,0.937032,0.583175,1.80336,0.698619,3.26544,0.907983,1.26851,0.0,0.0,0.0,0.0,0.086285,0.0,0.0,0.0,0.149575,0.0,0.0,0.0,0.0,0.0,0.0,0.0,0.0,0.0,0.0,0.0,0.10437,0.0,0.0,0.0,0.113084,0.0,0.0,0.0,0.0,0.0,0.0,0.0,0.0,0.0,0.0,0.0,0.0,0.0,0.0,0.394215,0.463996,0.109735,0.365734,1.51841,0.331908,1.22396,0.566916,0.233413,0.685998,0.0,0.764567,0.760303,2.41678,0.601079,0.0,0.142965,0.115174,0.0,0.101801,0.0,0.0,0.0,0.0,0.0,0.0,0.0,0.0,0.0,0.0,0.0,0.297421,0.0,1.67263,1.15358,0.135499,0.394019,0.0,0.205926,1.23842,0.202381,1.33629,0.451524,0.0,0.0,0.0,0.0,0.0,0.0,0.0,0.0,0.0,0.0,0.0,0.0,0.0,0.0,0.0,0.0,0.0,0.0,0.0,0.0,0.736253,0.0,0.0,0.0,0.0,0.0,0.220126,0.0,0.0,0.0,0.0,0.0,0.0,0.0,0.0,0.0,0.0,0.219574,0.0,0.0,0.0,0.0,0.0,0.0,0.0,0.169939,0.413659,0.0,0.0,0.0,0.0,0.0,0.0,0.0,0.0,0.0,0.0,0.0,0.0,0.0,0.0,0.0,0.0,0.0,0.0,0.0,0.0,0.0,0.0,0.0,0.0,0.0,0.0,0.235513,0.214642,0.217084,0.289382,0.544489,0.966453,0.0,0.0,0.0,0.0,0.0,0.0,0.0,0.0,0.0,0.0,0.0,0.0,0.0,0.0,0.0,0.0,0.0,0.0,0.0,0.0,1.36834,0.0,0.0,0.0,0.0,0.0,0.108104,0.187947,0.0
p5.00_sc00001_p0009,25.0092,15.4071,21.8424,0.0,0.0,0.0,0.0,0.0,0.0,0.049696,0.0,0.0,0.0,0.0,0.0,0.0,0.0,0.0,0.0,0.0,0.0,0.0,0.0,0.0,0.0,0.0,0.0,0.02147,0.021402,0.122406,0.022638,0.0,0.0,0.093789,0.094608,0.062173,0.023897,0.0,0.0,0.0,0.0,0.0,0.0,0.0,0.022591,0.0,0.020491,0.088685,0.020586,0.0,1.65122,2.3303,0.872678,0.951011,0.896903,5.82352,1.07992,2.08885,5.35921,2.05481,2.95711,3.36809,0.0,0.0,0.0,0.0,0.0,0.0,0.0,0.0,0.0,0.0,0.0,0.0,0.0,0.0,0.0,0.0,0.0,0.0,0.0,0.0,0.0,0.0,0.0,0.0,0.0,0.0,0.0,0.0,0.0,0.0,0.267741,0.345791,1.01366,0.0,0.0,0.57961,1.10036,0.0,0.458723,0.457918,0.563382,0.113376,0.0,0.0,0.0,0.0,0.370973,0.0,0.0,0.0,0.0,0.0,0.0,0.0,0.0,0.0,0.319331,0.0,0.0,0.0,0.0,0.0,0.0,0.0,0.0,0.0,0.0,0.0,0.0,0.0,0.0,0.0,0.0,0.0,0.061094,0.0,0.0,0.0,0.245181,0.047743,0.226538,0.0,0.0,0.034013,0.087172,0.125616,0.379548,0.04783,0.0,0.237866,0.090862,0.136049,0.350257,0.090773,2.62557,0.202746,0.239539,0.485638,0.239039,0.236532,0.0,0.256933,0.470042,0.0,0.0,0.0,0.0,0.061089,0.0,0.0,0.0,0.0,0.0,0.0,0.0,0.0,0.0,0.0,0.121301,0.0,0.0,0.0,0.0,0.0,0.090656,0.0,0.0,7.33709,7.97614,0.286904,1.44874,1.20841,1.46342,6.62614,0.99945,2.06793,0.0,0.0,0.0,0.0,0.170085,0.0,0.10338,0.072376,0.076664,0.0,0.0,0.0,0.065838,0.0,0.0,0.0,0.0,0.063923,0.0,0.0,0.0,0.0,0.061089,0.0,0.0,0.131307,0.0,0.0,0.0,0.0,0.0,0.0,0.031782,0.0,0.0,0.0,0.0,0.0,0.0,0.281599,0.188058,0.134551,0.525421,1.42527,0.301656,2.09665,0.173199,0.409581,0.378847,0.207542,0.448652,0.884473,1.44491,0.468411,0.149859,0.140191,0.072578,0.043786,0.06398,0.150734,0.0,0.0,0.380004,0.0,0.136001,0.564752,0.164985,0.0,0.180848,0.039649,0.111502,0.118549,0.826396,1.19531,0.414636,0.187672,0.440687,0.19731,3.3458,0.384738,2.2748,0.480547,0.0,0.0,0.0,0.0,0.0,0.0,0.0,0.0,0.0,0.0,0.0,0.0,0.0,0.0,0.13211,0.0,0.0,0.0,0.0,0.0,0.0,0.0,0.0,0.0,0.0,0.0,0.0,0.0,0.0,0.0,0.0,0.0,0.0,0.0,0.0,0.0,0.0,0.0,0.0,0.0,0.0,0.0,0.0,0.0,0.0,0.0,0.0,0.0,0.0,0.0,0.0,0.0,0.0,0.0,0.0,0.0,0.0,0.0,0.0,0.0,0.0,0.0,0.0,0.0,0.0,0.0,0.0,0.788814,0.0,0.0,0.0,0.0,0.0,0.0,0.064485,0.066393,0.356021,0.201228,0.515593,0.0,0.0,0.146528,0.0,0.084118,0.0,0.0,0.0,0.0,0.0,0.0,0.0,0.0,0.0,0.0,0.0,0.0,0.0,0.0,0.0,0.0,0.287657,0.0,0.0,0.0,0.648124,0.098183,0.133957,0.029338
p5.00_sc00001_p0010,30.9427,36.7129,103.15,0.0,0.0,0.0,0.0,0.169841,0.501486,0.0,1.49427,0.0,0.280491,0.165912,0.0,0.0,2.99655,0.0,0.0,0.0,0.0,0.0,0.0,0.0,0.0,10.8684,1.81731,23.2948,21.132,5.56282,12.0061,2.84963,3.54124,2.78391,2.81468,2.63933,3.03229,0.046222,3.03521,0.483794,0.0,4.61526,0.0,0.0,11.1958,14.6412,3.55948,1.31779,3.83648,14.853,3.01625,3.27096,3.45347,1.503,2.63908,0.471689,3.75528,3.35849,0.0,3.04726,4.05753,0.0,0.0,0.0,0.0,0.0,0.0,0.0,0.0,0.0,0.0,0.0,0.0,0.0,0.0,0.0,0.0,0.0,0.0,0.0,0.0,0.0,0.0,0.0,0.0,0.0,0.0,0.0,0.0,0.0,0.0,0.0,0.0,0.0,0.548472,0.0,0.0,0.240564,0.0,0.840523,0.0,3.57445,0.0,0.0,0.0,0.0,0.0,0.0,0.0,0.0,0.0,1.36652,0.481661,0.0,0.0,0.0,0.161166,0.0,0.0,0.0,0.0,0.0,0.0,0.0,0.0,0.0,0.0,0.0,0.0,0.0,0.0,0.0,0.0,0.160431,0.0,0.0,0.0,0.0,0.0,0.0,1.04227,2.16271,31.0912,4.01499,2.91343,2.34984,1.18152,1.16073,3.69823,2.29932,3.97955,30.2361,1.23587,1.188,3.43506,1.67357,0.0,0.0,0.0,0.0,0.0,0.0,0.0,0.592993,2.25742,21.0383,0.27008,9.35894,13.2685,1.90586,7.49997,0.477007,26.0637,0.0,59.2462,0.0,0.0,7.31469,0.5841,0.263857,1.01368,0.788061,0.747825,1.28907,0.355315,0.181405,0.438404,0.663529,0.0,0.393944,0.0,0.0,0.0,0.0,0.220974,0.174501,0.0,0.211401,0.121167,0.299052,0.243599,0.137304,0.0,0.192765,0.0,0.171956,0.0,0.0,0.0,0.0,0.0,0.0,0.584104,0.0,0.0,0.0,0.0,7.31471,0.788062,0.0,1.90586,0.0,0.0,0.0,0.66299,0.0,3.1067,0.0,0.0,0.776401,0.0,4.35464,1.77401,5.10423,0.774949,0.0,1.66525,19.7084,7.28012,6.81876,20.8515,3.57319,14.0019,2.9797,3.32916,2.81579,5.27183,8.13936,1.5479,2.75398,3.56122,1.38851,0.0,0.0,0.0,0.0,0.0,0.0,0.0,0.0,0.0,0.0,0.0,0.0,0.0,0.0,0.548406,0.0,0.0,0.0,9.459,2.44034,0.0,0.601765,0.305317,0.796171,3.67015,0.0,1.87613,1.8352,0.0,0.0,0.0,0.0,0.0,0.0,0.0,0.0,0.0,0.0,0.0,0.0,0.419098,0.0,1.20006,0.0,0.0,0.0,0.0,0.0,0.0,0.0,0.69744,2.08632,0.0,0.0,1.67564,0.0,0.0,0.0,0.0,0.0,0.427335,9.21535,2.49296,1.86169,1.0223,0.0,0.0,0.0,0.0,0.794774,0.0,0.0,1.70786,0.0,0.488544,0.0,1.53232,0.0,1.56855,0.0,3.61032,0.528774,0.0,0.0,0.0,0.641016,0.0,0.0,0.0,0.0,0.0,0.0,0.0,0.0,1.32042,0.0,3.28746,0.0,0.0,0.0,0.0,0.0,20.135,0.0,3.10962,1.84027,7.82662,0.0,0.0,0.0,0.0,0.0,0.0,0.0,0.0,0.0,0.0,0.0,0.0,0.0,0.0,3.02386,48.8024,14.8122,17.0617,0.0,5.69908,0.0,0.0,0.0,0.0,3.40718,0.0,30.6061,0.26911,68.9731
p5.00_sc00001_p0011,55.0069,52.2211,33.315,0.0,0.0,0.0,0.0,17.9398,31.1221,0.35552,1.62235,43.8148,2.31029,22.4815,9.92178,31.4161,0.0,2.94283,0.0,0.0,0.0,0.0,0.0,27.8313,0.0,7.81456,10.7817,8.18216,7.37945,10.3071,3.57653,6.69152,6.23347,12.9743,14.1855,19.144,7.32266,19.9485,7.11539,13.4403,0.0,11.0043,0.0,0.0,3.54596,29.1642,42.8359,10.6467,45.481,28.2283,0.886828,4.40984,2.20751,3.22618,1.36631,2.2416,3.5398,2.28786,2.28342,2.35784,2.51232,2.92355,0.0,0.0,0.0,0.0,0.0,0.0,0.0,0.0,0.0,0.0,0.0,0.0,0.0,0.0,0.0,0.0,0.0,0.0,0.0,0.0,0.0,0.0,0.0,0.0,0.0,0.0,0.0,0.0,0.0,0.0,3.26515,1.98347,8.46149,6.72524,0.723126,1.6554,10.4172,10.1067,8.60586,12.7162,7.81448,11.1437,15.5443,0.281542,4.62575,2.07089,3.05486,4.87787,11.9933,2.95418,7.45243,8.26026,6.34219,64.83,7.1177,0.0,26.9513,2.89025,0.406067,0.117186,2.61081,0.764217,1.97771,0.0,6.92785,2.46353,1.1124,25.552,6.42311,0.0,1.14167,2.50198,0.80645,17.7311,0.691449,0.0,0.364448,0.507776,0.411994,0.51073,1.9368,0.284173,0.343353,0.42995,0.168585,0.125483,0.691362,0.35068,0.22539,2.11051,1.86702,0.349238,0.766875,1.69449,13.4666,0.0,0.429353,6.08507,0.856666,0.422384,3.07044,24.4826,24.6632,0.710839,0.314278,4.19397,3.03934,7.95998,3.57222,0.487481,2.48683,0.422265,2.5512,0.819034,2.10716,4.49525,0.403373,0.0,0.0,5.76936,0.797651,14.1951,5.95933,10.4626,19.3912,17.2602,13.3703,0.446634,0.0,0.140377,2.94933,0.161208,0.500822,0.262812,0.17214,1.44864,19.5637,34.7172,47.9998,20.009,18.0877,29.7051,20.7274,21.2909,27.0275,5.5637,3.45447,2.09332,4.73758,0.803281,0.403374,7.1695,3.42305,5.12474,0.819033,4.49527,5.76936,2.10716,7.95999,2.06617,5.05561,4.75075,2.43816,0.577925,4.67681,0.0,0.38453,3.30235,0.177831,7.7462,1.17092,3.53959,0.811733,1.31043,1.04676,1.26928,15.0403,16.5076,1.36416,3.67507,1.99986,2.29544,0.793579,1.34312,0.416175,16.3927,3.46643,4.93968,2.1051,5.47529,2.25361,1.97939,5.85094,2.12855,0.361283,1.69272,0.77705,2.82681,0.568901,0.238166,0.766431,1.36565,1.24884,1.457,0.0,0.223567,0.28065,0.0,81.9818,27.8652,62.7527,58.891,18.9613,80.2221,29.3596,65.215,75.6512,42.5563,0.0,0.0,0.0,0.0,107.918,0.0,0.0,0.0,43.5277,0.0,0.0,0.0,0.711633,0.0,0.950576,0.0,0.0,59.1488,8.76135,2.00309,6.07844,2.71453,6.17208,4.78725,2.72506,3.88775,0.0,2.46449,1.1113,2.13297,0.0,2.28695,6.92127,14.278,9.5303,18.3512,0.0,0.776907,3.81436,2.16665,2.59255,6.26876,0.48123,2.7801,7.64234,24.0514,7.91542,6.45181,0.0,9.56257,9.09247,0.0,2.43777,3.84128,1.09522,14.6092,5.19669,0.0,3.84353,1.67261,2.28791,8.13023,2.38065,7.10667,0.0,1.35539,0.0,1.47121,10.7188,0.306427,4.36575,9.42393,3.53465,0.426185,1.15301,0.130157,0.594857,1.38907,3.25013,0.0,0.0,0.530162,0.0,0.0,0.0,0.0,0.0,0.0,0.0,0.0,0.0,0.0,0.0,6.44644,3.09679,0.0,7.9882,0.0,0.803813,0.0,1.07301,0.0,1.17282,0.0,6.04405,11.3333,20.2011,3.63753
p5.00_sc00001_p0012,18.7545,26.1873,15.2749,28.4059,0.0,0.0,0.0,34.3443,38.2309,121.034,136.03,37.0737,85.9171,51.0646,43.6857,28.7428,8.57977,5.3324,14.5727,11.7106,26.6455,15.4221,19.9593,15.1291,47.7727,47.0429,41.761,41.213,41.2124,43.6639,44.174,44.6182,49.3267,43.7091,44.3149,42.2384,38.4261,51.3727,38.4016,37.4213,0.0,46.8447,0.0,0.0,44.0226,42.4181,44.223,47.9291,44.4132,42.2479,44.57,50.0082,45.7979,48.1668,41.502,50.8921,47.8351,51.1778,48.4938,44.778,50.3878,46.6198,88.1107,103.027,87.74,96.6397,62.9172,89.9951,90.9599,60.4328,83.5133,81.5873,83.3908,73.3416,92.2012,74.7088,65.2236,71.5111,94.0528,94.3877,108.49,69.5066,72.3143,97.6636,89.6854,90.3424,97.778,55.9179,104.148,102.53,58.165,97.8773,64.1015,74.2255,96.2006,66.6355,70.0982,61.3747,83.7959,63.0044,104.956,112.734,80.2733,88.1654,45.3913,78.2333,51.9599,55.1419,63.7844,43.9538,53.3601,37.4452,39.5453,38.5473,40.4029,48.1531,46.2143,63.5464,63.9701,45.2387,57.3622,56.4829,43.4681,68.4361,51.93,92.9064,42.9287,45.3392,34.5861,41.475,40.0378,57.6614,62.4492,61.585,59.9856,46.6558,52.7808,55.2794,92.4969,57.5714,57.523,60.3134,63.6478,49.2246,56.0973,55.9873,59.2543,59.1806,57.403,60.3856,49.2793,63.7921,60.8617,57.5297,57.6731,60.8022,43.0351,74.6953,72.8307,76.7019,82.2987,64.2191,77.2308,76.6568,110.461,35.4261,38.1171,39.1227,39.3173,57.3415,35.7238,35.4535,38.64,38.9162,36.2886,50.681,51.8689,56.7124,43.9456,42.3417,35.6511,59.1403,30.6041,57.2577,52.1749,47.8765,57.5509,70.841,47.7442,83.7238,76.1346,102.197,93.5324,69.6069,110.117,73.7921,102.195,88.3344,58.8232,55.4504,62.0442,54.667,61.7374,57.6269,72.0112,67.5659,65.226,48.844,53.9965,57.7084,64.7437,66.8573,43.9456,64.3659,55.7873,60.7233,50.6809,56.7129,59.14,51.8688,57.3416,65.7741,79.3448,70.5065,58.1628,30.8295,34.7823,33.9663,35.4306,41.7493,32.1155,36.2679,46.6869,46.6004,36.3332,33.0846,32.3647,55.0219,59.5244,56.9324,54.8605,54.9378,53.7254,54.3698,51.2184,50.2936,48.5337,57.4233,41.0006,37.9209,57.2613,42.2417,55.547,53.0944,58.8023,58.0117,54.5174,62.016,57.1698,59.4237,45.61,57.9702,41.3472,66.4838,54.3487,40.9447,61.0414,68.9686,60.8702,56.2507,78.4378,62.3227,47.2785,45.8594,47.6269,50.6528,72.8216,47.0801,61.0342,51.1115,51.8665,97.9125,65.6793,46.4384,53.4934,190.17,61.8778,51.5084,102.104,0.0,84.7429,63.7208,28.0483,30.9304,31.5995,80.4729,33.8361,81.0062,64.5605,60.8862,54.2314,37.1855,106.708,118.61,121.717,94.0454,54.1935,55.7313,49.637,53.8513,49.2281,41.9919,38.5475,114.159,89.8971,84.085,74.3345,58.4686,43.5892,41.0918,60.1305,122.043,98.0112,107.4,117.137,68.7855,65.595,75.7554,79.5857,74.8541,80.5201,79.0587,90.425,62.8315,55.3682,69.1053,123.92,90.1613,55.7157,64.5551,53.8939,95.7576,42.7059,53.5694,44.2593,30.6994,37.6263,96.5029,110.824,49.5278,58.3811,70.0121,29.462,25.3643,21.6282,22.3446,67.6151,64.5256,67.8397,0.0,0.0,64.2792,0.0,77.7213,0.0,0.0,0.0,0.0,0.0,0.0,0.0,0.0,0.0,46.855,63.5551,62.7415,16.7612,69.1906,58.6172,55.7329,46.1304,43.1294,69.7105,29.5249,56.3018,55.933,67.1258,32.7719
p5.00_sc00001_p0013,24.1365,17.8958,16.9941,74.3009,127.947,0.0,0.0,47.2677,36.7147,70.9811,53.9629,51.0889,68.3843,72.2565,59.6779,52.9496,14.3032,26.501,28.5883,10.0278,32.1339,40.7647,34.8049,52.7639,112.463,42.4458,31.8345,29.6451,31.4997,32.9322,31.2977,29.155,33.8414,33.8677,31.8638,37.3957,29.4899,35.3675,31.7467,36.7545,0.0,43.7091,0.0,0.0,32.7914,34.7402,36.5352,36.0893,34.6657,36.6284,10.0272,5.92399,9.22613,7.22486,7.20629,1.69352,7.11972,5.43053,1.8786,5.81481,6.12157,1.49565,2.65985,5.24784,0.0,3.58352,5.89483,1.19178,0.0,0.0,10.4357,8.10964,7.55764,0.0,4.04379,3.23082,7.68341,10.567,0.758735,0.0,0.868832,0.0,1.71544,1.41813,0.0,0.0,0.559336,1.4378,4.31216,5.30393,0.912476,1.95486,59.3591,59.1059,74.701,54.2916,56.3297,70.087,59.5069,63.242,57.8401,74.5684,66.2919,74.6331,43.0292,8.62326,52.6639,10.9702,92.8555,46.144,49.6011,62.8089,56.3026,51.564,49.8298,48.8177,59.1364,10.3435,81.5186,17.2181,6.22304,17.8337,22.5641,18.355,19.4185,6.47066,54.3183,52.6435,49.9412,43.8991,49.4026,14.5148,19.3682,14.3378,18.2602,58.4912,18.4423,19.1283,14.9081,11.1673,12.9078,13.0329,13.0366,10.9863,12.5549,12.3584,10.8139,11.3236,11.2667,12.5243,10.6993,13.4105,14.2426,13.4299,11.6846,14.3098,0.58024,12.6144,11.4969,11.009,12.3233,13.2516,10.6735,40.8233,43.1949,14.3669,18.4168,17.5714,15.9284,17.4486,16.0149,22.8717,12.4733,19.6262,15.2041,22.043,25.4573,16.3755,23.8995,16.0452,20.9238,19.7387,19.6903,26.0952,32.6023,32.6569,32.3067,41.9844,38.1854,16.1377,14.3188,21.2963,19.9392,14.9026,22.788,10.0757,21.7438,16.9413,60.9442,54.2223,49.1398,48.5412,61.2193,53.1441,52.8787,45.5539,50.7071,14.4696,20.2549,16.8394,16.4944,14.4326,23.8995,22.5725,18.3105,22.1518,22.0429,16.3756,19.7386,25.4573,17.4486,15.7338,19.5895,16.3197,19.5011,21.6392,20.2546,18.4899,21.7336,20.5039,23.5436,25.2759,26.6322,22.3915,21.2493,20.4961,18.5877,16.5025,20.085,19.9793,14.0967,14.7406,15.2059,16.3764,15.5124,14.3641,14.5445,18.4627,11.7098,10.519,16.6779,12.6043,112.947,70.1435,74.3073,81.8355,146.057,92.1632,98.3638,76.6677,119.465,90.7733,123.35,83.2782,93.0871,127.898,48.4489,105.352,55.7655,70.7172,48.9369,40.6861,29.5129,27.8394,42.8689,42.819,36.068,37.8804,38.8979,39.9664,33.4544,36.9283,81.9722,30.5901,9.86554,116.954,52.3612,33.2133,10.9767,0.0,78.2232,106.488,10.4283,7.80263,9.74107,1.48758,0.0,5.54166,1.73023,1.3054,1.50907,4.11706,0.0,4.38391,2.90604,0.0,3.93759,1.86892,1.05343,1.34793,1.08206,5.90137,5.09233,8.03609,1.94012,1.82415,0.0,3.68224,3.37467,4.44995,9.21579,2.71914,0.456169,16.6025,6.03841,6.1747,2.6592,1.83475,0.0,6.16392,1.08565,0.317167,0.0,2.59042,1.03818,1.45772,4.67976,0.0,0.0,1.18913,1.62657,0.481677,0.0,7.74707,1.11316,0.803002,4.24218,0.0,6.61827,4.79275,5.6903,7.4443,4.39764,15.7841,29.5194,21.7496,79.3492,69.6338,48.2551,0.0,0.0,15.218,0.0,15.237,0.0,0.0,0.0,0.0,0.0,0.0,0.0,0.0,0.0,19.8709,27.611,21.4045,16.2408,15.6687,16.0851,21.3947,20.8491,10.4787,15.5597,13.7612,20.6255,18.133,10.3217,12.1368
p5.00_sc00001_p0014,0.662475,11.8759,32.0513,0.0,47.3634,0.0,0.0,44.5751,88.4759,63.1534,46.3345,53.5743,48.4484,71.8707,53.6329,48.7374,15.8844,21.6856,21.1656,10.3017,23.7907,20.1204,38.6523,14.6491,13.8772,61.5215,89.6836,86.8791,91.5617,82.4945,92.4049,98.4518,78.7008,102.568,93.7591,116.176,114.296,98.1699,122.738,84.8591,0.0,92.621,0.0,0.0,98.4703,79.0991,112.327,89.3057,106.217,84.1225,16.2398,10.9647,13.4665,9.73021,14.6049,3.08748,13.3353,12.5043,4.12505,12.2998,14.3597,2.46212,2.84359,2.81393,10.8613,6.23924,11.5307,17.8182,0.0,0.0,2.92277,8.40684,0.0,22.4154,0.0,0.0,10.18,19.643,0.826184,1.83644,0.940689,21.7245,4.07103,9.06557,0.0,5.37101,7.87398,3.07921,6.81706,4.54256,0.0,15.8917,43.3909,40.8322,44.1263,27.8436,37.3756,53.1797,39.7657,23.809,35.8084,51.0081,41.155,31.8571,79.8684,10.6676,92.8455,10.2141,49.668,54.7302,82.1869,61.5244,83.8449,57.9901,73.7793,61.9412,83.3396,20.179,33.4355,15.9311,7.70214,6.66775,16.321,16.2447,10.9587,12.6786,62.3739,62.2287,111.162,65.7768,76.711,14.7457,15.358,17.6271,12.6187,81.0472,12.511,19.4079,6.91888,12.845,28.8297,25.6696,30.7796,19.0414,19.73,19.8786,17.743,17.2591,28.0784,24.7464,18.6425,31.0313,23.1918,27.0505,27.9797,23.9414,9.02132,20.9468,22.0493,10.9313,31.4234,7.96511,48.2632,53.3289,46.2934,26.8358,16.538,33.8265,34.8651,22.9788,33.0333,16.1405,27.0808,18.2102,26.2726,18.213,16.4502,30.9968,22.1275,20.3927,15.3928,20.5265,16.8475,37.8753,63.8208,64.9712,42.5966,60.5851,79.7917,17.0013,15.564,11.0053,10.8088,10.0639,9.35625,11.6791,9.23151,8.83869,51.2624,86.1786,53.4439,62.3264,55.1282,61.4256,74.935,53.1634,63.1438,19.5891,20.982,20.197,27.9714,26.186,22.1275,34.9389,34.3568,37.1349,18.2129,30.9969,20.5264,16.4503,22.9788,24.5314,32.0913,31.9114,23.2378,6.81393,9.09577,10.1889,8.70315,6.45791,11.357,3.5834,23.4961,17.4925,9.8481,1.95429,3.8504,20.4264,30.2668,34.527,21.8921,11.5106,26.4087,12.9793,9.0099,7.83055,7.59363,29.6209,11.1717,10.5802,14.7469,16.65,75.6876,86.8886,117.25,96.8097,53.0476,88.9839,72.3581,82.4511,78.6332,81.7378,106.991,112.722,88.5573,86.5665,88.2522,87.863,72.8917,70.1838,37.6134,43.5979,25.5021,23.7815,16.8769,36.4483,44.0335,25.9704,32.6916,23.302,22.3057,0.0,5.66052,13.7333,0.0,0.0,5.74985,0.0,0.0,0.0,10.9097,0.0,11.4646,15.7424,13.9528,9.08608,0.869808,9.41237,9.22315,2.63583,0.914118,2.57185,6.59509,8.23902,12.192,4.09267,4.6487,5.44822,0.292469,5.98771,3.60503,4.54847,4.80637,15.97,15.513,15.6275,4.16852,4.63452,6.96004,2.28086,8.86991,15.7025,8.10577,16.3892,19.8694,6.96269,2.05437,6.79187,3.74891,9.26127,8.43959,2.81782,1.83685,2.23749,1.15294,4.04716,18.053,3.13657,0.674353,4.40192,4.81701,3.20953,2.50613,5.61094,0.0,1.07012,6.1916,3.09751,24.9895,7.09673,6.60202,9.92065,1.1628,7.08461,26.0789,3.9965,15.9199,14.6913,11.8,0.0,0.0,1.9467,0.0,5.89302,0.0,0.0,0.0,0.0,0.0,0.0,0.0,0.0,0.0,5.04823,16.696,6.66262,16.9641,14.2576,4.90213,10.0026,11.8712,18.3364,5.55587,20.3624,9.54394,44.7373,21.8754,30.7015
p5.00_sc00001_p0015,18.2169,6.33808,2.33035,0.0,0.0,0.0,0.0,0.0,0.235402,0.111309,0.0,0.0,0.0,0.162371,0.100643,0.0,0.0,0.0,0.0,0.0,0.0,0.0,0.0,0.0,0.0,0.0,0.232358,0.051413,0.051249,0.275679,0.0,0.307859,0.053218,0.168443,0.113277,0.210576,0.11445,0.490147,0.114666,0.226765,0.0,0.20912,0.0,0.0,0.0,0.056285,0.098137,0.266989,0.09859,0.056186,0.591245,0.594358,0.0,0.593383,0.0,0.0,1.18286,0.0,0.0,0.865462,0.30256,0.0,0.0,0.0,0.0,0.441994,0.0,0.0,0.0,0.0,0.0,0.0,0.0,0.0,0.0,0.0,0.0,0.0,0.0,0.0,0.0,8.15614,1.23114,2.41772,0.0,1.08168,0.731437,0.0,0.0,1.36535,0.0,4.02114,1.29452,0.0,0.545476,0.0,0.0,2.87041,0.53997,0.0,0.0,0.323134,1.90395,1.38705,0.0,0.0,0.175055,0.0,0.112692,0.0,0.0,0.0,0.0,0.0,0.106356,0.0,0.0,0.0,0.0,0.176309,0.0,0.0,0.125476,0.0,0.0,0.211044,0.0,0.0,0.0,0.0,0.0,0.364784,0.292281,0.0,0.14823,0.0,0.744352,0.0,0.472428,0.0,1.36995,0.863651,0.06352,1.12072,1.38586,1.44464,0.556658,0.553946,0.36048,0.864395,0.999439,0.063289,1.01538,1.30403,0.241165,0.797023,0.0,1.367,1.61515,2.72307,5.90724,2.64264,3.84734,0.390769,0.184253,0.0,0.134321,0.0,0.0,0.0,0.0,0.0,0.0,0.269863,0.150591,0.131401,0.25706,0.15158,0.0,0.0,0.0,0.0,0.0,0.210994,0.176735,0.180459,0.432359,0.651797,0.874557,1.56641,0.0,1.11493,1.35908,0.212824,0.0,0.346895,0.607105,0.420363,0.0,0.405436,0.0,0.0,0.372392,0.182145,0.34068,0.159786,0.25712,0.0,0.30507,0.0,0.0,0.0,0.0,0.0,0.0,0.0,0.131401,0.151581,0.0,0.25706,0.0,0.176061,0.170026,0.0,0.0,0.890417,0.099942,0.760829,0.493709,0.0,0.380537,0.0,0.754127,0.557766,0.906503,0.560832,0.521791,1.25108,0.62018,1.04267,0.0,0.646787,1.33776,0.40141,0.0,0.0,0.445798,0.402281,0.961387,0.152065,0.976234,0.275944,0.0,0.0,0.350495,0.0,0.0,0.362981,0.0,0.0,0.0,0.0,0.0,0.195821,0.0,0.187769,0.0,0.0,0.0,0.0,0.0,0.159334,0.0,0.0,0.0,0.0,0.0,0.305526,0.0,0.0,0.0,0.0,0.0,0.0,0.0,0.0,0.0,0.0,0.0,0.0,0.0,0.0,0.20016,0.0,0.298564,0.0,0.0,0.0,0.0,0.0,0.0,0.0,0.0,0.0,0.0,0.0,0.0,0.0,0.0,0.0,0.0,0.0,0.0,0.0,0.0,0.0,0.0,0.0,0.0,0.0,0.0,0.0,0.0,0.0,0.0,0.0,0.0,0.0,0.0,0.0,0.0,0.0,0.0,0.0,0.703089,0.0,0.0,0.0,0.0,0.0,0.0,0.0,0.0,0.0,0.0,0.0,0.0,0.0,0.0,0.0,0.0,0.0,0.0,0.0,0.0,0.517338,0.227923,0.0,0.0,0.0,0.0,2.84043,0.0,1.52953,0.0,0.0,0.0,0.0,0.0,0.0,0.0,0.0,0.0,0.0,0.0,2.26816,3.36823,2.49409,1.66881,0.0,0.688836,0.0,0.752908,0.0,0.0,0.290045,1.98912,0.210759
p5.00_sc00001_p0016,59.281,13.2792,120.073,0.0,0.0,0.0,0.0,0.0,0.0,12.5834,5.97339,0.0,0.0,0.0,0.0,0.0,0.0,0.0,0.0,0.0,0.0,0.0,0.0,0.0,0.0,20.5201,1.1943,8.05938,7.66383,0.425103,13.753,2.53202,11.6507,4.2271,4.43927,5.12393,0.826231,0.0,0.88692,0.349677,0.0,2.14979,0.0,0.0,13.1112,1.79947,0.910884,0.823514,0.965927,1.73834,1.21951,0.612966,3.38671,3.0598,0.60217,0.0,2.13481,1.54155,0.0,2.67767,0.624064,0.0,0.0,0.0,0.0,0.0,0.0,0.0,0.0,0.0,0.0,0.0,0.0,0.0,0.0,0.0,1.25363,0.0,0.0,0.0,0.0,0.0,0.0,0.0,0.0,0.0,0.0,0.0,0.0,0.0,0.0,0.0,0.0,0.445511,1.12578,1.00029,0.0,1.48283,2.50925,1.43852,4.29027,20.0219,0.841889,0.0,3.62462,0.0,0.0,0.0,0.232625,0.0,0.0,0.0,0.0,0.0,0.0,0.0,0.495956,0.0,0.0,0.0,0.0,0.0,0.0,0.0,0.0,0.0,0.0,0.0,0.0,0.0,0.0,0.0,0.0,0.0,0.0,0.315668,0.0,0.0,0.0,0.0,0.403668,0.296897,8.45058,1.7337,2.20884,2.07286,0.502325,0.6427,0.61961,0.297152,1.80378,8.9421,1.19677,0.403456,0.55961,1.34505,0.0,0.0,0.0,5.03775,0.0,1.08624,1.6947,10.2505,23.3141,10.4173,5.95544,9.04916,3.35699,1.35327,5.62005,39.0584,12.5186,4.3111,14.1238,4.8783,2.38519,0.625127,4.43219,11.9043,20.3432,1.4542,33.4614,1.08719,1.45675,0.557859,0.891586,1.34434,0.0,0.0,0.0,0.0,0.468329,2.20368,0.0,0.0,0.078598,0.654845,0.233243,0.0,0.116465,0.0,0.0,0.0,0.0,1.8051,0.0,0.0,0.157252,0.0,2.55441,0.0,4.43222,0.484189,0.15119,0.473293,4.87829,0.625127,1.4542,2.38519,1.35327,0.0,1.0514,0.160709,0.0,4.59147,10.8225,6.93107,6.23728,12.0262,7.69203,4.5073,9.46246,9.34746,4.20697,5.49471,6.45752,3.88786,6.43198,7.19891,3.89054,2.41131,4.4411,1.80367,23.1273,24.9525,27.06,8.21779,6.67793,4.56791,3.16339,6.72644,0.0,0.0,0.180813,0.108584,0.0,0.0,0.0,0.0,0.0,0.946305,0.0,0.0,0.208817,0.0,3.71402,0.496052,1.30784,1.18622,9.79871,2.79391,0.152904,0.764101,2.31986,0.633419,2.53796,0.157501,1.53886,2.31574,0.0,0.0,0.0,10.0337,0.0,0.0,0.0,0.0,0.0,0.0,0.0,0.0,1.13013,0.0,1.84186,9.35077,10.9407,34.6067,0.96676,0.0,1.1498,1.07831,5.33281,43.3373,16.2375,64.3484,2.75015,13.3795,1.10363,6.59007,0.0,3.36467,4.97932,11.8162,11.9244,2.91211,52.4327,0.685815,0.673425,0.0,0.0,10.6352,5.09767,10.3074,30.6155,0.265392,0.323004,27.3376,3.14366,0.0,21.2311,0.0,85.4862,0.0,0.0,141.52,29.5886,3.94526,1.69644,5.53685,0.0,2.69136,3.15227,0.470506,0.0,0.0,2.03169,33.1171,114.636,2.43449,0.57808,0.693248,0.0,0.0,33.318,0.0,0.471859,0.0,0.0,0.0,0.0,0.171874,0.0,0.589917,0.0,0.0,0.0,0.0,0.0,0.0,0.0,0.0,0.0,5.10442,5.57187,1.16492,69.1943,0.0,2.57125,2.04612,0.0,0.0,0.0,4.07752,0.0,2.80431,0.936506,14.2731
p5.00_sc00001_p0017,49.5082,22.4923,37.2523,0.0,0.0,0.0,0.0,4.68941,3.26299,62.5916,42.2368,2.35707,11.0315,0.405507,0.627307,1.63782,3.85469,0.0,6.6772,20.3119,250.177,119.015,0.0,0.0,21.8894,34.3549,10.9379,38.9644,39.9675,13.2596,71.7214,26.6873,17.7426,47.3455,45.8548,6.97084,25.2371,12.902,25.3589,12.3146,0.0,28.0309,0.0,0.0,73.0442,37.9255,24.0515,56.1032,22.9512,38.8031,0.0,0.0,0.0,0.383712,0.0,0.0,0.0,0.0,0.0,0.0,0.0,0.0,0.0,0.0,0.0,0.0,0.0,0.0,0.0,0.0,0.0,0.0,0.0,0.0,0.0,0.0,0.0,0.0,0.0,0.0,0.0,0.0,0.0,0.0,0.0,0.0,0.0,0.0,0.0,0.0,0.0,0.0,4.6262,10.8145,9.22245,6.34371,2.05261,3.77671,5.65646,5.10625,15.1277,34.2786,3.88487,22.1263,0.0,40.5341,0.0,15.3702,0.146817,0.0,0.0,0.0,0.0,0.0,0.0,0.0,0.207272,13.8001,0.0,37.234,37.1724,18.4119,42.6025,58.518,12.8189,30.1027,0.795307,0.0,0.0,0.0,0.0,57.4396,26.1553,5.52472,23.0018,0.397454,29.1917,34.5512,27.1222,44.9867,0.253108,0.18616,1.1501,0.483142,0.16294,0.162466,0.0,0.0,0.0,0.09316,0.323144,0.982228,0.0,0.252975,0.0,0.0,0.0,0.0,0.0,0.0,0.0,0.0,0.0,51.0888,88.2739,302.366,419.567,287.117,283.697,160.316,302.333,422.641,302.822,435.852,262.725,338.362,348.341,173.23,367.962,431.689,439.293,175.005,493.134,14.3614,26.7307,1.85248,2.78974,14.0422,3.3793,0.261653,0.828064,0.250539,0.0,0.0,0.881142,0.0,0.2044,0.0,0.141495,0.168011,0.14135,0.0,0.153895,0.678992,0.141004,0.99417,0.0,46.7244,48.1619,56.1805,44.1051,9.43121,367.965,75.5336,74.023,80.7083,338.362,173.23,175.005,348.341,160.316,7.01705,37.1537,35.5366,6.82801,300.562,382.855,313.726,246.945,336.551,416.457,366.46,252.281,280.789,209.124,276.349,279.212,7.17131,25.9976,28.7661,7.70016,0.522046,8.42246,0.182212,16.6786,21.95,20.9274,27.9869,1.3069,0.410092,0.997338,0.753525,0.709546,1.8592,12.9719,2.04599,5.06516,0.470722,0.780425,0.295951,41.2823,369.262,99.6315,28.0451,20.3783,40.4385,241.731,95.5867,137.14,134.243,9.88948,11.5561,4.19907,2.28898,15.4798,6.87642,13.3844,4.92616,14.8997,7.04131,0.0,0.0,0.0,8.06897,0.0,0.0,119.345,0.0,33.5941,0.0,0.0,0.0,49.8318,3.99896,12.7609,3.90875,28.8121,30.8356,30.3089,5.40498,3.36443,2.7045,14.1182,46.0766,27.1499,11.2974,3.4488,2.04615,8.30396,8.26422,20.8503,5.06333,8.9204,22.227,42.1423,4.56489,46.027,0.86004,4.64476,15.5902,3.22872,20.0055,25.5707,9.23276,17.2377,5.65782,0.405061,34.2825,18.7258,12.703,25.6738,17.7789,153.561,3.52934,1.36396,58.7315,19.847,20.6147,17.0192,31.9398,3.79909,13.5003,19.7654,5.31031,11.6997,1.12532,4.67102,18.3222,88.1101,3.05295,0.724936,4.34681,2.56783,9.41782,44.9628,10.245,6.41146,3.36728,3.11144,0.0,0.0,0.0,0.0,0.0,0.0,0.0,0.0,0.0,0.0,0.0,0.0,0.0,0.0,18.2552,60.8371,0.0,8.39489,0.0,0.0,14.9462,45.4345,2.22495,0.973738,199.422,15.0543,111.336,1.78959,76.9571
p5.00_sc00001_p0018,9.02123,15.2467,16.5872,0.0,0.0,53.5103,0.0,16.5028,7.60501,11.259,6.54487,28.6348,5.01343,10.9834,12.765,18.1211,0.829048,5.69172,0.0,0.0,0.0,16.184,0.0,13.4571,6.37398,77.5736,39.2067,31.2307,31.1509,61.0679,25.2534,30.3275,61.7587,19.7072,19.7514,16.0478,37.8085,13.3957,37.9362,65.1485,109.011,98.1298,0.0,0.0,25.7111,49.3886,37.9375,24.1495,37.8527,49.6398,3.67261,3.83079,4.77816,4.49643,3.39654,18.6711,5.62887,3.17649,26.3679,4.47971,4.93689,21.1342,233.213,116.375,244.825,112.747,135.862,263.66,163.067,259.808,183.319,171.499,123.29,301.473,154.885,148.218,281.471,327.639,151.662,139.935,148.402,129.544,124.21,225.534,160.795,235.662,187.085,80.625,127.929,120.049,116.782,120.38,73.3524,120.969,63.5328,89.2626,59.777,71.4441,44.4797,60.9606,84.8522,96.8394,46.3095,51.862,24.6078,22.231,31.3863,14.5227,35.2167,45.0142,57.5196,38.6925,82.3499,40.6168,10.7602,53.8587,25.424,8.34678,62.1637,18.5661,20.1631,16.705,11.8575,29.6945,8.8464,21.3512,41.4065,37.3937,13.0064,83.0798,33.1555,12.9096,29.8163,14.6951,22.7887,38.7204,9.73953,16.3309,13.4853,28.973,24.7886,20.7346,42.9149,38.9466,35.1578,35.4577,17.2266,17.2889,12.1728,20.5354,39.1677,42.7116,29.8391,24.923,12.1248,30.0429,35.5167,7.34745,9.3318,20.2423,10.3955,9.43313,11.1015,39.0628,26.4379,32.3496,36.4072,39.0178,33.9879,22.5923,39.2347,25.2617,33.2615,32.652,32.2217,23.9239,19.2452,25.3159,18.2562,33.0335,26.8164,22.3504,28.2232,87.0291,33.4494,30.5448,78.5074,99.7307,38.5365,15.9351,15.4212,67.4418,34.5068,22.7112,63.0857,8.0489,62.0519,28.6196,69.1106,66.0186,73.5141,78.3119,29.9379,61.2891,75.5187,66.8835,62.4383,32.8462,32.1789,29.0473,6.65802,14.7209,18.2562,33.7328,28.9849,32.5192,23.9238,25.3161,22.3503,19.2452,22.5924,13.0271,4.86564,7.70154,12.6435,26.4351,26.3466,39.0629,44.3906,26.85,40.8718,15.3618,44.3517,46.8418,33.285,18.4279,14.1471,37.6368,71.4254,64.403,38.436,18.9524,40.5263,17.8627,43.3827,36.906,37.9102,66.4486,30.3461,31.3821,21.6764,33.0256,5.33349,7.8171,10.1391,14.8823,14.6977,12.2972,5.97381,6.23589,18.2928,10.1296,14.0318,7.05079,5.42182,14.3439,11.2881,18.1481,16.8144,9.39994,4.20861,1.97375,10.1666,3.89546,9.76849,12.1204,0.931485,10.2969,3.40201,5.38264,64.5266,68.4748,27.8421,13.5515,15.0802,0.0,87.0621,30.4587,106.258,102.715,10.6293,0.0,12.8395,5.262,8.49436,28.4548,0.79903,3.65812,18.0044,7.74832,6.99779,11.1566,7.1403,13.417,16.141,7.51929,2.51065,9.65229,10.8811,3.4378,14.3506,13.4373,16.3645,14.239,30.4807,13.8242,6.12691,5.88523,6.27073,16.7621,6.89459,22.7468,2.32686,20.9702,14.1457,7.46222,2.5949,8.11097,14.0624,36.9898,3.59954,33.6508,8.43691,9.83664,11.2532,8.17924,12.3123,5.76268,32.5227,7.68307,18.8064,0.98279,5.7555,21.8202,6.8137,19.1693,11.1285,11.3818,11.478,5.33393,7.38831,6.58189,21.5695,36.4545,39.2146,38.049,68.0129,62.4304,80.2349,0.0,0.0,5.30429,0.0,9.97506,0.0,0.0,0.0,0.0,0.0,0.0,0.0,0.0,0.0,12.0909,25.1767,32.0245,63.4461,20.8459,33.4683,26.6521,37.2988,19.0008,8.87131,13.6815,18.8302,20.4044,17.1862,21.6701
p5.00_sc00001_p0019,23.1638,29.1285,23.5986,0.0,0.0,0.0,0.0,0.0,0.0,0.0,0.0,0.0,0.0,0.0,0.0,0.0,0.0,0.0,0.0,0.0,0.0,0.0,0.0,0.0,0.0,0.0,0.0,0.0,0.052951,0.0,0.0,0.0,0.0,0.0,0.0,0.867453,0.0,0.0,0.0,0.0,0.0,0.0,0.0,0.0,0.0,0.0,0.0,0.0,0.0,0.0,0.30544,0.614097,0.616901,1.83927,1.20656,0.0,1.83321,1.54439,0.0,1.78841,0.312608,0.0,0.0,0.0,0.0,0.0,0.0,0.0,0.0,0.0,0.0,0.0,0.0,0.0,0.0,0.0,0.0,0.0,0.0,0.0,0.0,0.0,0.0,0.0,0.0,0.0,0.0,0.0,0.0,0.0,0.0,0.0,1.00368,0.0,0.0,0.334072,1.29506,0.247622,0.0,0.0,0.0,0.0,0.0,0.0,0.0,0.0,0.0,0.0,2.09759,2.75142,1.3557,0.0,0.0,0.653553,0.989838,1.59431,0.331247,0.0,0.0,0.0,0.0,0.0,0.0,0.0,0.0,0.0,0.382097,0.0,0.0,0.0,0.0,0.0,0.0,0.0,0.0,0.632519,0.0,0.0,0.0,0.0,4.24633,4.9822,1.64073,3.28082,2.47325,3.05013,1.94111,2.14629,2.91754,5.13533,3.67875,1.70017,5.02072,3.57044,3.11468,5.16554,0.0,0.0,0.0,0.560667,0.0,0.0,0.0,1.81197,2.08853,0.0,0.277505,0.0,0.0,0.0,0.0,0.0,0.0,0.0,0.0,0.0,0.0,0.0,0.0,0.0,0.14876,0.0,0.0,10.0201,1.82419,0.186287,10.7186,19.3044,0.0,0.203045,0.0,0.0,0.0,0.0,0.0,0.179965,0.0,0.0,0.0,0.0,0.0,0.131965,0.0,0.0,0.0,0.0,0.0,0.0,0.157538,0.0,0.959616,0.0,0.0,0.0,0.15147,0.0,0.0,0.0,0.0,0.0,0.0,0.0,1.4044,1.77101,0.0,0.0,0.0,0.0,0.0,0.0,0.0,0.0,0.0,0.0,0.0,0.0,0.0,1.19047,0.257789,0.0,0.866399,0.0,0.556363,0.139046,0.0,0.116311,0.0,0.278339,0.0,0.0,0.0,0.0,0.0,0.0,0.181151,0.0,0.0,0.187576,0.0,0.0,0.0,0.0,0.0,0.0,0.0,0.0,0.0,0.0,0.0,0.0,0.0,0.0,0.0,0.0,0.0,0.0,0.0,0.0,0.0,0.0,0.0,0.0,0.0,0.0,0.0,16.0021,0.0,0.0,0.0,0.0,0.0,0.0,0.0,0.0,0.0,0.0,0.0,0.0,0.0,0.0,0.0,0.0,0.0,0.0,0.0,0.0,0.0,0.0,0.0,0.0,0.0,0.0,0.0,0.0,0.0,0.0,0.0,0.0,0.0,0.0,0.0,0.0,0.0,0.0,0.0,0.0,0.0,0.0,0.0,0.0,0.0,0.0,0.0,0.0,0.0,0.0,0.0,0.0,0.0,0.0,0.0,0.0,0.0,0.0,0.0,0.0,0.0,0.0,0.0,0.0,0.0,0.0,0.0,0.0,0.0,0.17903,0.0,0.0,0.0,0.0,0.0,0.0,0.0,0.0,0.0,0.0,0.0,0.0,0.0,0.0,0.0,0.0,0.0,0.0,5.58079,0.0,0.0,0.0,0.0,0.0,0.0,0.888748,0.0,0.0,0.0,0.112379,0.044678,0.072586
p5.00_sc00001_p0020,9.64961,10.4658,20.744,0.0,0.0,0.0,0.0,4.18464,4.47169,8.06575,14.3995,3.98258,9.04897,6.66173,5.3418,2.30001,0.631748,0.0,0.0,0.887718,4.10018,7.80218,0.0,0.0,0.0,17.2456,5.5071,18.6129,17.7934,8.44384,18.2465,9.81051,15.0166,16.6377,17.2393,8.73553,9.41244,8.52241,8.77399,11.6958,0.0,13.2806,0.0,0.0,17.7505,14.8173,14.54,10.2585,15.1296,14.2195,11.9055,14.9917,15.5664,14.7155,11.5098,12.0611,15.9207,13.687,10.8304,13.4526,15.2631,10.3431,4.56027,4.50043,2.55094,4.48932,4.72603,5.44803,0.0,0.0,6.16787,5.38347,14.4037,12.061,0.0,0.0,6.03113,3.74505,1.30382,0.987503,3.48123,8.7135,7.32391,2.70035,0.0,7.08783,2.24119,3.28744,2.24495,4.8507,9.40463,1.78763,12.6398,17.2077,16.1231,12.1512,11.7347,12.1643,10.391,12.2278,17.1151,22.46,10.1809,13.1236,4.49039,14.8887,6.05103,18.5315,8.42753,3.61886,3.64177,5.83807,3.85193,2.77525,2.79856,3.91249,3.46682,14.2322,6.48394,14.0522,6.06081,13.29,10.9522,11.1119,8.942,16.7459,1.62833,3.58157,0.0,5.00535,5.99907,12.6159,10.5542,12.5186,11.0534,5.61294,11.4759,12.7558,11.898,17.2193,11.8362,9.1225,14.7293,14.0945,15.4618,15.6298,9.43917,9.1877,9.83111,9.37463,13.6903,15.132,11.8679,12.1617,9.63566,12.1942,11.994,15.0139,17.0095,14.0399,15.7615,14.3956,14.9136,9.47147,24.3197,18.4315,52.6274,19.6698,18.6602,17.9214,20.7701,40.9208,22.4562,54.0848,20.7338,44.0443,46.8689,16.7293,46.1149,57.4199,32.136,17.1806,38.0687,3.90167,3.96566,2.95225,5.42941,6.26825,2.52256,18.8064,20.5548,31.6672,19.4955,17.1419,40.8371,12.9477,37.9388,22.1783,3.69097,6.4084,4.72039,4.67885,4.71458,3.10587,7.07685,5.72551,4.71809,29.7821,39.8657,32.8579,35.5492,17.2119,46.115,13.3164,11.1668,11.7452,44.0443,16.7295,17.1805,46.8689,17.9215,15.7071,40.4898,35.6532,14.3738,17.4893,15.9726,23.6523,25.0106,23.1125,26.2303,15.316,25.3621,21.3395,18.5898,19.0793,15.9263,7.47945,6.87951,7.51829,10.057,8.65954,9.80982,10.4644,9.9133,8.92937,11.5538,5.9566,6.91036,7.63348,11.1612,7.51466,3.65156,4.40011,5.4526,3.15599,6.56083,4.82032,3.70121,4.34891,5.78669,8.22838,9.73446,3.52223,4.18813,6.30609,7.06864,6.23942,9.24603,7.88355,19.712,12.0547,10.2277,9.2706,9.71689,12.1481,16.022,11.0654,12.0501,7.85193,0.0,0.0,0.0,6.05382,0.0,77.2682,0.0,0.0,0.0,0.0,20.8042,0.0,11.3444,9.86915,10.99,18.3641,18.4385,6.36389,6.75561,9.40339,8.19224,6.35314,14.6138,8.90694,21.8773,17.4574,5.79359,5.09726,3.93161,10.0615,11.1835,4.28747,5.84789,15.5426,14.2591,10.474,30.1736,9.72575,3.87538,23.5855,14.4636,19.9846,33.5265,9.68426,26.4532,8.94539,12.215,18.2604,24.5519,8.32762,12.1556,5.82761,16.1451,8.59377,7.60039,13.8106,21.2136,11.352,7.32191,10.9245,14.3207,11.616,8.42237,5.80208,18.7487,6.08616,4.45404,11.611,22.4207,5.50386,9.50484,36.76,5.65133,8.97205,9.76641,7.82489,11.3021,10.1697,9.51757,0.0,0.0,8.62264,0.0,15.7029,0.0,0.0,0.0,0.0,0.0,0.0,0.0,0.0,0.0,4.79742,15.7329,17.6471,10.7966,13.9256,20.2414,10.8463,16.3527,8.75158,11.1711,17.0002,18.7512,17.9977,9.09222,11.7638
p5.00_sc00001_p0021,17.358,17.6481,27.1405,0.0,71.2538,87.632,83.4968,24.7573,36.917,50.5345,68.2701,31.5452,46.0214,34.0139,35.8834,42.3245,11.0292,6.21409,16.9822,11.6234,27.8373,58.0161,19.3829,22.0382,34.7948,70.9572,48.4148,54.4536,54.1122,51.9561,64.6371,65.177,65.4172,55.4286,56.1692,49.3714,52.5394,47.2152,52.5208,44.9667,0.0,54.1379,0.0,0.0,64.3494,55.657,54.412,63.9884,54.8455,55.1889,51.5365,48.6309,51.0624,50.3809,48.2545,56.2539,50.7014,53.8373,61.993,50.6484,50.5066,65.4378,69.3694,91.7559,73.6582,75.4157,77.317,92.5745,130.061,21.7512,70.7112,81.8869,83.9034,128.846,117.275,71.6921,70.8218,64.3078,100.801,75.762,93.6434,63.4541,92.2262,65.0303,114.291,58.2431,70.8523,82.1893,89.7629,78.2978,106.994,91.1234,69.5864,61.426,117.864,70.0271,62.372,68.3608,75.384,68.5496,118.997,154.998,72.3259,100.107,51.2995,61.1323,37.2842,45.1465,40.7647,45.3564,37.9355,38.4259,41.7933,44.2533,45.3683,53.7544,42.987,44.7283,48.4139,59.0389,57.46,53.2754,57.9012,59.3739,43.2214,55.3841,37.5,34.3054,56.1721,50.4079,30.7042,51.1847,61.7145,47.9174,45.6195,44.7065,53.6192,58.7347,71.655,42.8786,77.2213,73.18,91.0692,66.0727,78.2193,78.0177,77.7319,77.6663,71.0691,73.4207,65.8514,90.6869,79.1135,77.0468,71.2199,79.3341,123.438,75.9107,66.7925,94.9839,106.457,64.7933,98.7466,91.6257,78.63,79.288,71.4443,80.8049,84.0572,86.3744,77.1077,90.1007,80.4853,69.2286,75.5252,81.2207,84.6535,87.9066,83.1948,69.9683,83.3965,79.4202,74.3057,45.4009,41.0679,37.3875,45.4769,48.0115,38.0653,53.1419,52.2127,55.3495,76.3502,71.5204,51.7524,49.0524,55.58,63.6444,45.7117,47.4609,46.7237,39.9793,48.1254,41.877,44.138,42.3673,46.3883,73.1048,76.62,76.3739,83.438,69.7535,83.1948,63.9206,68.1279,70.5452,81.2205,87.9073,79.4199,84.6535,86.3745,67.4886,83.1637,73.942,65.6235,58.5856,58.6771,58.241,60.1436,61.3457,60.269,60.3876,50.8548,56.8149,55.5432,49.6925,57.3295,75.161,73.196,75.9135,73.9816,71.4149,64.8364,66.2991,85.6258,85.6819,81.6868,72.1265,67.0107,74.0927,63.9158,68.7492,34.964,34.322,46.9443,33.7542,27.7125,32.574,35.075,35.0342,38.9835,65.9183,51.2118,44.0004,51.5618,45.0977,116.797,47.0725,146.897,115.611,91.1984,89.3477,60.1484,49.095,58.6406,55.8993,107.626,47.4797,100.084,83.7675,92.5443,78.3795,21.1613,19.1232,76.4413,54.5833,131.198,29.3965,54.657,178.694,23.1006,64.7069,37.0124,41.091,29.4158,49.2918,137.833,70.0739,54.3451,64.8997,59.2866,59.8994,116.934,89.0173,94.945,94.921,61.811,68.1727,48.2524,51.7957,72.9149,39.0354,69.3384,99.8701,76.0642,97.5237,132.112,39.6458,53.159,33.5508,52.3493,110.846,92.2169,59.8787,102.129,50.9986,56.661,109.67,112.171,75.5193,107.316,66.7665,80.1376,42.4768,47.1204,60.4798,99.3087,83.101,66.2807,94.4777,69.4478,82.0835,55.9251,58.9003,63.2318,36.8487,49.2745,90.0916,89.9317,66.6463,52.201,59.4223,35.103,35.1477,44.0679,41.8656,63.7507,65.8699,49.9928,0.0,0.0,69.8734,0.0,71.3544,0.0,4324.01,0.0,0.0,0.0,0.0,0.0,0.0,0.0,31.9643,83.6733,75.6443,77.9273,87.9236,77.1828,86.046,45.3155,50.5751,65.628,48.7686,44.9882,86.2289,75.6508,72.2997
p5.00_sc00001_p0022,36.368,47.0925,40.0406,0.0,0.0,0.0,0.0,11.7968,10.2074,89.4688,185.229,12.6071,38.7999,89.0376,76.097,53.7952,18.881,67.0194,65.4124,2.65311,122.542,217.637,597.274,271.639,1115.07,3.78232,8.50132,27.2278,28.44,17.4712,23.7638,6.52021,17.1927,36.9913,38.4628,27.5781,12.7604,13.1123,13.8014,3.22282,0.0,32.6989,0.0,0.0,23.1669,58.4754,377.734,12.7618,366.986,57.0906,1.49818,0.753032,3.02589,0.751797,0.73977,29.9411,0.749322,2.27256,32.8993,2.92404,3.83334,29.4856,22.924,449.106,23.7537,5.00437,3.63212,13.6434,0.0,223.157,328.19,233.23,0.0,0.0,0.0,0.0,0.0,0.0,0.0,0.0,0.0,3.63933,2.89359,219.495,0.0,189.214,348.502,0.0,679.068,486.799,2.80331,436.035,4.19912,1.21904,4.97615,6.11977,0.0,7.2961,7.29202,0.0,0.719156,6.1174,4.92001,3.71937,466.075,87.6613,228.694,85.4755,132.162,734.502,1281.1,461.474,2439.35,158.562,403.093,82.8652,615.076,54.0219,686.911,107.673,21.4144,65.6554,91.8612,43.4693,171.177,43.3126,803.032,271.541,903.397,862.096,19.6953,81.8637,124.334,74.8332,52.8805,175.998,46.1659,107.867,126.437,19.477,9.09165,3.82977,16.0955,9.46608,14.2063,14.3242,4.76056,5.4392,29.9911,4.19811,9.49693,15.8768,18.9293,10.5738,31.166,18.36,3.98291,12.8874,14.0531,11.7958,31.5106,79.3242,33.3302,7.92129,6.23454,3.88473,10.4406,1.78545,3.73156,214.882,5.4818,32.9606,1.4529,4.63906,3.32922,141.666,145.719,182.395,117.439,6.16761,16.0699,183.968,16.5659,17.5092,276.565,60.1046,27.0339,11.5086,54.1895,44.8886,33.9054,17.8156,68.7108,77.0922,9.85592,31.109,19.4454,62.0532,17.9994,15.859,19.5468,9.083,2797.71,471.7,28.1145,25.5093,38.3279,24.7268,23.896,18.2625,926.539,355.807,117.44,1967.37,2224.74,2070.63,141.667,182.392,183.969,145.719,214.881,334.282,791.613,969.968,372.346,18.8022,14.4351,8.67552,30.0246,9.59029,9.50788,55.7417,8.91758,12.7201,16.6534,48.6732,52.2263,9.50301,81.1522,70.0815,13.4871,72.5091,8.12667,45.4321,115.456,117.872,112.901,120.028,88.4831,102.374,51.0354,71.0661,2006.1,264.018,593.795,216.033,460.225,769.507,355.192,964.144,344.922,6568.79,238.349,3927.44,1108.27,1607.57,521.636,889.933,36.9719,45.8405,671.637,945.767,5235.87,11891.5,3873.29,327.397,255.975,3021.46,3726.72,21173.1,0.0,20.6416,0.0,20.0133,0.0,0.0,143.653,0.0,0.0,0.0,0.0,0.0,45.3117,66.6419,46.444,7.65832,0.0,2.23761,2.37534,0.0,0.941694,0.0,18.9263,0.0,4.43285,0.0,0.844645,0.801796,7.231,2.31313,0.0,0.826704,5.32824,20.3228,0.0,21.4653,0.0,1.68506,3.30923,4.69932,2.10865,7.46595,14.0907,54.2686,13.8164,0.652073,0.793626,0.0,9.65501,8.71102,3.72608,2.17712,0.0,1.00225,1.78158,2.50155,5.07206,0.0,0.0,5.44164,70.713,0.0,143.286,1.15604,5.094,13.2288,0.0,0.0,0.0,2.99078,0.710175,5.10996,2.15618,5.50866,10.1338,4.46962,30.9129,36.2771,81.8168,0.0,0.0,3.3841,0.0,2.56248,0.0,0.0,0.0,0.0,0.0,0.0,0.0,0.0,0.0,19.1882,7.64443,4.8001,0.0,6.29487,15.886,17.1376,3.49093,6.53893,1.90782,0.0,158.134,43.966,16.7712,26.1685
p5.00_sc00001_p0023,43.5711,88.9584,45.2405,0.0,0.0,0.0,0.0,0.0,0.829728,3.80378,2.74279,0.210499,2.70823,2.18811,4.03612,0.714454,20.2558,41.0854,98.2456,5.6926,52.5858,33.355,448.535,339.988,552.122,0.0,0.401514,4.4724,5.57276,0.158863,2.9473,0.474409,1.33782,1.83161,1.07778,4.71347,1.08894,0.312316,1.40271,0.0,0.0,1.68853,0.0,0.0,3.2354,3.21317,55.8904,2.01244,49.8501,4.12391,5.62544,16.9652,3.24622,2.41962,8.73001,1269.34,5.62719,23.5677,1358.28,11.7636,12.3374,1707.14,0.0,0.0,0.0,0.0,0.0,0.0,0.0,0.0,8.76236,14.4071,0.0,0.0,0.0,0.0,0.0,0.0,0.0,0.0,0.0,0.0,0.0,8.47495,14.1161,0.0,0.0,0.0,12.8282,0.0,0.0,4.74879,0.0,0.0,0.0,0.0,0.0,0.71875,0.0,0.0,0.0,0.0,0.0,0.0,0.0,226.273,0.0,357.761,0.0,0.0,5.58223,3.87421,4.61668,0.69479,1.80929,0.0,2.17214,447.332,0.0,900.135,20.0171,711.992,1446.04,6.04545,1356.25,113.482,2.30759,0.0,0.0,0.0,0.0,691.803,39.824,491.103,165.106,0.852442,483.18,1026.26,404.824,37.9549,4.43348,0.391298,1.03605,4.40065,1.5412,1.19523,0.0,0.188234,1.95989,0.78327,4.75461,1.03229,12.4212,3.54493,2.13069,13.0,299.105,0.0,0.0,0.0,0.0,9.57216,0.0,0.0,0.0,0.376614,1.08216,0.382039,1.45284,3.52958,1.09811,2.18079,1.55027,0.70824,0.0,85.3499,92.5573,1.62046,75.6272,0.694342,5.34876,4.50279,1.44742,0.0,71.5872,14.5144,0.0,0.0,28.9819,702.686,1078.05,57.5771,16.009,0.0,37.9067,1032.03,61.4494,1.29368,0.252337,0.296885,0.0,0.560832,43.8624,4.79315,0.0,0.0,0.0,0.0,0.40593,0.405968,117.373,175.065,75.627,193.985,247.858,207.174,85.3503,1.62042,4.50283,92.5572,3.52957,147.461,97.6591,100.365,141.637,0.403425,0.0,0.0,0.0,0.0,0.413788,0.79206,0.341676,1.13719,0.0,0.0,0.0,10.404,4.96349,3.53539,9.99327,3.93969,5.96131,9.20281,3.15648,3.62454,3.33554,5.49117,2.75379,0.523451,5.32553,5.5781,1087.06,111.789,388.439,62.359,176.873,201.596,71.4831,290.022,147.622,1737.61,103.487,828.366,322.048,174.502,431.714,423.484,17.861,122.155,7.72444,2.61765,46.5467,96.1155,24.0802,3.11994,4.71063,51.8967,23.1865,1243.98,0.0,0.0,0.0,0.0,0.0,0.0,0.0,0.0,0.0,0.0,0.0,0.0,10.4889,120.471,90.3627,2.73866,0.0,0.0,0.0,2.62176,0.0,0.0,0.0,0.0,0.0,0.0,0.0,0.0,0.969691,0.0,0.0,0.0,0.937508,0.0,0.0,0.0,0.0,0.0,0.0,0.0,0.0,0.0,0.0,0.0,0.0,0.0,0.0,0.0,0.0,0.0,0.0,0.0,0.0,0.0,0.0,0.0,0.0,0.0,0.0,0.0,0.0,0.0,0.0,0.0,0.0,1.18267,0.0,0.0,0.0,1.06952,0.0,0.0,1.54212,3.08707,0.0,2.47749,20.1031,25.1183,69.8761,0.0,0.0,0.0,0.0,0.451739,0.0,0.0,0.0,0.0,0.0,0.0,0.0,0.0,0.0,1.39894,8.03954,0.0,14.9775,0.94775,1.85629,31.593,43.069,0.0,0.0,3.07087,0.0,0.098559,0.235101,0.190979
p5.00_sc00001_p0024,13.3275,14.3723,13.7427,0.0,0.0,0.0,0.0,0.0,0.0,0.134971,0.0,0.0,0.0,0.0,0.0,0.138397,0.0,0.0,0.0,0.0,5.33279,0.0,0.0,0.0,0.0,0.036,0.0,0.009449,0.018838,0.082912,0.009963,0.041079,0.021463,0.041277,0.041638,0.042065,0.0,0.026586,0.0,0.011368,0.0,0.010481,0.0,0.0,0.009943,0.041378,0.036073,0.026668,0.036239,0.051631,0.32599,0.71003,0.493804,0.163584,0.214623,0.615176,0.271743,0.439545,0.615793,0.212081,0.8341,0.551896,0.0,0.0,0.0,0.0,0.296154,0.603244,0.0,0.0,0.0,0.0,0.0,0.0,0.0,0.0,2.43868,1.5182,0.190429,0.329075,0.0,0.321496,0.0,0.0,0.469261,0.0,0.703575,0.0,0.0,0.0,0.0,0.988789,0.0,0.0,0.0,0.0,0.0,0.041959,0.047963,0.0,0.050281,0.057382,0.0,0.049472,0.0,0.033309,0.0,0.0,0.0,0.0,0.0,0.0,0.0,0.046187,0.01914,0.0,0.029474,0.029058,0.0,0.130591,0.0,0.299894,0.044243,0.176922,0.031367,0.078869,0.0,0.0,0.0,0.0,0.0,0.068934,0.027153,0.030027,0.026999,0.018507,0.106773,0.053711,0.083613,0.176423,0.095916,0.105819,0.081719,0.125873,0.173661,0.161612,0.089518,0.06363,0.132503,0.119149,0.114803,0.081423,0.066648,0.083882,0.110808,0.093216,0.288882,1.64947,0.32479,0.219696,0.540295,0.643087,0.665065,0.038457,0.108685,0.747494,1.41413,2.91439,2.30859,0.807585,3.03496,1.5328,0.508672,1.63892,0.872372,3.04659,2.69228,1.06642,3.14163,1.02585,1.90146,1.26321,1.86396,0.0,0.033311,0.033902,0.0,0.0,0.08128,0.495076,0.311329,0.214438,1.33196,0.389494,0.22182,0.346511,0.175682,0.327008,0.0,0.0,0.0,0.0,0.0,0.037764,0.0,0.065947,0.0,4.41189,3.42553,3.37243,0.875407,0.032094,3.14163,0.341558,0.268765,0.253256,3.04658,1.06643,1.2632,2.69228,0.807587,0.0,0.540426,1.50761,0.03023,0.0,0.018368,0.093221,0.181475,0.0,0.027975,0.053549,0.0462,0.0,0.083302,0.051537,0.0,0.085897,0.099748,0.143816,0.091295,0.171586,0.106348,0.215271,0.0,0.0,0.0,0.155261,0.0,0.025071,0.372956,0.066193,0.0,0.182561,0.191012,0.076958,0.055984,0.0,0.072665,0.061904,0.033376,0.196574,0.059579,0.105949,0.323728,0.0,0.257891,0.052089,0.196115,0.05192,0.0,0.058315,0.082971,0.082937,0.055522,0.087693,0.227618,0.113111,0.08507,0.170806,0.0,0.0,0.0,0.0,0.0,0.0,0.0,0.0,0.0,0.0,0.0,0.0,0.00697,0.108766,0.059561,0.0,0.0,0.0,0.0,0.059083,0.0,0.0,0.0,0.0,0.0,0.0,0.0,0.0,0.0,0.0,0.0,0.059961,0.0,0.0,0.0,0.0,0.0,0.0,0.0,0.0,0.0,0.0,0.454223,0.0,0.0,0.0,0.057562,0.0,0.0,0.0,0.0,0.0,0.0,0.0,0.0,0.0,0.0,0.0,0.0,0.0,0.0,0.239811,0.561761,0.0,0.0,0.159915,0.060344,0.0,0.0,0.0,0.0,0.0,0.0,0.180369,0.0,0.084983,0.0,0.115044,0.062907,0.0,0.0,0.0,0.0,0.037833,0.0,0.0,0.0,0.0,0.0,0.0,0.0,0.0,0.0,0.0,0.0,0.930958,0.0,0.671672,0.513784,0.0,0.253199,0.15809,0.0,0.830455,0.285243,0.11994,0.08742,0.142028
p5.00_sc00001_p0025,8.6652,7.52007,6.45209,199.99,68.877,84.7089,53.8077,36.0258,38.7718,86.3747,84.7531,55.8223,65.4959,32.8903,36.6688,32.3901,14.215,17.2696,15.3898,22.6795,86.4923,56.0809,65.5772,67.4598,63.9049,83.0692,67.3915,55.1608,54.9348,80.6255,60.8652,79.438,76.213,51.5601,52.2021,50.8607,51.5487,72.9346,51.5891,58.546,0.0,82.2496,0.0,0.0,60.8268,66.3277,57.2384,88.4074,57.5222,66.2328,179.119,202.149,168.426,159.603,163.431,81.8987,166.364,199.076,82.064,173.535,203.525,81.4554,175.107,173.958,202.541,263.034,149.114,165.453,183.018,182.22,176.61,173.084,272.121,219.932,244.065,226.176,193.76,196.966,295.688,287.293,282.674,168.027,266.477,179.993,207.005,171.717,179.383,248.849,176.823,161.893,250.471,179.385,52.9399,67.6124,76.3734,63.862,71.2817,62.6612,50.6467,75.2358,73.9024,80.8324,56.398,74.5019,36.1932,107.584,59.7813,74.7807,52.2307,41.9334,52.5103,39.5922,44.3643,46.5,31.4075,40.6014,52.52,103.852,58.1558,131.447,72.9188,131.173,138.335,130.991,108.443,98.109,46.5516,47.2696,38.7346,36.3816,39.8108,123.426,126.031,138.989,113.165,48.2774,121.648,127.178,115.588,101.563,107.029,96.5974,80.6092,95.6298,104.34,104.286,111.008,110.852,85.9029,96.8236,95.8919,80.2163,105.156,106.986,86.1092,105.154,51.8513,326.495,310.339,198.949,292.78,252.397,305.677,40.0332,60.7574,73.3626,78.8059,70.3233,70.839,146.456,73.5869,89.1731,80.0303,79.7204,76.4498,111.168,121.218,145.384,103.762,75.4087,94.6934,158.034,87.0026,35.4404,38.4744,40.5623,38.8439,44.8767,46.4378,119.612,109.641,118.195,130.238,131.472,126.152,102.474,128.176,140.532,54.4899,52.5527,47.6847,49.3074,51.0744,47.7884,56.1942,62.0031,54.2602,178.459,189.224,209.073,66.7964,97.8923,103.762,189.393,187.26,186.808,111.168,145.385,158.033,121.218,146.457,100.457,83.8294,73.9349,88.7745,64.3198,62.3827,67.3317,68.0154,57.1402,71.0688,43.3387,75.6304,67.8067,66.5401,40.5957,38.4955,85.4174,67.0139,63.2294,86.6417,75.8051,86.9236,79.4696,79.1474,77.8572,79.4382,59.9262,68.1127,60.0699,81.6387,63.662,68.7411,56.4132,75.6764,47.5394,69.6098,56.5824,61.3379,51.441,96.4764,98.4722,106.551,65.7027,61.7205,89.5614,84.0781,97.8808,112.495,100.043,27.8103,35.5652,52.0803,29.0476,46.7908,52.2123,37.124,42.8312,39.6821,26.3249,108.38,1.82071,113.41,74.4386,16.3461,15.2106,50.1816,56.9834,100.171,0.0,56.0497,0.0,103.994,150.938,134.711,70.6705,39.4225,71.2462,60.17,72.3814,76.6581,53.3302,49.2096,52.2823,70.224,63.4844,44.58,47.7891,58.9061,46.984,65.2401,62.1108,44.1354,52.14,64.7538,47.1353,57.5885,59.9298,51.0614,63.9419,57.3833,51.9643,69.4955,56.7464,41.6562,74.1507,72.3847,38.1907,61.0294,65.2903,53.4754,69.8322,60.1017,68.9496,55.6084,52.5769,79.8199,78.0484,62.7622,48.6504,59.5425,61.7131,30.978,62.1033,67.3147,67.5215,50.5018,75.6375,61.2798,50.9756,56.5305,67.1917,50.6163,20.6614,21.2915,26.301,34.3534,29.57,16.3912,0.0,0.0,192.682,0.0,238.519,0.0,0.0,0.0,0.0,0.0,0.0,0.0,0.0,0.0,35.4813,158.291,165.988,132.109,195.916,189.773,188.673,146.585,80.2846,240.14,73.5189,98.2325,95.3126,171.53,73.1409
p5.00_sc00001_p0026,24.5838,26.0735,27.256,0.0,0.0,0.0,0.0,0.706822,0.166029,2.91513,3.23429,0.500425,0.714432,0.389011,0.677542,0.322098,0.0,1.68867,0.0,0.0,4.3227,2.74187,0.0,0.0,0.0,0.93511,0.715829,0.758264,0.755858,1.86086,1.09024,0.971078,0.910931,1.53073,1.54411,1.49258,0.767262,1.46962,0.743087,1.04736,0.0,0.841952,0.0,0.0,1.01548,2.38976,1.05264,1.32475,1.18969,2.41064,5.54912,4.51579,7.33832,5.96698,5.61057,0.934977,5.55084,4.40909,0.935914,4.89945,5.13845,1.34208,30.3893,7.89353,22.8304,18.0787,20.6188,25.7944,7.3832,0.0,19.4847,17.9394,6.06336,0.0,14.5787,23.302,10.9562,14.5604,17.3937,18.1769,19.8977,10.6961,19.3769,13.6358,7.25299,10.4488,4.04528,13.8373,7.09248,7.65641,14.305,7.52397,2.00678,2.4103,1.08547,1.12731,2.85814,3.52098,2.00442,2.43462,0.245587,1.5519,3.1366,0.60735,0.262962,1.61804,0.700338,2.68381,3.32756,3.39774,1.06293,0.0,0.773984,1.23809,0.89034,0.0,1.36164,1.98205,2.39339,2.85147,0.924346,1.80128,2.07215,3.688,2.58408,2.38466,0.664401,0.943885,0.642292,1.62404,0.218007,1.16289,3.5532,3.98576,2.9635,0.271129,2.29072,2.77315,4.11716,0.720906,6.09351,4.14939,2.29949,7.15143,8.55868,8.56186,7.65016,7.61289,4.83325,4.15296,7.09099,2.26286,6.90429,5.88634,5.06582,6.96231,5.61994,22.0598,14.0536,35.1668,23.2034,16.6474,18.8174,1.28004,3.01569,0.600514,2.22867,3.36915,2.86211,19.48,1.9609,1.73249,1.63608,1.52466,0.816775,7.75844,7.92611,17.9827,9.23995,1.30139,0.713715,20.8008,2.25967,0.955579,2.65136,1.06413,0.582012,0.680259,1.1816,5.11299,3.54872,0.924693,10.5856,8.61585,1.29383,5.35923,1.13532,11.7109,0.54632,0.326848,0.436121,0.497757,0.422742,0.352765,0.330425,0.385649,0.434063,32.5,33.3532,29.189,19.0079,10.075,9.23996,49.7902,47.855,52.0804,7.75842,17.9829,20.8007,7.92611,19.48,7.79844,23.4474,25.4953,9.12233,24.7393,10.2287,18.872,26.8644,19.338,16.7351,11.329,6.06672,12.651,17.1678,20.9921,14.2837,7.088,4.6034,5.92585,6.49678,12.9295,7.19268,11.1818,1.9853,1.36841,1.12411,5.85229,3.4198,3.40535,11.7986,3.58437,1.04315,0.542874,1.865,1.54672,1.37048,0.887517,0.443577,0.655246,2.03401,1.09293,0.364093,1.29606,1.23745,1.66273,2.17826,1.23133,1.51886,1.39648,0.631393,2.55631,8.0336,8.23069,5.65826,7.38181,2.76216,10.2914,1.50127,0.513687,4.28731,8.1015,0.0,1.58952,0.0,0.0,9.89923,3.9716,0.0,0.0,9.37069,102.983,3.7014,1.53308,0.98677,9.9055,0.474125,1.18399,5.86537,11.9252,6.64371,10.1248,1.54069,2.04137,1.95463,0.0,2.83054,4.52538,13.0726,1.22395,1.31005,8.8945,8.78549,0.0,3.28845,1.57749,0.0,8.76754,2.18877,11.1895,10.0418,1.64603,8.00807,3.19057,1.35383,10.0059,6.99886,0.0,1.02175,5.26773,1.64298,6.52787,0.500626,13.2418,30.3232,0.441215,0.596396,2.56458,3.67584,0.47989,2.62571,4.08215,0.683035,2.65068,4.94155,9.52746,3.08159,2.95475,3.20508,4.74754,9.89541,11.4162,14.8317,3.60025,4.30477,3.99493,2.86712,7.29395,3.56665,0.0,0.0,51.0731,0.0,38.8764,0.0,0.0,0.0,0.0,0.0,0.0,0.0,0.0,0.0,0.42055,0.870197,6.00012,0.0,6.33153,3.61226,2.85068,18.7794,13.8398,24.9007,4.03894,39.8845,17.3703,42.1691,1.6013
p5.00_sc00001_p0027,54.2587,122.188,73.6762,0.0,0.0,0.0,0.0,24.4127,9.33239,26.6925,17.7198,17.7706,14.3696,23.2592,21.265,8.72573,1.51734,0.0,0.0,0.0,0.0,0.0,0.0,0.0,0.0,9.2929,5.96252,20.939,18.994,7.77471,19.3734,8.97655,16.7644,17.7222,20.0108,15.9804,13.7506,21.9215,12.4923,15.3832,0.0,7.38533,0.0,0.0,17.9017,21.7772,14.5385,15.264,16.1114,19.9653,12.6462,11.8007,11.8546,9.96883,8.62034,30.2397,12.6476,10.9575,18.3379,9.69484,9.85945,25.2265,34.739,6.88416,14.8256,8.98917,0.0,59.0581,0.0,0.0,3.5935,6.16741,6.61423,0.0,2.99979,8.40754,28.5037,13.4119,1.01721,6.15275,3.46617,0.0,15.4472,22.1193,0.0,5.5016,5.20797,16.939,8.3867,2.77636,9.74591,10.2206,3.62575,26.366,4.44469,17.1079,9.88346,5.85135,8.25316,15.33,1.12928,1.64633,8.58724,3.95704,4.77189,58.2612,7.30902,11.6414,13.7752,15.1845,13.6294,6.03084,9.39134,12.6218,11.5924,9.42645,8.65046,29.2996,5.49887,47.7405,16.7218,18.4698,38.4859,30.8424,42.4305,19.332,10.921,3.21581,8.68544,10.2261,5.90263,53.6365,43.438,25.8236,24.906,10.594,18.3488,30.263,25.9928,6.68274,14.4135,10.9919,6.40279,15.4047,21.3583,21.3601,21.821,22.0672,13.2132,11.0014,14.6282,6.44401,16.32,15.6009,13.0756,16.3778,49.6126,17.5964,20.2434,28.7777,30.5609,28.9989,22.8987,6.35658,7.11853,6.26303,24.2042,15.0879,11.463,18.4091,9.39248,16.4896,7.47954,25.5442,6.59071,43.8819,45.533,18.5173,48.5695,24.3118,16.7155,14.9996,19.3542,12.8842,3.77681,7.71335,8.36308,11.9604,6.00907,17.7787,23.561,6.06983,10.1619,13.0319,4.93038,24.0732,4.87995,11.3581,22.4941,20.7262,41.6804,19.8088,20.5462,15.3541,23.4115,19.99,23.113,83.6719,101.827,105.266,35.1626,30.784,48.5698,5.25744,5.07485,6.38611,43.8819,18.5173,14.9996,45.533,18.4091,32.4344,31.6685,33.0082,28.3688,73.5862,66.0418,94.2506,87.2159,88.5275,77.9561,69.419,77.6796,70.4205,67.0317,71.3787,67.8708,9.04605,24.5927,23.0581,9.65517,11.3543,8.74734,9.29321,3.83868,4.45846,3.64409,26.1414,7.56026,7.45075,8.60015,8.31582,11.1054,12.6056,16.5985,16.8293,17.7399,15.7099,14.4785,15.1897,16.3971,9.80961,9.56338,16.9545,12.7751,10.1358,6.77682,11.4567,9.03576,14.3423,35.1482,18.8205,35.0303,23.8438,52.8364,25.8098,11.2766,25.5045,16.2645,21.5021,0.0,0.0,0.0,6.61707,12.4064,0.0,0.0,0.0,0.0,0.0,33.0254,0.0,10.637,15.0878,16.0831,45.1331,6.48086,10.7893,17.1802,5.8918,17.7843,5.32294,16.9648,20.4627,9.7966,8.89412,6.10909,3.86612,9.07983,15.8008,7.46131,5.31496,5.96937,12.8324,10.7024,17.2503,13.459,8.12503,10.6377,33.9889,12.7094,1.49998,11.3238,13.8105,23.4404,4.97828,8.92902,6.74742,18.6219,28.002,8.98323,12.2473,13.6862,5.95394,7.51628,11.0568,16.3044,24.6686,15.911,17.4924,5.98185,27.8996,3.11216,6.03873,11.2577,11.9601,6.01751,18.2711,7.30176,5.20759,5.99259,18.4795,17.0386,10.7046,16.8451,12.323,23.2565,15.3982,12.7317,0.0,0.0,41.6177,0.0,46.2573,0.0,0.0,0.0,0.0,0.0,0.0,0.0,0.0,0.0,11.8065,1.83675,23.0403,0.0,25.7659,18.6472,8.09249,2.80552,47.2943,38.3372,0.57509,35.5639,7.38298,29.8069,0.214591
p5.00_sc00001_p0028,84.8675,90.4392,186.548,0.0,0.0,0.0,0.0,0.0,0.0,2.02381,1.77759,0.0,0.0,0.0,0.0,0.0,0.0,0.0,0.0,0.0,0.0,0.0,0.0,0.0,0.0,0.496677,0.965924,1.66636,1.75336,0.573328,1.95223,1.53887,0.088138,0.303305,0.203971,0.702758,4.84296,1.94083,4.02622,0.6603,0.0,4.52401,0.0,0.0,1.656,3.24318,1.41368,0.111393,1.4202,3.54096,0.0,0.0,0.0,0.534235,0.0,0.0,0.0,0.0,0.0,0.0,0.0,0.0,0.0,0.0,0.0,0.0,0.0,0.0,0.0,0.0,0.0,0.0,0.0,0.0,0.0,0.0,0.0,0.0,0.0,0.0,0.0,0.0,0.0,0.0,0.0,0.0,0.0,0.0,0.0,0.0,0.0,0.0,0.0,0.0,0.0,0.0,0.0,0.0,0.0,0.0,0.0,0.0,0.0,0.0,0.0,0.0,0.0,0.0,0.0,0.0,0.0,0.0,0.0,0.0,0.0,0.0,0.576776,0.0,0.0,0.0,0.0,0.0,0.0,0.0,0.0,0.0,0.0,0.0,0.0,0.0,0.0,0.0,0.0,0.0,0.0,0.0,0.0,0.0,0.0,0.0,0.234932,0.259188,0.0,0.112112,0.0,0.0,0.125293,0.124682,0.0,0.259411,0.112477,0.113962,0.130596,0.234809,0.0,0.130469,0.0,0.0,0.0,0.0,0.0,0.0,0.909843,0.0,0.311727,0.0,0.0,0.0,0.0,0.522781,0.0,0.0,0.0,0.0,0.0,0.0,0.688422,2.16745,0.0,0.0,0.0,0.0,0.0,0.745377,0.31058,0.0,0.0,0.390575,0.0,0.0,0.0,0.0,0.0,0.0,0.0,0.0,0.0,0.0,0.0,0.0,0.0,0.0,0.0,0.0,0.0,0.0,0.0,0.257972,0.272024,0.552422,0.0,0.0,0.0,0.284433,0.26448,1.65104,0.0,2.16744,0.0,0.688423,0.522781,0.0,0.0,0.0,0.0,0.26722,1.43968,2.2833,4.88946,1.28932,3.42605,3.41019,0.226319,1.25542,2.24439,4.79683,7.98625,0.0,0.774326,0.698657,0.0,0.0,0.0,0.0,0.0,0.0,0.235825,1.35052,0.198779,0.0,0.507825,0.0,0.0,0.0,0.0,0.0,0.0,0.0,0.0,0.207801,0.0,0.0,0.0,0.0,0.0,0.0,0.0,0.0,0.0,0.0,0.0,0.287973,0.0,0.0,0.0,0.0,0.314533,0.0,0.0,0.0,0.0,0.0,0.0,0.0,0.0,0.0,0.0,0.0,0.0,0.0,0.0,0.0,0.0,0.0,0.0,0.0,0.0,0.0,0.0,0.0,0.0,0.0,0.0,0.0,0.0,0.0,0.0,0.0,0.0,0.0,0.0,0.0,0.0,0.0,0.0,0.0,0.0,0.0,0.0,0.0,0.0,0.0,0.0,0.0,0.0,0.0,0.0,0.0,0.0,0.0,0.0,0.0,0.0,0.0,0.0,0.0,0.0,0.0,0.0,0.0,0.0,0.0,0.0,0.0,0.0,0.0,0.0,0.0,0.0,0.0,0.0,0.0,0.0,0.0,0.0,0.0,0.0,0.0,0.0,0.0,0.0,0.0,0.0,0.0,0.0,0.0,0.0,0.0,0.0,0.0,0.0,0.0,0.0,0.666196,0.0,0.0,0.0,0.687427,5.44908,0.0,0.0,0.0,0.0,0.0,0.0,0.0,0.077863,0.0
p5.00_sc00001_p0029,13.6771,12.902,12.9872,0.0,0.0,0.0,0.0,45.1449,46.4471,55.6671,41.9355,37.6919,27.0452,65.2446,55.5262,51.204,11.5308,10.0496,13.7321,7.59505,18.7093,16.3174,34.1963,38.8809,32.7396,33.2433,40.3929,24.1044,24.883,44.0888,29.1906,31.1497,36.6696,30.0579,28.7867,39.4919,28.3239,70.8118,29.2785,37.03,71.0708,34.8834,0.0,0.0,30.8053,27.6409,29.7919,72.7102,28.3323,28.611,46.6851,37.3647,50.6731,48.4946,45.6548,18.8173,48.5887,40.6352,18.9363,42.6003,41.7275,20.2695,46.6804,41.6669,52.5498,51.3306,66.4375,60.0039,30.0704,25.9811,57.9307,47.269,41.6648,70.1045,16.8548,29.9791,61.2179,54.9224,28.4875,49.0606,44.4273,67.3295,53.5366,49.2003,33.1725,41.6369,46.129,54.2496,44.1801,48.805,49.0276,42.198,20.2501,52.2337,8.64404,59.2532,24.79,20.2145,21.1261,45.0673,16.0898,12.7135,17.898,14.1538,32.0568,21.6427,28.6159,16.1707,22.1603,26.1433,35.0683,20.9756,22.4911,36.78,25.3451,54.9874,40.482,54.4605,50.1558,20.95,22.3064,32.5623,41.2192,26.1567,44.2316,25.0299,26.9154,35.5247,36.9762,41.8738,19.1727,23.0352,30.0916,53.1654,26.6613,23.5172,18.3649,23.6938,34.5249,47.2676,33.8504,33.5516,18.5688,37.7121,36.5711,36.6622,25.8764,25.8676,30.3326,33.5631,37.4725,18.6545,51.611,33.9745,30.7892,52.1212,18.243,123.591,101.503,89.5599,105.346,80.4899,92.6905,17.5189,16.5525,28.2085,21.3066,23.8665,23.0331,49.2148,26.4781,21.2226,25.8307,22.7956,27.9879,32.4136,34.929,48.9324,30.8812,24.5285,20.4894,54.0988,19.9366,44.4734,79.4862,39.7224,47.5116,55.6793,40.7628,42.4135,43.5963,17.0523,47.617,56.7032,16.8954,32.6008,20.355,64.3378,44.0506,28.7123,35.4612,38.6238,29.4251,24.4535,37.2874,26.1102,27.5472,45.0508,45.0358,45.9611,37.1372,99.0523,30.8812,60.0641,58.6009,62.4832,32.4136,48.9329,54.0986,34.929,49.2149,101.486,46.409,41.9224,98.995,28.3478,21.1933,35.628,30.7992,30.1005,32.1491,11.0608,23.6745,24.9164,22.3299,16.8831,10.9765,34.541,33.2878,33.4238,33.3522,31.5416,35.8654,33.552,17.4227,17.6381,17.4662,30.9477,28.0331,27.9774,33.3013,25.9775,44.1284,36.2183,37.936,44.3389,38.7252,33.9368,53.4886,53.0986,61.3315,42.0836,34.607,45.6877,60.1909,41.1471,81.9084,58.2763,85.1661,89.8302,14.7794,21.0883,48.563,25.1069,44.1719,44.3095,16.7626,36.9986,12.6177,8.93948,104.611,81.8139,157.119,159.338,85.6247,79.7947,66.1909,164.342,289.774,120.634,92.1242,219.454,19.9534,34.2587,14.4874,9.01297,0.513021,4.69743,3.39994,4.35299,5.12188,7.97927,2.08385,1.54619,2.32648,2.11216,5.72255,7.49798,4.65715,10.3741,5.67008,10.4131,12.0077,1.38519,2.54159,3.5845,1.72104,3.77864,15.5031,10.7622,6.84128,2.8497,2.24096,3.2797,1.75787,5.66228,6.96719,2.00296,0.921311,5.10615,3.19999,4.36269,4.60442,5.46729,7.05517,6.92246,6.2919,3.39163,3.18192,4.4137,4.26168,7.25656,5.17349,10.4799,7.53433,9.46752,11.0356,3.65388,0.433502,11.1302,7.99653,4.71355,15.6369,34.9182,37.8037,33.0845,29.9694,21.2721,19.4752,0.0,0.0,91.6957,0.0,96.0391,0.0,0.0,0.0,0.0,0.0,0.0,0.0,0.0,0.0,36.1816,24.7144,26.1167,10.831,35.7583,20.782,54.841,23.3197,51.3712,38.0488,20.185,83.4996,23.2312,63.2243,22.8984
p5.00_sc00001_p0030,20.5694,20.9785,26.0929,33.566,38.5339,0.0,0.0,11.0118,9.8104,34.6182,43.4457,15.5281,21.044,13.9671,13.501,14.2045,6.46159,10.0817,8.60997,3.14297,22.5815,18.4158,0.0,0.0,5.64509,45.612,33.4523,37.2278,37.4515,36.6541,45.6352,46.0653,40.6989,36.9484,37.1202,24.5711,34.5081,26.2373,34.7263,27.7985,0.0,39.5007,0.0,0.0,46.0652,45.5618,49.245,37.3953,48.9462,45.781,69.6113,75.5284,63.9248,68.6755,75.0746,7.81482,68.3508,71.691,8.80049,73.2232,74.3731,6.51017,26.5166,15.4533,15.1289,15.1486,0.0,22.6841,19.0958,35.5386,7.00841,12.3265,11.4123,9.57821,7.33227,11.7148,11.7591,4.32733,13.3888,18.6225,20.0583,0.0,13.5491,10.2848,21.4393,10.8331,12.4065,11.726,15.2565,13.9384,13.6278,18.4245,81.4684,50.5284,164.89,29.1992,31.5173,65.3475,99.8406,33.3682,151.565,128.783,72.4507,141.458,31.8169,50.416,19.8385,76.1509,21.6944,28.3016,31.9047,23.4912,27.355,21.0219,23.0832,22.5619,24.817,86.676,38.462,65.2052,67.9368,59.1805,64.0015,50.989,71.1898,80.7791,28.1236,21.1431,36.0261,28.7539,20.5382,77.7242,67.6072,74.2033,49.8247,30.634,50.5429,52.6603,66.4729,58.2242,53.7208,49.7856,67.9219,44.1908,44.1848,43.9306,39.1285,39.3536,70.1351,50.405,43.5223,67.6755,45.2841,53.3882,69.7785,44.5149,42.9889,15.6937,12.3609,27.223,19.4678,16.2256,21.1465,105.617,113.798,24.8932,24.9202,21.6968,23.2459,37.7815,23.2435,28.739,23.6941,29.0131,23.2464,28.6035,30.5212,34.7888,26.8623,24.5879,21.8729,35.4329,24.4146,26.5295,17.2088,14.4608,27.5307,33.3637,15.4559,18.1861,15.4688,23.6967,20.1246,18.769,23.7834,5.75922,22.1334,20.9331,30.9005,22.9745,30.2998,24.5729,25.4754,21.6948,24.2418,35.0539,27.4716,37.7745,49.5133,49.8082,128.102,30.9777,26.8623,43.9871,40.306,40.4899,28.6034,34.7891,35.4328,30.5212,37.7816,29.9402,157.976,115.974,27.3585,29.7972,26.6671,39.7982,54.2991,37.1876,32.771,51.3593,64.097,70.2273,49.7362,52.8899,57.0831,27.3391,38.2821,35.7456,27.0013,16.1716,25.8355,19.2978,29.0913,31.6633,33.7351,34.2635,23.3878,21.3324,17.6641,23.9975,16.4873,12.5933,11.29,14.7493,10.6572,11.6683,15.597,14.116,11.7668,15.8519,19.7908,13.4413,13.3301,14.2425,25.0693,14.7936,34.2781,32.0414,82.6341,283.919,101.322,153.867,51.6756,77.596,240.319,88.9214,320.996,56.7661,19.5405,15.1896,2.48291,18.1334,31.3636,0.0,0.0,9.05431,14.9598,0.0,7.1022,0.0,103.976,79.9218,60.7696,43.3455,110.041,231.793,107.554,55.327,34.2106,73.3503,311.782,178.241,201.3,109.464,34.4649,46.1198,27.1259,57.5444,89.9446,43.091,72.4656,234.636,225.777,268.177,147.188,22.2906,40.0734,89.6901,61.8943,326.752,181.966,125.481,206.512,83.684,108.536,263.577,225.957,192.628,218.74,174.518,84.0613,54.8712,23.4503,55.9757,165.124,165.232,199.979,162.95,79.3601,220.647,243.653,61.6268,123.373,53.5436,35.7004,99.2278,199.423,42.647,52.1605,147.749,51.5586,28.2854,29.5174,22.4417,69.4375,74.2701,67.8494,0.0,0.0,29.7251,0.0,26.6112,0.0,0.0,0.0,0.0,0.0,0.0,0.0,0.0,0.0,20.942,55.4229,37.2171,56.5313,24.9918,33.7755,58.2474,59.0454,117.341,38.1701,23.7366,30.0237,103.813,44.753,51.0809
p5.00_sc00001_p0031,16.9556,16.492,21.1239,11.8597,6.8075,0.0,31.9087,8.71276,8.0865,12.7429,12.5325,12.0014,10.7857,8.87362,9.75602,7.58383,1.75619,7.12423,6.69266,3.82502,2.2796,13.0135,5.55545,10.5275,9.97275,18.7762,18.4871,10.2574,10.2188,20.0125,12.4572,23.503,17.5814,10.2824,10.2788,12.3773,12.3342,19.9922,12.371,15.1853,35.1366,18.2463,0.0,0.0,12.4126,12.3505,12.2357,23.5926,12.3561,12.1896,17.2447,15.1991,16.6758,16.0833,16.2732,56.3575,16.4485,16.2762,63.5706,15.6725,17.685,65.6001,18.6593,20.937,24.7093,30.4618,35.4353,21.4011,18.0592,6.40419,27.1103,28.9873,25.4271,34.6161,22.8652,26.3965,26.931,27.1106,24.3701,28.2564,23.9184,39.3974,22.0133,29.5196,27.3863,30.0409,28.8915,18.9819,27.7436,22.9981,23.6044,21.5521,20.5259,34.0455,25.9438,32.8324,25.7527,19.9164,24.23,30.7245,40.3541,24.5475,21.4696,35.538,9.17396,14.2289,10.8805,17.6805,8.44202,6.84353,12.0832,7.98038,8.59937,9.78266,7.75566,11.3996,9.65759,14.564,10.0463,12.8818,13.6182,15.1849,14.4872,18.0268,15.2613,21.1151,9.17887,10.7183,8.69084,6.93708,8.72784,15.9486,16.7811,20.0446,12.6461,7.52771,19.7358,20.3429,19.1552,13.4543,17.5741,16.0214,11.2507,14.4471,18.4771,18.4751,12.4967,12.4603,13.4877,16.0861,14.5604,11.3292,20.7863,17.6571,13.4712,20.766,12.2253,31.2171,27.6304,19.5942,25.6947,27.5136,27.7234,7.68816,10.2089,13.3438,14.6729,11.3595,11.3815,19.8225,11.1065,15.1017,14.6576,14.9266,15.4168,15.7999,17.5043,18.7975,15.5066,15.6304,14.1287,21.3188,13.7547,13.2577,11.5381,12.3692,15.2032,15.9707,13.0152,36.5165,37.7735,37.5331,38.3878,41.7771,40.3906,38.8549,41.7369,49.2938,12.0515,11.2366,9.194,11.4203,11.872,9.76253,14.2073,13.9019,11.9429,18.7513,18.5242,20.8752,25.6283,25.9806,15.5066,22.0137,18.9873,21.1221,15.7999,18.7977,21.3187,17.5043,19.8226,28.5387,30.8429,26.6092,27.7921,5.85866,5.2293,6.81416,6.18175,6.47321,5.97328,4.78986,9.27212,7.47678,6.94375,5.25426,5.44191,16.634,15.1207,14.6443,16.7123,19.2698,17.467,20.1564,15.8709,15.2748,15.4744,11.2158,18.1599,17.8094,20.1427,17.0568,11.2816,9.51958,18.9661,7.46014,8.49359,10.5822,11.5664,8.08833,13.0464,10.893,12.2662,17.5006,12.4682,11.0961,10.0275,12.2294,12.0757,10.9876,8.66052,24.2209,24.9804,18.7588,19.5914,23.0806,21.4025,18.2692,19.8163,3.92596,30.9716,30.3393,23.6289,12.854,14.7215,0.0,9.12601,35.3532,16.4142,0.0,27.585,21.5028,22.1675,18.3642,21.1891,12.347,6.12581,12.3836,12.483,7.46325,5.91234,5.54473,14.5571,10.4424,9.99863,10.4412,4.16386,4.21365,6.09526,6.45456,6.7359,4.3061,2.88552,10.6666,14.1213,14.2255,13.4207,5.44647,4.96332,8.85127,7.55111,16.3192,18.3487,8.66523,9.28135,7.55112,9.78088,13.6666,12.6624,14.4107,16.289,18.4276,10.4283,8.36138,6.66987,8.02738,10.2217,11.2704,13.4724,13.919,8.13503,13.5316,12.9673,4.30109,7.69942,5.28072,3.59843,13.3561,9.71878,3.89456,7.13403,13.7836,5.18097,6.47954,6.03436,4.95242,14.4341,13.4773,10.2764,0.0,0.0,19.9099,0.0,22.5161,0.0,0.0,0.0,334.317,0.0,0.0,0.0,0.0,0.0,11.7308,45.9237,45.949,28.6596,30.2275,35.0314,65.2647,11.8517,21.7942,15.5272,7.12206,15.0891,15.4068,18.3399,12.1204
p5.00_sc00001_p0032,0.0,0.0,0.0,0.0,0.0,0.0,0.0,17.8553,22.3531,15.7579,4.18636,22.6378,17.88,26.8638,20.663,14.5366,6.15893,0.0,3.939,4.79295,0.0,0.0,0.0,0.0,0.0,11.2201,19.3113,28.0534,7.27461,16.2535,25.0236,12.6082,8.72558,4.62639,29.2988,12.1923,42.3991,15.1925,17.7676,6.45326,0.0,19.8254,0.0,0.0,5.1281,33.6585,11.684,12.3861,36.9389,12.3071,19.6725,20.0812,12.9745,14.732,15.0522,22.6932,13.8239,12.6876,22.8433,10.9496,16.0604,24.2273,65.2599,57.9848,58.9499,46.4761,32.6652,40.3367,15.2781,0.0,55.3448,33.7593,19.5481,125.855,0.0,0.0,45.7088,62.9804,0.0,12.0567,20.4581,22.5739,7.97517,62.5052,35.2537,36.5391,26.6032,22.64,36.8181,35.8589,0.0,33.3763,0.489417,1.01763,1.39367,0.0,0.0,0.795681,0.0,0.390876,1.4446,0.0,0.365463,1.17168,6.80434,6.93792,0.0,4.49675,1.23677,0.700385,1.65507,1.85922,1.23262,0.74392,1.6112,3.56933,0.0,6.63321,0.0,6.3179,11.5897,4.31489,17.5473,5.22143,0.0,12.2154,1.59358,2.30308,3.02969,2.08549,0.0,8.44399,9.13249,10.0325,4.85635,2.45456,7.36297,5.56611,0.0,2.45256,16.5381,14.4901,17.4803,16.4747,15.619,14.1879,17.9664,17.6001,13.7232,15.2114,14.2663,15.2973,24.6579,18.9469,15.218,23.2965,10.7095,9.62604,5.1383,0.0,0.0,8.09628,0.0,9.53059,12.16,6.64243,6.82711,1.19347,2.61377,1.88323,1.8961,0.480121,6.90087,2.5206,0.0,5.05562,8.87426,7.03857,4.88248,3.42501,2.58575,4.9255,1.49877,4.9525,4.9881,5.46671,3.17735,8.4388,5.24651,4.4988,22.7259,28.9299,10.2573,8.47463,20.6375,17.4727,26.771,14.4742,10.182,12.4693,7.67709,11.4329,6.68395,18.028,15.3116,8.7503,8.1654,5.58947,5.88341,11.5791,3.50544,3.01575,4.87933,6.28011,8.23674,6.58653,5.05563,7.03808,4.92554,8.87364,1.88358,5.08363,9.49049,4.84857,1.89888,45.8436,49.9711,72.6199,60.2768,51.6555,59.7753,57.2229,52.2534,53.5475,48.9259,55.856,68.0892,6.52812,7.4994,7.37509,9.07581,4.85726,8.44427,10.8598,0.0,3.63408,6.36046,3.98299,6.53543,6.94033,8.79475,9.13205,10.5074,7.10988,3.55354,6.02196,4.46849,4.00674,15.2372,7.50955,8.47385,3.9672,4.5569,10.7358,1.00886,4.63097,3.14513,8.50054,0.0,5.47417,4.63643,2.58172,13.1958,9.30619,0.0,6.72914,6.389,15.6454,10.3209,0.348121,30.2343,0.0,42.501,0.0,0.0,66.9287,0.0,0.0,47.447,0.0,0.0,0.0,36.7199,52.1011,30.1918,0.0,0.0,0.0,0.0,0.0,0.0,0.0,0.0,0.0,0.0,0.0,0.0,0.0,0.0,0.0,0.0,0.0,0.0,0.0,0.0,0.0,0.0,0.0,0.0,0.0,0.0,0.0,0.0,0.0,0.0,0.0,0.0,0.0,0.0,0.0,0.481049,0.0,0.0,0.0,0.0,0.0,0.0,0.0,0.0,0.0,0.0,0.0,0.0,0.0,0.0,0.0,0.0,0.0,0.0,0.0,0.0,0.0,0.0,11.6808,19.6,19.2093,16.5324,16.8695,17.4414,0.0,0.0,12.8047,0.0,8.85482,0.0,0.0,0.0,0.0,0.0,0.0,0.0,0.0,0.0,15.5849,7.99858,17.4923,11.8004,8.57772,0.0,0.0,35.5186,42.7712,32.0075,19.7956,38.7687,27.0045,24.7799,14.1168
p5.00_sc00001_p0033,30.8395,33.1679,13.577,0.0,20.7633,0.0,0.0,27.4287,19.4487,39.2958,42.9056,22.9163,34.7919,28.1277,21.8264,43.6762,0.847961,4.07426,0.0,0.0,17.3823,13.2307,0.0,0.0,18.2505,32.3299,33.8898,21.4881,29.6751,28.8237,22.2897,40.2655,31.7641,35.7009,26.0574,41.6069,30.0686,27.8615,39.0679,31.5171,0.0,34.1193,0.0,0.0,30.0765,24.9688,38.4114,27.7864,29.1436,33.7035,6.9893,6.24142,7.19323,5.21661,8.43906,5.85156,9.00571,7.45431,5.6469,8.1141,6.67999,5.31604,9.6593,5.05157,15.0147,15.373,40.5842,24.4514,1.92482,19.1042,23.2298,22.8298,5.23033,0.0,11.2601,28.3376,17.7978,5.22736,29.1938,30.7475,28.2296,44.0933,20.1745,13.2016,0.0,14.1765,21.2374,14.8995,7.138,5.28267,28.4448,17.6465,29.1253,46.2257,31.7876,54.196,62.7827,29.1368,31.1792,39.3282,38.967,29.8446,29.6755,39.4781,29.1622,37.7325,39.6428,22.6582,51.3137,50.4028,32.1147,37.7322,31.5644,32.2149,33.9929,39.7733,34.9863,27.7212,42.8387,47.3033,27.2327,28.9875,38.3675,30.9239,42.7888,30.6245,45.6789,30.8083,35.8148,30.0158,40.5601,35.1303,41.8731,30.0368,26.4527,39.9343,27.2414,28.6227,28.3561,30.609,12.8663,12.1871,10.9886,11.9993,10.7327,11.1962,10.8437,10.7231,10.3356,11.8377,12.8347,11.8109,13.9308,11.9081,9.97216,14.2868,35.6324,20.9038,26.5232,24.1983,29.4093,22.8571,31.001,25.8028,20.5328,18.217,18.7319,24.1097,20.0833,20.3074,18.9261,22.7431,18.2576,20.5204,18.6449,23.1983,19.5682,18.7556,18.2531,21.9096,18.4716,16.6601,18.1699,15.6652,14.477,19.8981,20.9024,18.3773,23.917,28.3649,17.8941,29.604,24.4891,17.9042,26.5089,23.2066,24.6104,19.8731,36.6575,35.5086,35.1341,36.4243,30.7629,35.9766,35.0161,39.7266,35.1687,16.1864,22.2445,19.3389,22.3143,22.741,18.2546,13.7928,15.0568,16.7591,23.1983,18.756,16.66,19.5684,20.3073,19.5332,16.4885,15.6875,23.3242,13.3408,15.1825,19.3418,16.499,17.9091,12.8997,15.5604,14.5958,16.2222,9.69599,15.3122,17.3415,14.4394,15.2557,19.5993,13.274,16.1647,13.9474,11.677,14.1472,14.9009,12.9184,18.3014,13.5301,11.1438,13.1624,11.876,19.3119,23.3604,25.2374,26.2914,22.0558,25.7381,24.6445,21.4601,18.5788,11.8645,19.6766,23.5609,29.2137,21.1332,19.9519,15.4576,17.903,23.1758,51.6482,40.9683,32.9955,39.8898,36.9734,38.8826,38.644,31.1468,24.9083,20.9774,0.0,0.0,0.0,33.725,48.099,0.0,0.0,22.6728,56.5139,0.0,25.422,0.0,13.5039,22.6716,22.1349,48.8845,29.7421,38.4056,35.7155,58.9306,64.9188,37.5817,36.1397,43.3421,32.6972,29.155,46.0077,38.5557,39.8743,49.8733,26.3397,36.47,35.6999,41.1822,31.3585,48.4634,43.4922,49.7167,44.1245,35.3293,51.7458,38.1252,50.8568,38.4896,39.85,56.0523,82.7424,22.6285,35.8822,36.1868,25.6718,44.1613,28.1835,43.8591,32.9793,35.4841,40.5298,38.2713,44.6393,28.9458,40.1221,37.0511,35.7059,39.3558,29.2644,33.4641,35.2867,44.471,42.2089,42.4238,47.951,56.2959,34.6631,17.0282,16.5325,16.16,24.5284,20.9943,17.2385,0.0,0.0,28.2342,0.0,20.8585,0.0,0.0,0.0,0.0,0.0,0.0,0.0,0.0,0.0,14.6929,18.6884,26.3742,13.9198,26.3132,29.7325,34.7612,8.02577,8.29426,12.5241,10.1635,8.51235,16.6639,12.1681,6.70731
p5.00_sc00001_p0034,25.2573,44.0406,16.7245,0.0,0.0,0.0,0.0,587.811,303.671,246.936,188.96,477.276,301.888,610.465,618.844,562.32,33.9171,52.0488,86.5822,6.271,46.343,7.34879,42.3522,128.411,70.9591,91.3575,225.306,161.384,159.122,161.978,165.552,215.014,140.605,225.042,228.298,338.269,256.642,243.899,254.723,237.788,0.0,185.283,0.0,0.0,164.274,163.295,227.115,182.31,230.525,162.031,52.409,41.4715,61.3292,56.3301,51.0576,53.8777,52.4253,47.0902,58.4469,55.4636,39.1419,50.5837,10.5797,16.7259,11.6,4.90189,29.321,22.741,13.0847,0.0,18.8922,21.6654,0.0,33.4786,14.6731,20.5324,32.7067,34.2757,13.4055,3.77009,2.78283,34.3592,6.75925,27.7779,9.59693,9.92216,15.2293,10.3027,17.6132,21.9562,8.78039,19.9111,203.742,232.736,257.097,247.849,363.069,300.832,250.442,277.569,219.566,153.176,234.75,354.408,315.055,40.8447,436.86,23.4374,403.684,342.872,319.845,475.573,368.38,371.733,310.995,397.482,383.746,23.5499,270.056,66.1091,28.1911,37.1905,33.6622,44.65,35.5737,24.9777,406.297,524.566,467.771,340.55,462.769,38.5376,44.0051,25.7205,36.9909,321.225,39.7435,41.7206,16.6721,23.1026,28.6785,34.2258,59.3105,20.8082,25.6178,25.5809,33.2983,32.9702,50.4492,34.2553,20.5393,60.0051,34.838,28.8588,49.8323,34.9342,40.4809,11.6841,15.8249,21.4878,16.1256,13.2735,20.996,353.712,173.423,55.7775,62.5814,47.6767,45.8905,63.8094,53.4023,70.0697,52.56,67.5433,46.2842,89.9313,78.2338,63.9627,86.6403,59.0777,71.4935,58.1508,69.7752,104.009,283.022,319.116,117.776,117.706,384.237,35.2638,43.4107,35.6245,30.2729,30.1896,31.2597,37.2868,33.0003,25.2488,419.857,384.12,414.439,445.409,408.38,359.734,397.365,426.965,429.207,65.0734,72.3377,79.9438,60.1996,62.5182,86.6405,82.258,77.7352,87.7911,89.9312,63.9631,58.1506,78.2339,63.8095,58.351,62.9514,51.9781,61.5187,81.5057,87.3335,76.1751,74.5157,81.3596,80.9099,70.4137,81.6769,73.1598,72.9565,47.1939,57.1124,21.9846,34.2983,34.3936,23.7599,15.0802,26.796,15.9564,22.2554,24.8171,23.4224,29.9325,17.4782,14.9164,16.8731,19.7848,524.016,496.042,229.812,538.616,610.105,550.187,542.826,567.507,452.989,314.218,296.28,309.603,258.014,375.421,98.2759,544.885,78.0337,118.021,58.3023,43.0485,22.3695,27.4567,35.1607,38.8524,42.2564,27.9143,36.1791,47.2782,159.042,0.0,367.742,305.451,224.439,0.0,17.3153,259.865,60.1685,175.078,365.032,270.977,29.0102,16.8587,23.8129,161.103,69.2562,47.6,37.6168,22.3349,41.6229,15.0295,214.383,146.084,128.351,101.647,25.9536,14.7822,22.6462,36.6315,30.723,12.115,9.50142,123.52,151.093,103.163,78.5616,23.8972,23.8565,17.772,36.3838,102.351,59.2093,228.323,134.256,32.0583,45.3954,73.4278,134.643,167.953,107.887,137.396,136.862,18.9128,17.0546,48.4846,135.87,163.057,158.125,117.688,146.907,69.5537,315.792,14.7553,27.0908,5.99306,14.3555,147.074,123.486,19.5579,23.8361,44.2863,11.5519,22.3813,34.2935,20.2047,32.576,40.2921,42.8519,0.0,0.0,29.075,0.0,28.599,0.0,0.0,0.0,0.0,0.0,0.0,0.0,0.0,0.0,65.2371,39.9719,50.836,44.6752,44.2857,66.3808,37.5051,99.0156,30.3961,35.1733,79.836,35.7879,37.132,25.4067,21.4591
p5.00_sc00001_p0035,6.4758,6.26409,6.57806,0.0,0.0,0.0,0.0,0.0,0.0,0.0,0.0,0.0,0.0,0.0,0.0,0.0,0.0,0.0,0.0,0.0,0.0,0.0,0.0,0.0,0.0,0.0,0.0,0.0,0.0,0.0,0.0,0.0,0.0,0.0,0.0,0.0,0.0,0.0,0.0,0.0,0.0,0.0,0.0,0.0,0.0,0.0,0.0,0.0,0.0,0.0,0.0,0.0,0.0,0.0,0.0,0.0,0.0,0.111906,0.0,0.10799,0.0,0.0,0.0,0.0,0.0,0.691897,0.0,0.0,0.0,0.0,0.0,0.0,0.0,0.0,0.0,0.0,0.0,0.0,2.69223,0.0,0.0,0.0,0.3162,0.0,0.0,0.0,0.0,0.0,0.0,0.0,0.0,0.0,0.0,0.0,0.0,0.0,0.0,0.0,0.196917,0.0,0.0,0.0,0.201884,0.0,0.0,0.0,0.0,0.0,0.0,0.0,0.0,0.0,0.0,0.0,0.0,0.0,0.0,0.0,0.0,0.0,0.0,0.0,0.0,0.0,0.0,0.0,0.0,0.0,0.0,0.0,0.0,0.0,0.0,0.0,0.0,0.0,0.0,0.0,0.0,0.0,0.0,0.026941,0.0,0.023307,0.0,0.0,0.0,0.0,0.0,0.0,0.0,0.0,0.054299,0.0,0.0,0.081368,0.0,0.0,0.0,0.0,0.215326,0.0,0.0,0.077054,0.0,0.0,0.0,0.0,0.0,0.0,0.0,0.0,0.0,0.0,0.0,0.0,0.0,0.0,0.0,0.0,0.0,0.0,0.0,0.0,0.0,0.0,0.0,0.0,0.0,0.0,0.0,0.0,0.0,0.0,0.0,0.060138,0.10469,0.0,0.0,0.0,0.0,0.0,0.0,0.0,0.0,0.0,0.0,0.0,0.0,0.0,0.0,0.065036,0.0,0.0,0.0,0.0,0.0,0.0,0.0,0.0,0.0,0.0,0.0,0.0,0.0,0.0,0.0,0.0,0.0,0.0,0.0,0.0,0.0,0.0,0.0,0.0,0.0,0.0,0.0,0.0,0.095364,0.044708,0.0,0.045163,0.0,0.037766,0.0,0.046257,0.032558,0.0,0.0,0.0,0.0,0.0,0.0,0.0,0.0,0.0,0.0,0.0,0.068099,0.0,0.121806,0.0,0.0,0.0,0.0,0.0,0.0,0.0,0.0,0.0,0.0,0.0,0.0,0.0,0.0,0.0,0.0,0.0,0.0,0.0,0.0,0.0,0.0,0.0,0.0,0.0,0.0,0.0,0.0,0.0,0.0,0.0,0.0,0.0,0.0,0.0,0.0,0.0,0.0,0.0,0.0,0.0,0.0,0.0,0.0,0.0,0.0,0.0,0.0,0.0,0.0,0.0,0.0,0.0,0.0,0.0,0.0,0.0,0.0,0.0,0.0,0.0,0.0,0.0,0.0,0.0,0.0,0.0,0.0,0.321619,0.0,0.0,0.0,0.0,0.0,0.0,0.0,0.0,0.0,0.0,0.0,0.0,0.0,0.0,0.0,0.0,0.0,0.0,0.0,0.0,0.0,0.0,0.0,0.0,0.0,0.0,0.0,0.0,0.0,0.0,0.0,0.0,0.0,0.0,0.0,0.0,0.0,0.0,0.0,0.0,0.0,0.0,0.0,0.0,0.0,0.0,0.0,0.0,0.0,0.0,0.0,0.0,0.0,0.0,0.0,0.026298
p5.00_sc00001_p0036,63.8583,31.6803,36.1481,0.0,0.0,0.0,0.0,0.454569,0.64634,0.461858,0.656334,0.13158,1.09896,0.338105,0.420009,0.0,0.0,0.0,0.0,0.0,0.0,0.0,0.0,0.0,0.0,0.618388,1.20183,0.718921,0.546011,1.18785,1.66044,0.989791,0.919263,0.859906,1.01828,1.25637,0.647778,1.25553,0.878061,0.859865,0.0,0.973123,0.0,0.0,1.47693,0.862012,0.620795,1.19473,0.722133,0.5986,3.34641,1.58307,4.17453,3.55606,2.72158,6.96508,3.34745,1.5925,4.741,3.26564,1.41027,2.49945,0.0,0.0,0.988391,5.72523,0.0,0.0,0.0,0.0,0.0,3.22521,0.0,0.0,0.0,0.0,3.3593,0.0,0.0,5.2994,0.0,0.0,1.66481,4.14781,5.71336,0.0,0.0,0.0,0.0,0.0,0.0,5.50353,0.428665,3.08459,1.80458,1.69536,0.0,2.81218,3.19102,1.64693,0.918007,0.4243,3.42538,0.364897,0.391177,0.361241,0.232373,0.553987,1.41373,0.177515,0.438767,0.73058,0.289952,0.0,0.210636,0.0,0.0,0.739344,0.0,0.94227,0.115396,0.699432,1.15053,1.08499,1.01606,0.990434,1.64679,0.70243,1.90608,0.0,0.323629,0.737025,2.2483,2.57511,1.18041,0.472885,0.294531,0.495788,1.54957,0.865171,2.08506,1.15017,2.53777,3.23377,4.32042,4.47515,3.05798,3.04308,4.36062,1.29505,3.66025,2.52856,2.60788,2.21421,4.4964,3.03956,0.0,11.6369,16.3503,12.7954,20.3912,16.8351,30.3825,0.267479,0.756404,0.09868,0.358495,0.385005,0.452868,0.097278,0.281373,0.0,0.0,0.542756,0.302873,0.35017,0.0,0.0,0.145609,0.0,0.192741,0.0,0.090768,0.566497,1.07007,0.121242,1.01008,0.578986,0.292523,3.39511,4.09628,14.0648,6.76513,6.25171,9.16312,6.3152,10.4398,8.04973,0.868989,0.282967,0.551985,0.807182,0.260788,0.381596,0.476259,1.5594,0.089578,0.389041,0.407911,0.0,0.208408,0.574,0.14561,0.207479,0.0,0.203805,0.350169,0.0,0.0,0.0,0.097278,0.118033,0.57006,0.104313,0.548373,0.39527,0.0,0.168872,0.164374,0.476787,0.152034,0.0,0.75323,0.464252,0.301808,0.0,0.0,0.596688,0.702425,0.885815,1.0595,1.40219,1.005,1.93677,1.62091,2.81703,2.37966,0.512468,2.849,1.83771,1.53577,2.07839,0.0,0.0,0.0,0.069937,0.0,0.0,0.0,0.0,0.0,0.101796,0.0,0.0,0.0,0.0,0.0,0.063558,0.119673,0.190017,1.59269,5.40218,7.75035,4.56849,4.50795,6.74678,8.33472,3.16286,3.12472,0.606909,0.0,0.0,0.0,0.0,0.0,0.0,33.3789,0.0,0.0,0.0,0.0,0.0,0.0,0.148092,2.26002,0.0,1.41279,2.94002,1.2484,1.71251,0.247461,1.16037,5.35606,0.608285,1.16488,0.830944,0.665873,0.842792,0.712567,1.2157,0.0,0.65173,1.60747,0.0,3.4996,1.88023,4.06245,0.442803,1.52181,1.85235,4.43293,1.47144,6.58272,0.475361,2.01706,1.37083,5.63088,6.61905,2.02973,2.2891,4.40616,0.572107,0.745879,1.03836,0.702253,0.0,0.888566,2.5473,3.28597,1.42997,0.0,0.868851,0.0,0.0,2.67723,2.60723,1.31178,4.40226,3.58142,1.83383,2.05284,4.92363,2.26642,5.111,1.08343,1.862,1.45988,3.07747,1.58285,0.0,0.0,0.457554,0.0,5.37669,0.0,0.0,0.0,0.0,0.0,0.0,0.0,0.0,0.0,0.204556,1.25825,4.73344,0.0,2.87402,2.32188,2.75764,0.917356,4.58218,0.501342,0.0,1.55018,2.99357,1.23812,1.77763
p5.00_sc00001_p0037,22.2172,17.4662,17.5621,0.0,29.7875,0.0,0.0,21.3671,24.6186,15.7716,13.6134,41.0762,24.9644,12.4557,17.0927,36.3832,2.30536,1.94834,10.6491,2.15963,24.9371,12.654,48.6179,18.4261,43.6377,48.7559,49.0109,33.5101,32.8487,47.8578,30.1615,42.6569,35.8297,37.0884,38.1135,50.69,54.3542,43.8391,53.5108,42.2342,0.0,41.3497,0.0,0.0,29.7651,34.8284,37.7511,41.4465,39.5013,33.8976,19.8171,19.7681,21.3978,18.6648,16.5597,17.26,20.4332,21.5816,20.3009,19.3388,20.7501,11.6135,12.8423,9.05859,15.4358,19.8125,0.0,11.5042,4.71499,0.0,14.9346,9.02787,17.3971,43.6018,13.5282,17.8115,11.2293,0.0,6.84487,12.7942,8.42513,0.876285,32.8874,16.9352,7.04014,12.584,12.3982,31.7519,13.0498,16.1042,29.0998,11.3282,33.114,38.6864,30.6547,40.2758,73.1049,30.1077,18.1448,53.3795,38.0116,26.283,19.6444,39.3413,36.0869,15.0234,31.8041,7.47742,51.9187,47.9276,47.4497,32.2539,45.6254,43.203,40.7296,30.1573,40.68,13.5639,42.6503,20.3671,8.81365,14.726,14.0806,9.86662,18.3099,9.01198,40.6687,34.8379,24.4235,33.2812,26.3807,11.091,16.9903,9.76338,13.0794,44.6248,15.2099,21.2207,10.2464,9.67223,19.7124,22.4157,15.1324,17.7544,17.3134,17.4897,18.586,18.4598,18.6502,22.7693,17.7157,15.2734,21.2053,19.6349,18.5915,21.1846,16.2104,26.7434,32.1821,23.4203,22.4787,31.1678,26.6258,30.2054,21.5482,25.8067,35.9844,24.547,20.9263,29.7434,21.57,32.7334,29.5117,38.0139,23.3695,40.549,41.2349,27.3194,43.5505,36.4752,24.8296,27.7222,34.2189,55.9157,32.8382,32.9943,53.1352,57.7805,31.5532,22.3301,20.1249,18.1635,11.262,12.0901,25.1402,22.8315,24.3067,10.7605,35.1625,60.1749,59.8334,35.6612,52.8525,75.1285,54.7639,31.1087,42.6097,32.3944,36.5507,35.1691,36.7194,33.6349,43.5506,25.6027,24.843,24.4339,40.5489,27.3196,27.7221,41.2349,29.7434,33.7398,46.5879,32.5439,28.9497,26.4009,23.6033,24.9126,33.414,28.8522,29.8655,34.3306,34.026,26.3886,31.786,30.2932,32.4894,30.0912,55.6997,54.1647,31.3373,26.3591,34.7151,29.9065,10.8411,9.25917,8.92773,47.6197,9.58052,9.10389,29.5426,9.34736,23.0873,28.4175,37.155,24.7794,17.3446,33.1623,24.5923,21.717,28.4251,10.4828,17.4992,34.1485,31.0878,16.3255,19.1735,25.4136,14.0404,20.4627,32.376,38.5209,64.4193,57.6033,63.382,65.0292,34.4012,64.0022,38.4747,13.653,76.6801,111.835,44.7531,9.06671,13.4876,0.0,67.8684,0.0,89.9358,69.1809,82.1252,61.2707,3.42735,4.38322,2.26123,46.2344,15.3169,25.0443,43.5042,62.3299,95.4336,34.3263,23.9977,31.0898,17.5906,29.6003,50.1903,26.4327,72.1036,25.8895,15.8707,46.2642,50.3267,26.5864,26.0169,25.117,22.5461,78.0114,36.5333,26.2984,32.1831,33.0451,14.0186,27.2409,23.1178,75.7695,73.1605,30.7548,44.4041,42.5445,38.2918,34.1141,24.2596,40.0043,73.0539,20.3625,16.5146,36.8224,36.8975,38.7579,38.6259,42.3889,29.9466,28.4656,13.9944,45.7649,30.814,36.0392,14.7918,34.8943,64.3114,38.4753,59.3816,29.2662,15.1146,25.0072,25.3378,23.8784,17.0793,0.0,0.0,20.7238,0.0,27.6915,0.0,0.0,0.0,0.0,0.0,0.0,0.0,0.0,0.0,31.4931,11.9343,29.9254,7.41007,30.3455,18.8082,23.9186,16.6944,39.0329,28.7298,15.4363,12.4048,12.2268,15.9206,8.25958
p5.00_sc00001_p0038,8.3526,8.09016,5.75319,12.8758,36.9537,45.4477,0.0,13.6047,12.1026,25.7951,20.9032,20.0813,21.8249,26.0036,19.1106,19.2593,7.1499,8.70143,11.8899,7.47306,24.7491,33.732,16.7649,20.573,30.3161,23.0179,25.2744,11.8927,12.3598,29.4462,13.1569,25.5567,22.1585,11.5081,11.1015,14.2382,13.6911,27.7566,14.4285,20.6004,0.0,22.083,0.0,0.0,13.483,12.6957,13.2401,29.2654,13.0615,13.1477,24.4116,23.5257,25.8965,25.8922,24.7493,61.4127,26.4836,26.1937,60.8725,25.9518,25.8904,40.4502,28.2419,19.0042,20.7442,12.7011,16.1251,24.9017,15.2941,6.94635,13.2319,11.283,19.5754,22.525,15.3716,14.888,28.6938,24.4701,20.5987,18.8939,15.8768,11.9206,17.1097,15.0868,8.04212,18.2543,17.9837,14.9981,17.1836,18.7573,13.447,17.7065,19.2265,21.0088,13.863,21.054,19.3006,18.1407,17.5223,20.779,11.6803,19.2092,18.1546,14.4695,16.9005,11.6434,18.7201,16.5355,12.0871,9.24008,19.9213,12.4736,15.3812,12.566,8.06306,19.8424,16.4969,20.039,24.8367,8.52846,15.2512,14.8029,11.6126,14.4393,9.34516,23.6397,15.7174,15.0186,14.058,13.9055,15.6357,17.333,16.1354,26.1734,13.9772,12.9367,18.9151,21.1578,23.8606,22.0287,22.1011,22.7808,20.8046,21.8473,27.8697,28.1664,17.155,17.0892,22.9295,22.8834,21.7778,21.0855,28.5117,22.248,22.9022,28.4781,4.22314,36.6616,39.2926,39.152,33.4661,45.0866,35.189,12.4285,12.2143,16.1289,17.4017,18.0311,18.7344,18.9567,17.9408,19.3833,18.1496,17.4673,16.8475,17.3722,16.2471,18.6861,18.3458,18.8729,21.0278,20.9487,18.4231,18.2224,19.0716,21.3929,19.3534,22.7937,24.0379,45.0294,44.7181,45.7768,50.1404,48.0849,56.6638,43.3273,54.477,58.5493,20.9965,23.7315,23.9892,22.3238,27.8394,23.1533,31.6393,24.5613,28.3757,20.8407,19.5852,22.4853,15.3219,29.6046,18.3458,21.9912,19.5297,21.2759,17.3721,18.6863,20.9485,16.2471,18.9567,32.376,22.9982,20.5425,29.0578,7.13907,5.83076,7.10594,7.75645,7.01472,7.23075,5.50833,11.7637,9.74105,7.71262,4.77166,4.48952,30.5304,28.8649,27.9808,31.0592,33.5261,34.2425,33.6725,30.1018,27.704,28.6698,23.4228,30.8747,29.9992,33.582,29.0685,18.0226,13.0322,30.8024,10.7105,8.52309,13.1938,16.173,12.5141,13.701,11.9828,13.299,23.6941,12.1203,9.44491,15.8146,16.7328,21.7719,13.9893,13.6556,18.0998,33.5142,20.0155,30.8001,35.7963,26.6085,22.649,27.5594,19.0831,34.0001,12.9344,37.4303,30.7436,28.3696,60.3483,27.7005,27.5407,19.768,0.0,24.2983,0.0,3.7814,3.92106,10.218,5.15571,2.03591,3.16343,5.03723,4.97689,5.32529,7.62505,3.89595,4.79193,5.25977,4.31077,6.14119,5.66771,4.74632,5.13887,8.06306,7.34647,6.97144,2.19883,4.70691,5.68999,2.0815,4.16894,8.02017,5.45731,5.00401,4.71206,3.79442,5.84552,5.03827,4.28011,5.08903,2.96751,4.87493,4.27264,4.42115,4.17716,6.44912,4.48899,2.78858,2.39982,5.54872,4.73125,3.15684,3.57182,3.94622,5.84296,3.51957,6.65416,5.52985,5.0652,7.42046,3.50425,5.04634,7.3994,5.09178,4.81615,5.98774,10.7569,10.3125,10.9045,15.5295,14.0154,11.1345,0.0,0.0,12.5215,0.0,23.2192,0.0,0.0,0.0,0.0,0.0,0.0,0.0,0.0,0.0,5.7406,40.6622,38.7068,36.4096,35.4837,32.0885,41.893,10.1825,16.4379,16.6413,5.75497,21.3448,21.3727,28.7922,26.9142
p5.00_sc00001_p0039,3.86121,28.1079,21.3103,0.0,107.383,198.099,31.4585,0.0,0.114903,0.0,0.0,0.0,0.046321,0.0,0.0,0.0,0.0,0.0,0.0,0.0,0.0,8.55327,0.0,0.0,0.0,2.94078,0.514314,8.8882,8.95526,2.16844,1.10848,0.151179,0.813987,2.34841,2.47422,3.23606,0.372318,0.108964,0.319733,0.139357,0.0,9.25209,0.0,0.0,1.00565,1.83102,0.319251,0.098213,0.320724,1.85389,1.786,4.14324,4.71712,5.37738,5.15568,0.0,3.9854,2.36183,0.0,3.35172,2.67157,0.0,1.66062,0.0,0.0,0.0,0.0,0.0,0.0,0.0,0.0,0.0,0.0,0.0,0.0,0.0,0.0,0.0,0.0,0.0,0.0,0.0,0.0,0.0,0.0,0.0,0.0,0.0,0.0,0.0,0.0,0.0,0.0,0.193027,0.501821,0.146638,0.141645,0.0,0.736167,0.0,0.0,2.20218,0.75285,0.0,0.0,0.0,0.0,0.697538,0.0,0.0,0.0,0.0,0.0,0.0,0.0,0.0,0.0,0.0,0.0,0.0,0.0,0.0,0.0,0.0,0.0,0.0,0.0,0.0,0.0,0.0,0.0,0.0,0.0,0.0,0.0,0.0,0.0,0.0,0.0,0.0,4.18374,3.14403,4.48697,3.93517,9.98278,10.2165,6.49973,6.7255,4.94202,3.21368,3.8609,4.4707,2.42681,4.06034,4.79129,2.52546,0.0,0.0,0.0,0.0,0.0,0.0,0.0,0.18986,1.69977,18.6524,2.12931,3.09839,2.78577,0.2039,4.20792,10.6131,11.1938,2.28213,24.3593,0.550042,0.0,0.495489,0.202353,3.62811,3.91214,0.073789,4.44445,0.397287,0.667988,0.170152,0.30256,0.707341,0.0,0.515474,0.541071,0.0,0.202233,0.370236,0.09628,0.0,0.098602,0.28139,0.0,0.0,0.0,0.0,0.0,0.0,0.0,0.0,0.0,0.0,0.0,0.0,0.0,0.0,0.202353,0.0,0.0,0.0,0.550041,0.495492,0.073789,0.0,0.2039,0.0,0.0,0.0,0.076501,0.0,0.0,0.0,0.0,0.0,0.0,0.0,0.0,0.0,0.0,0.0,0.0,0.540558,2.68851,2.25943,0.539349,0.72966,0.394859,0.284399,1.68149,1.37942,0.938057,2.09115,0.081973,0.19718,0.051867,0.467279,0.0,0.0,0.0,0.0,0.0,0.0,0.0,0.0,0.0,1.70473,0.0,0.0,0.0,0.0,5.28629,0.0,0.665254,1.32059,175.108,166.593,37.0228,34.1157,87.0511,26.736,217.93,27.1059,490.398,29.7308,0.0,0.0,0.0,0.0,0.0,0.0,0.0,0.0,0.0,0.0,0.0,0.0,0.100997,0.0,0.146318,0.468185,1.47903,26.6749,1.30693,1.6434,5.52669,19.2745,5.07318,9.33983,4.06498,6.95924,7.59059,58.5265,2.65237,14.8482,0.681116,1.66782,42.6321,3.72724,1.95397,7.21744,0.945094,14.3705,10.9246,6.464,3.48058,5.81942,16.0799,0.0,16.8931,17.6996,18.4852,3.84967,3.18735,1.59762,17.0843,1.19786,16.1376,10.6893,3.26747,77.0768,3.41084,3.85195,0.764453,5.48906,0.682576,9.70229,0.0,1.69616,13.0795,11.9288,9.76562,1.75568,9.99826,7.4964,3.12595,20.6179,5.66809,0.079911,1.23188,0.0,0.099577,0.0,0.165237,0.0,0.0,0.0,0.0,0.0,0.0,0.0,0.0,0.0,0.0,0.0,0.0,0.0,0.0,39.5698,1.80526,0.565807,11.7692,1.43719,0.416329,22.6764,0.0,0.0,0.0,1.57493,0.0,1.01095,0.381819,209.67
p5.00_sc00001_p0040,9.8621,6.29626,1.20899,81.3236,62.24,0.0,0.0,33.755,29.4775,90.9036,82.1278,44.242,58.3766,30.097,32.0488,23.6904,12.4438,11.1952,19.4695,22.5623,57.3158,54.5327,57.1418,19.2503,36.4718,56.5056,55.6553,41.6287,39.8538,58.0616,47.7187,69.0312,58.2608,50.4232,52.9081,45.8006,52.4851,57.2396,50.8855,54.4271,0.0,59.6813,0.0,0.0,46.1349,46.9535,55.3532,64.1604,58.1448,45.2814,39.5756,40.7445,41.8956,39.4789,37.7464,122.506,38.871,41.6315,116.311,37.9988,38.1409,99.1869,46.9834,58.8588,45.37,73.4973,52.2999,50.8871,47.9254,57.7395,59.998,60.6212,64.84,31.1486,68.5206,66.6219,43.5596,43.3739,67.8413,52.1085,61.8467,55.1821,81.6272,56.4067,31.4052,67.5052,50.8964,68.7582,64.9593,62.4385,82.6463,53.8029,38.8492,49.4633,38.4658,39.7857,38.2254,38.4959,41.8316,43.632,52.0249,45.8288,43.5908,43.422,42.8451,41.089,51.452,52.72,43.2089,38.2086,52.7842,39.7934,40.1632,43.4543,35.3953,40.1539,52.6987,51.007,46.2385,35.0532,53.1757,51.5131,35.6314,40.971,33.6121,65.1383,42.1746,46.9707,33.0137,48.1252,30.7049,37.4227,40.8269,62.0305,40.1324,45.5471,48.6268,47.5783,63.1783,48.0916,50.6773,51.5477,47.1714,50.7655,55.3495,55.307,49.8931,49.5381,41.9144,51.7279,50.4936,47.1026,51.1648,50.9142,41.9319,50.6464,63.0848,53.9943,52.1644,52.4315,55.6689,72.5725,48.7268,49.7932,77.7494,37.3858,43.1015,35.7758,33.2691,43.5385,37.4691,42.2534,37.2194,38.6647,40.362,37.2401,37.9227,40.7331,44.4366,44.7947,43.241,47.676,42.0445,45.6932,39.2006,29.7428,50.0437,52.1977,34.4551,63.3156,57.8181,63.9069,82.0478,74.4672,65.4905,62.1366,67.7242,80.9974,50.7739,51.2679,48.1892,47.9336,45.9681,56.3075,47.0178,54.603,49.6842,41.9549,39.4179,40.8821,36.392,40.2755,44.4366,46.3031,44.4756,47.497,37.24,40.7334,47.6758,37.9227,43.5386,37.7962,44.0887,43.5423,37.8462,33.2982,28.078,38.2891,36.3383,29.7847,34.092,26.9978,32.8058,34.2547,34.3067,27.1919,22.6636,48.6105,50.8862,47.1981,48.9806,58.6814,49.173,61.4781,44.1338,43.798,44.8385,44.9748,48.606,46.2718,61.4517,49.0518,45.864,37.7623,44.0443,36.0857,44.7321,40.2427,43.2426,38.7664,49.3462,63.7996,57.2514,49.0815,40.6775,51.252,53.9532,61.4651,67.5752,57.5917,54.3306,62.2068,58.1608,44.4212,56.3518,67.8724,59.057,55.7842,66.8487,47.7725,67.3118,108.253,70.9139,49.3487,18.2672,156.763,75.4812,96.0531,73.2287,0.0,21.2183,106.588,31.3018,19.2911,23.0145,62.9562,23.7174,45.907,43.4303,124.867,110.814,52.009,40.3924,42.3231,50.6558,33.6135,42.918,56.3382,104.346,22.3758,21.318,42.7095,43.846,38.2687,50.9639,43.1637,30.9497,80.0681,34.6498,44.4593,45.2787,47.8167,64.0748,50.1886,57.6056,84.5656,129.076,35.7006,37.9745,63.232,38.4204,34.7145,44.0517,81.6974,81.3405,43.6105,45.8291,38.9848,42.3143,36.4425,32.0456,42.5277,23.053,45.7145,31.6776,52.0308,37.7642,30.0193,48.5335,45.3571,67.5657,63.5537,52.0293,19.3649,18.8915,21.5811,36.7627,35.5103,27.2779,0.0,0.0,49.8752,0.0,63.4226,0.0,0.0,0.0,0.0,0.0,0.0,0.0,0.0,0.0,32.8629,73.6675,54.5917,29.0445,47.8628,56.7845,67.3216,45.0874,56.7662,64.6943,40.165,58.5276,45.6846,38.5186,33.9485
p5.00_sc00001_p0041,4.02583,9.66647,5.49233,0.0,0.0,27.4001,0.0,33.8961,42.1746,32.4344,19.5219,34.0502,28.5538,40.4046,44.8547,30.0413,5.17277,7.28615,7.96481,5.24955,14.921,26.027,99.9982,55.1259,65.2762,18.021,52.4566,18.6983,19.4296,42.5407,15.5758,35.7738,39.8575,28.7358,27.3705,39.0601,22.7985,38.8408,23.9251,39.2342,111.524,35.2795,0.0,0.0,16.462,17.5833,24.5451,52.4301,23.2895,18.2239,45.4679,42.174,48.8126,49.4322,41.3156,12.2639,50.5213,45.7719,10.0148,44.9436,44.4567,12.4501,15.2624,32.8538,14.5359,4.27367,18.4613,16.1631,4.26168,20.4501,8.4337,11.4637,18.4003,44.0644,37.9632,40.4437,37.5626,23.899,35.2495,24.1257,20.4046,11.2678,12.6988,6.90349,1.45186,8.61523,19.2663,16.5014,43.7883,36.523,15.7167,26.1058,4.44859,9.24129,1.24746,7.88357,7.49456,3.38412,1.31937,6.70636,1.37617,4.49305,4.47273,1.25504,22.7021,4.19004,19.9317,2.31759,14.3354,9.05498,15.5026,20.0985,14.1703,20.0956,24.5071,11.8623,16.3271,5.55652,9.13798,1.8465,12.6767,2.41444,5.1129,1.37012,5.90772,15.1143,15.536,16.7025,18.8666,16.1075,13.1825,1.79574,1.59118,2.75645,1.19258,24.3949,4.45315,1.64725,10.9822,0.807192,2.74241,5.63475,37.9719,3.19371,4.68894,4.55418,10.6003,10.335,13.5321,5.52847,3.20412,37.9318,2.71329,2.71583,13.3704,2.79447,0.606214,11.0874,8.21483,4.05164,5.09601,0.877244,1.58999,6.66223,5.82942,25.1792,27.7151,21.3197,21.3981,13.3172,23.3635,31.0511,24.1053,32.4593,26.1115,19.4277,20.755,13.4029,22.0447,31.7301,32.6708,16.2713,29.6916,18.4987,13.6845,11.533,26.5469,19.4978,12.3925,28.6683,22.0684,12.0063,0.834282,0.913088,13.1657,9.8649,15.3546,0.928628,20.9212,21.9655,14.1156,22.8218,23.8191,20.586,22.7882,20.951,23.8615,10.5282,10.7961,8.63798,9.00772,13.4644,22.0447,7.06564,6.71567,7.851,19.4277,13.403,16.2712,20.755,13.3172,11.4134,11.0268,10.9799,11.8061,2.23217,2.46689,6.65114,3.23699,2.28815,3.34621,2.64074,6.78645,2.95785,2.14139,0.757047,1.20745,10.6926,16.8786,15.9042,10.5784,8.71796,12.1911,8.53049,16.8807,17.1514,17.2567,17.128,10.4504,10.5815,8.96881,10.7645,12.4476,16.9926,24.9237,18.3146,12.93,17.8831,16.0615,12.4702,23.6473,6.07108,26.423,27.8467,20.6963,24.7568,11.6033,10.7583,12.4006,11.8166,23.1831,8.45327,2.6025,2.94818,8.89819,4.7442,21.6666,3.495,11.4518,9.10987,47.3123,17.5244,51.2496,41.5712,66.8328,28.8846,22.9794,83.0604,0.0,0.0,38.0523,0.0,2.61745,5.20071,4.89636,10.8792,10.2286,2.72458,7.23073,1.36384,2.14994,5.51113,6.20448,21.1392,11.1325,10.5882,16.1983,8.90866,0.825439,43.6563,29.9583,9.68873,7.71443,5.74452,0.81079,2.45032,18.0395,4.23179,10.955,19.3119,18.9357,3.40904,3.81272,4.6806,9.1126,2.2827,2.17427,12.7792,4.40859,0.189407,5.10411,0.994096,12.5284,0.451063,0.813491,9.13789,4.3746,3.44259,3.17206,11.5953,26.6237,3.01944,1.76827,6.15838,18.2202,9.22844,12.5358,7.64938,13.4834,11.9872,4.53984,7.25905,4.37571,5.62221,4.85176,5.55602,1.0648,2.05653,1.22084,0.0,0.0,0.474943,0.0,0.934989,0.0,0.0,0.0,0.0,0.0,0.0,0.0,0.0,0.0,20.8084,12.8754,9.96893,9.87503,7.91108,15.7187,16.5237,6.11034,0.669529,1.45189,12.8434,3.34414,11.8373,1.11738,43.0537
p5.00_sc00001_p0042,15.8983,24.7546,23.9785,0.0,0.0,0.0,0.0,155.213,158.153,23.4274,13.9372,174.459,15.8244,67.1306,56.7639,74.9033,14.0879,26.7965,20.9172,3.29933,21.7699,19.3319,106.107,128.686,76.1905,72.9551,213.343,114.424,113.853,178.393,48.8789,183.419,163.577,207.966,208.993,269.048,171.204,223.51,171.243,141.817,0.0,236.493,0.0,0.0,48.9252,134.364,233.897,170.716,234.733,133.899,0.798466,0.668891,2.41901,2.13694,0.394267,0.0,2.7955,0.672877,0.377074,0.90906,0.0,0.0,0.0,0.0,0.0,0.0,9.30832,0.0,0.0,0.0,0.0,0.0,0.0,0.0,0.0,0.0,0.0,0.0,0.0,0.0,0.0,5.38524,0.0,1.14419,0.0,2.0043,1.35794,0.0,0.0,0.0,0.0,0.0,9.81825,35.8637,2.55124,25.8355,16.5901,8.13748,2.61307,12.2628,2.1027,12.0804,8.14163,3.6709,142.494,0.0,185.292,0.0,137.728,102.789,101.646,170.652,101.939,138.369,143.639,89.339,117.303,0.0,45.1168,0.0,0.232777,0.0,0.0,0.218526,0.0,0.0,116.551,143.556,145.552,182.805,219.573,0.083655,0.0,0.0,0.0,288.698,0.0,0.332335,0.0,0.072619,0.264298,0.129594,0.829229,0.056056,0.226858,0.197923,0.344555,0.342876,0.243411,0.129706,0.056239,0.854712,0.489735,0.26416,0.244267,0.521874,0.0,0.217759,0.0,0.0,0.7702,0.0,0.52629,37.5633,24.7273,0.268796,1.88073,0.130515,0.12267,0.131682,0.127416,0.747828,0.137313,2.70263,0.205658,0.888015,0.174583,0.34287,0.440879,1.54905,0.392098,0.429004,0.492094,80.5544,29.6996,23.6607,80.0176,57.3592,33.5211,4.7443,4.6222,1.16472,0.097841,0.179001,0.931172,0.583793,1.33468,0.0,149.921,150.443,115.104,159.761,193.64,150.67,160.013,125.109,174.676,0.923924,0.48384,0.862512,0.779923,0.0,0.44088,0.349729,0.131766,0.344527,0.888014,0.342872,0.429003,0.174583,0.131682,0.641171,1.54855,1.06109,0.2223,0.0,0.0,0.0,0.0,0.7828,0.0,0.0,0.226319,0.0,0.0,0.063116,0.176167,4.96478,13.1946,12.9618,6.95652,1.0854,5.39571,1.0444,0.375106,0.18387,0.407839,13.8721,0.118837,0.190635,1.10273,0.0,48.7398,60.3474,85.8666,87.8115,109.82,83.8903,66.217,39.2968,137.023,8.39393,164.671,131.423,136.143,143.702,19.6495,47.1325,22.1442,35.9981,46.4224,23.6028,3.30393,2.76325,4.13859,8.42544,45.0697,5.45918,3.64239,7.86351,126.608,24.4769,42.7625,83.2085,118.876,29.7472,0.0,271.884,92.5258,0.0,47.1718,99.5391,0.0,0.0,0.0,31.7455,140.879,9.93793,58.2341,12.0115,56.5455,135.555,24.8293,69.9088,59.8506,79.7693,444.909,204.688,5.9413,442.575,587.848,250.113,75.1393,21.6624,4.2586,14.6179,231.155,141.146,349.944,94.3377,152.465,42.7747,96.2359,8.99823,17.4544,83.7541,32.1457,94.716,27.7869,7.95876,16.8797,17.4047,18.6572,52.4727,4.74754,21.3315,30.9366,70.3186,17.4014,80.238,114.384,21.1458,8.94369,433.955,152.486,119.074,503.864,116.494,25.0191,469.156,140.926,53.5601,68.8215,0.463204,0.769789,0.071886,0.192594,0.193404,0.079868,0.0,0.0,0.787571,0.0,0.180813,0.0,0.0,0.0,0.0,0.0,0.0,0.0,0.0,0.0,70.2004,0.0,0.0,0.0,1.39451,0.0,0.0,0.0,0.0,0.67786,0.0,0.0,0.293776,0.291986,0.126501
p5.00_sc00001_p0043,84.3619,130.943,44.4632,0.0,0.0,0.0,0.0,7.05652,0.0,0.0,0.0,5.28239,2.83018,0.0,0.0,3.63969,0.0,0.0,0.0,0.0,0.0,0.0,0.0,0.0,0.0,2.52243,0.0,5.84819,5.47088,0.0,6.83036,0.0,4.13276,7.27111,7.33465,7.4341,0.0,6.77704,0.0,4.14546,0.0,0.0,0.0,0.0,6.24837,1.87148,3.43479,4.78575,3.53691,1.27822,2.5867,3.64044,1.04488,2.59605,2.04362,23.4305,2.5875,3.66214,13.9258,4.03883,5.82428,9.1964,0.0,0.0,2.44909,0.0,0.0,0.0,0.0,0.0,0.0,0.0,0.0,0.0,2.41492,0.0,0.0,0.0,0.0,0.0,0.0,0.0,0.0,0.0,0.0,0.0,0.0,0.0,0.0,0.0,0.0,0.0,0.0,0.0,0.0,0.0,0.0,0.0,0.0,0.0,3.43627,0.583994,0.0,0.0,0.0,0.0,0.0,0.0,0.0,0.0,0.0,0.0,0.0,0.0,0.0,0.0,0.0,0.0,0.0,0.0,0.0,0.0,0.0,0.0,0.0,0.0,0.0,0.0,0.0,0.0,0.0,0.0,0.0,0.0,0.0,0.0,0.781355,0.0,0.0,0.0,2.39741,2.01519,0.666957,1.52542,0.771671,1.31902,0.730614,0.84823,1.68224,2.14298,1.53039,0.886051,1.01538,2.05384,1.58265,1.52159,0.0,6.6473,2.61805,7.04624,7.21327,12.7687,7.99951,2.90027,0.0,0.75055,0.0,0.249311,1.65178,0.508229,0.240717,0.0,0.256703,0.0,0.0,0.0,0.0,1.05376,2.14724,0.0,0.0,0.539219,0.235651,0.0,0.0,0.0,0.0,0.0,0.0,0.372817,1.57668,0.0,0.0,2.46264,0.0,1.67214,0.0,0.779911,0.0,0.0,0.0,0.0,0.0,0.0,0.0,0.0,0.0,0.50187,0.529071,0.268839,0.265258,2.05297,2.14726,1.65762,2.0561,1.8722,0.0,1.05376,0.539221,0.0,0.508229,3.33832,1.46466,0.809562,1.15623,0.0,0.0,0.0,0.0,0.0,0.0,0.0,0.0,0.0,0.0,0.0,0.0,0.610417,0.807002,0.0,2.71715,1.50421,0.542675,0.803378,0.591371,0.0,0.226855,0.0,0.957493,0.0,0.488991,0.556107,4.8485,2.90387,4.33797,4.25655,3.32828,4.47677,3.54505,3.02674,5.47833,2.14204,2.04732,6.97133,5.83634,2.99392,2.50539,4.6155,2.57621,4.34221,0.0,0.0,0.0,0.0,0.0,0.0,0.0,0.0,0.0,0.0,0.0,0.0,0.0,0.0,0.0,0.0,0.0,0.0,0.0,0.0,0.0,0.0,0.052561,0.171228,0.486217,7.05204,0.0,0.0,0.0,6.18844,7.15393,3.65952,0.0,0.0,3.06144,0.0,1.16667,6.64489,1.87271,0.0,7.69448,0.0,0.0,0.0,0.0,0.0,0.0,1.74561,0.0,3.24547,0.0,6.44522,0.0,4.99723,1.06022,0.0,3.83669,0.0,0.0,0.0,0.0,0.0,0.0,0.682233,10.4584,0.0,1.16763,0.0,0.0,0.0,12.8516,0.0,0.0,3.99195,8.79511,6.85212,2.29835,0.0,0.0,2.75401,0.0,4.70542,5.46007,0.0,0.0,0.0,0.437265,0.0,0.0,0.0,0.0,5.23351,0.0,11.9311,0.0,0.0,0.0,0.0,0.0,0.0,0.0,0.0,0.0,1.30054,0.0,0.0,0.0,1.34313,0.0,16.0371,3.61639,21.0744,9.22313,4.94218,0.0,0.761369,2.57288,0.0
p5.00_sc00001_p0044,124.721,65.9671,22.7527,0.0,0.0,0.0,0.0,0.0,0.0,0.157911,0.0,0.0,0.0,0.0,0.0,0.0,0.0,0.0,0.0,0.0,0.0,0.0,0.0,0.0,0.0,0.0,0.0,0.0,0.0,0.0,0.0,0.0,0.0,0.0,0.0,0.300603,0.0,0.701395,0.0,0.0,0.0,0.0,0.0,0.0,0.0,0.0,0.0,0.0,0.0,0.0,5.31172,0.889947,4.02305,3.55395,5.24564,1.25297,2.21391,4.47625,2.50845,2.59176,1.35909,1.12408,0.0,0.0,0.0,0.0,0.0,0.0,0.0,0.0,0.0,0.0,0.0,0.0,0.0,0.0,0.0,0.0,0.0,0.0,0.0,0.0,0.0,0.0,0.0,0.0,0.0,0.0,0.0,0.0,0.0,0.0,0.0,0.0,0.0,0.0,0.0,0.0,0.0,0.851723,0.0,0.0,0.0,0.0,0.0,0.0,0.526664,0.0,0.341686,0.0,0.781395,0.0,0.0,0.19007,2.90318,0.0,0.95967,0.955018,0.0,0.0,0.0,0.0,0.0,0.0,0.0,0.0,0.183817,0.0,0.0,0.0,0.0,0.0,0.0,0.0,0.0,0.923148,0.0,0.0,0.0,0.0,2.93037,1.93975,1.52176,3.91551,3.20695,2.82143,2.91725,2.69567,2.78874,1.50999,3.74122,1.04241,4.56109,2.63595,2.52772,5.09909,0.0,11.0186,17.6135,8.50794,13.5229,7.48506,19.5139,0.0,1.32649,0.0,0.801979,0.214042,0.0,0.0,0.0,0.408033,0.0,0.200011,0.0,0.982935,1.34009,0.0,0.49919,0.584986,0.428356,1.16022,0.202204,1.87312,0.0,0.266629,0.644963,0.32502,0.325106,4.96017,6.87568,1.49368,1.76211,4.41873,2.43709,5.53898,1.70461,3.27124,0.0,0.0,0.0,0.0,0.0,0.0,0.0,0.0,0.0,3.01887,1.58923,0.926927,4.80146,0.252588,0.499198,2.59229,1.31867,0.915693,0.982936,0.0,1.16023,1.34009,0.0,0.0,3.02347,6.95259,0.0,0.0,0.0,0.0,0.0,0.0,0.0,0.0,0.0,0.0,0.0,0.0,0.0,4.52874,4.41606,3.62089,5.37818,2.27886,7.0637,2.62626,0.729352,0.915414,0.368687,3.87241,2.82182,2.20106,3.1954,1.13346,0.0,0.0,0.0,0.0,0.0,0.0,0.0,0.171913,0.275154,0.229065,0.0,0.296548,0.0,0.0,0.164377,0.0,0.0,0.0,0.0,0.0,0.0,0.0,0.0,0.0,0.0,0.0,0.0,0.0,0.0,0.0,0.0,0.0,0.0,0.0,0.0,0.0,0.0,0.0,0.0,0.0,0.046535,0.301469,0.0,0.0,0.0,0.0,0.0,0.0,0.0,0.0,0.0,0.0,0.0,0.0,0.0,0.0,0.0,0.0,0.0,0.0,0.0,0.0,0.0,0.0,0.0,0.0,0.0,1.38844,0.0,0.0,0.0,0.0,0.0,0.385316,0.0,0.0,0.0,0.0,0.0,0.0,0.0,0.0,0.0,0.0,0.0,0.0,0.0,0.0,0.0,0.0,0.0,0.0,0.0,0.0,0.0,0.0,0.0,0.0,0.0,0.0,0.0,0.0,0.0,0.0,0.362441,0.0,0.309826,0.0,0.0,1.44228,0.0,8.23016,0.0,0.0,0.0,0.0,0.0,0.0,0.0,0.0,0.0,0.284352,0.0,0.0,0.0,0.0,0.0,0.0,1.03141,15.4557,3.38205,0.0,2.32389,3.58291,6.66894,0.0
p5.00_sc00001_p0045,21.3787,27.7594,18.2255,0.0,0.0,0.0,0.0,44.1475,28.8602,93.3096,69.8631,43.3941,97.7881,37.6218,31.2381,33.1772,6.36082,4.83818,13.2221,0.893808,12.3849,10.4743,10.0608,7.62603,14.4483,84.4664,60.5298,37.0422,35.5684,60.5247,31.3521,51.1225,51.7713,34.7499,36.7942,52.852,68.1465,35.0168,64.678,57.1138,0.0,84.3763,0.0,0.0,30.2259,52.781,52.1502,43.1176,55.1262,50.0977,16.5296,14.714,14.1441,13.1702,13.9564,28.931,13.3793,12.8877,29.1387,17.2389,14.7221,29.8002,3.06027,4.53027,2.56802,5.50159,0.0,1.371,0.0,0.0,3.10463,6.62337,5.79969,0.0,0.0,0.0,1.10375,5.22021,0.875064,3.47895,6.50841,0.0,5.93449,9.78529,0.0,11.4166,4.83469,9.10031,1.80803,4.88281,10.5197,4.04876,102.09,142.346,115.83,146.43,136.089,112.125,107.223,109.192,117.233,109.988,105.852,139.686,50.7368,23.645,84.7035,27.2749,206.733,84.0318,76.3786,77.6615,76.28,67.6555,62.04,75.5051,80.2838,19.9405,130.574,28.5255,19.0438,26.2375,24.8265,26.2257,24.7765,25.6087,103.551,81.137,50.3184,49.6229,74.7701,22.2271,32.3124,32.4087,31.6975,84.6891,22.674,23.3601,17.088,24.426,15.398,11.8577,12.8511,15.892,16.6434,16.729,11.375,11.0536,13.5913,11.6526,16.0771,12.3993,17.0572,15.2786,13.9479,16.9787,17.4435,19.2522,21.0339,20.8253,20.9899,27.7709,24.0173,74.3026,38.2458,15.6866,15.6489,16.7115,15.4141,15.6091,16.4389,17.6148,15.3287,16.0236,11.3803,14.202,16.7783,14.1122,15.5056,17.0099,15.9296,12.549,18.085,50.9482,47.6029,46.6177,48.087,40.9302,48.0673,21.0632,23.5067,32.8836,25.931,16.6711,28.9534,19.113,31.9945,20.6172,89.0174,91.1612,77.1793,90.5155,81.7299,104.659,99.9634,101.641,92.9662,14.9612,15.3401,16.7087,15.1367,24.8822,15.5056,20.1557,16.3031,18.5553,14.202,14.1123,12.5489,16.7783,15.6092,25.3175,18.0689,14.493,18.7581,30.8479,35.1504,43.191,40.302,41.914,40.0538,25.6188,40.8792,35.8892,35.9354,35.7274,28.2292,12.1444,24.4953,24.3013,12.4298,10.1078,14.9775,11.6834,11.3443,11.3612,12.2919,21.6094,11.0775,9.37067,11.1272,12.261,40.3686,59.7773,57.499,57.4673,78.6217,83.7425,53.5299,44.6558,81.9603,28.1163,78.9705,60.3752,62.5854,69.4494,32.9526,61.7723,32.7378,42.5992,46.6897,65.0953,50.4633,39.8281,58.4224,67.4665,46.3595,62.3895,48.656,18.7556,84.8843,3.87196,84.5225,53.3086,28.2755,17.6755,101.131,114.153,31.4456,0.0,110.676,177.469,8.11937,9.24807,6.20556,100.621,27.1682,32.0377,74.8215,48.7116,38.5456,15.4712,29.428,41.331,51.1484,38.3501,33.2927,12.5605,47.8075,40.522,33.1551,24.648,19.136,48.4148,67.298,58.1529,33.8527,42.0082,28.0105,46.7031,78.8526,46.5313,41.9319,115.485,42.4087,37.0156,51.0667,32.5285,49.4407,112.984,47.7006,113.318,39.6834,36.6077,36.7621,40.8733,58.3816,85.9959,87.4125,68.7464,95.917,42.8843,30.0067,17.3309,27.4579,23.2118,17.2376,40.3125,42.8533,23.3419,34.9307,93.8215,20.5812,18.2954,17.0372,15.4915,36.2446,28.7164,26.8729,0.0,0.0,13.5432,0.0,20.703,0.0,0.0,0.0,0.0,0.0,0.0,0.0,0.0,0.0,30.3152,15.001,15.6714,1.55233,11.3646,10.3782,26.3822,40.5741,40.0194,31.815,24.3493,33.1225,23.6767,23.957,8.69595
p5.00_sc00001_p0046,24.2647,15.4926,17.4534,0.0,40.9484,0.0,0.0,11.3081,7.53887,15.0037,18.7651,8.77409,19.5733,12.1714,5.48313,8.81877,4.22552,13.3918,3.65978,5.9376,6.85612,4.34881,0.0,12.665,11.9976,11.5767,10.5707,10.8604,10.826,10.6244,11.5665,12.5507,11.6478,12.4179,12.4461,12.4461,11.1958,12.5318,10.8512,9.3194,0.0,9.70151,0.0,0.0,11.6195,10.6129,14.3653,12.6635,14.781,10.7137,34.5766,35.8119,32.5896,28.3922,37.0438,65.5461,33.12,38.9921,56.4084,38.8545,34.7446,68.6487,22.3316,2.4536,23.0938,11.8328,1.11355,15.5521,0.0,0.0,12.0705,8.79873,18.8526,0.0,20.412,18.0466,19.5825,15.1839,14.3548,14.8468,6.5467,0.0,11.7919,7.03729,0.0,13.2329,9.48409,18.801,4.44365,0.990618,15.5025,13.1357,8.44824,14.0723,12.3052,14.6912,15.9601,11.1709,15.1251,18.344,13.1046,9.7291,12.8664,15.563,32.888,14.7386,11.879,16.9766,15.7801,13.2266,24.3699,20.5139,20.0863,18.5158,20.428,20.752,17.8435,16.5333,20.1466,21.6839,15.7412,17.6755,16.0586,16.3086,15.855,25.5592,15.7723,12.7097,28.385,27.7591,29.2635,13.7106,13.4165,14.4886,15.6907,20.9416,23.1291,17.3409,22.1503,20.7511,20.6243,23.6721,12.6975,21.5379,17.8168,17.9431,21.7519,22.1368,24.8716,23.0797,21.741,12.8309,16.4518,20.6135,24.318,16.333,6.68524,17.329,10.6309,9.96739,16.4987,15.5048,15.6916,21.138,30.7589,13.4271,15.5477,15.5658,14.0727,17.6009,10.9727,9.38378,11.7994,13.4701,15.0572,15.376,13.5258,18.5299,17.2224,12.6149,9.33023,17.9049,11.2035,10.5428,9.10119,10.4426,10.1353,10.9398,7.46935,17.8859,16.5383,29.874,29.686,22.254,22.2626,14.1098,24.8886,29.5806,15.3016,14.8707,19.153,16.7542,20.591,20.5896,20.9075,18.0334,21.6131,17.2784,17.0353,14.8243,12.2976,15.5032,17.2224,22.9831,22.5302,19.8121,15.376,18.53,17.9048,13.5258,17.6009,13.5611,13.3389,16.5357,14.8297,15.1484,18.6323,18.9662,25.3729,15.082,23.8457,27.1596,21.6501,24.2169,23.615,25.1452,23.0248,23.0722,25.6887,24.6555,25.2059,22.8672,17.701,18.0047,19.5079,17.6486,17.9637,26.8827,24.475,22.0706,18.2123,24.1489,12.4157,9.9461,9.77357,7.67083,12.5821,10.392,13.2811,10.7605,8.40835,14.6303,15.2088,12.9606,7.50877,8.60915,13.7897,10.0907,23.8461,20.1455,37.072,48.1615,101.683,99.5193,57.2471,70.593,50.7212,101.951,35.7795,15.2377,17.4261,0.0,4.97652,19.3315,9.01751,22.7483,0.0,0.0,0.0,0.0,28.707,0.0,16.7037,12.9366,16.1164,7.85544,3.00799,5.63368,15.2834,6.15283,6.58589,6.67052,1.22182,4.53288,6.82042,3.53835,3.5443,4.0374,4.0457,2.58836,10.3892,5.08789,7.33392,12.1826,6.70595,2.00162,2.16235,2.35695,4.39729,13.8035,10.618,4.17715,3.06586,2.0242,3.43564,5.47246,7.7705,7.04635,3.78134,0.348126,4.16943,4.26329,7.9403,7.18504,2.24276,3.499,0.945929,0.451957,3.4981,0.761141,7.28801,5.54965,6.50007,7.43817,24.2255,7.09305,4.88764,4.68645,3.17719,5.01997,3.77472,11.9125,7.84139,25.1318,21.5375,20.4695,51.0731,51.735,51.1222,0.0,0.0,20.1417,0.0,24.476,0.0,0.0,0.0,0.0,0.0,0.0,0.0,0.0,0.0,21.1824,22.64,14.1957,27.2895,21.9209,18.4323,18.9847,38.5748,54.8774,25.6179,20.8197,45.107,28.9385,14.8664,4.73096
p5.00_sc00001_p0047,6.54206,21.5145,11.1052,38.8671,100.394,13.7189,26.1431,69.5769,36.6714,66.7649,114.228,72.3866,56.2457,28.6122,35.8987,44.7159,10.9366,5.83696,22.9304,22.3089,65.3696,85.3725,122.894,37.9513,63.5916,144.571,98.2012,97.622,98.192,128.405,120.013,145.91,126.031,111.76,110.907,113.07,113.376,140.302,112.827,112.495,57.0768,98.5954,0.0,0.0,120.658,117.528,111.14,153.049,110.639,118.005,175.882,146.277,170.871,159.789,145.393,82.8111,165.258,147.149,78.529,150.858,148.108,74.8751,104.545,62.6353,111.534,126.947,71.8466,98.1601,108.895,114.633,128.839,130.782,72.1482,101.293,167.827,173.512,98.8054,88.088,143.4,130.224,138.877,87.0786,96.728,103.842,98.2842,107.207,84.9671,77.0807,71.3542,67.5733,80.4305,81.3853,47.7994,48.6663,42.0033,44.2122,45.6616,44.55,41.2884,42.7931,45.8102,37.4548,42.333,44.8738,57.4805,300.559,60.536,323.177,73.3268,94.1,83.9393,50.025,52.5714,89.153,64.1542,59.9196,68.8416,472.171,65.4828,326.418,251.508,337.202,317.476,256.019,286.246,440.167,80.55,47.3633,33.4608,63.1767,46.1617,364.636,334.499,395.673,262.668,103.517,372.597,337.415,290.371,276.548,130.104,100.745,122.377,142.701,128.618,130.361,98.4773,97.5206,114.358,100.574,141.465,123.6,142.588,129.708,114.026,141.475,49.4746,273.34,289.186,158.982,192.236,229.921,182.63,73.1166,80.3671,74.9948,77.336,59.4933,55.9785,65.2197,59.9023,88.3756,73.4933,78.094,69.6943,77.611,80.1736,66.62,76.3953,76.0031,84.7706,66.8611,83.5954,52.4895,41.7075,32.1211,59.9082,50.1214,30.4413,98.2582,86.1449,55.1182,245.155,170.648,56.3393,43.4453,66.9982,251.457,75.3494,55.8764,70.2256,74.1883,42.045,63.8024,64.2123,60.0775,59.7608,84.0233,92.4332,92.6629,210.246,223.312,76.3953,61.7332,59.2592,60.6174,77.6108,66.6207,66.8607,80.1735,65.2198,233.463,195.812,197.421,226.456,93.2972,78.0041,89.2132,90.0437,98.6271,89.5519,93.2709,101.749,91.132,93.813,114.498,101.71,74.8692,80.7091,76.6216,78.2618,48.8736,88.5138,58.2772,79.1655,80.2038,84.6875,71.5795,112.73,98.6554,57.0025,111.477,29.0673,21.164,34.0222,24.6635,34.4145,27.9592,29.9709,23.1586,39.2089,32.8851,36.6274,34.1823,38.79,35.7668,62.4332,37.9896,86.9047,74.6138,97.088,121.108,126.88,118.492,121.96,146.963,126.573,156.566,104.567,63.1626,68.7754,49.5506,77.9493,50.8978,105.967,182.414,70.986,57.2113,94.4741,96.9087,113.208,143.275,262.336,192.58,222.913,57.5836,88.7021,60.8736,114.403,170.06,164.898,117.821,30.6214,54.332,48.6452,54.4601,88.301,71.1616,144.015,78.4429,139.81,121.823,109.73,61.9494,68.599,62.2312,73.2391,120.244,88.4015,147.008,122.288,60.1672,97.0004,59.1396,54.1661,144.777,130.995,82.2196,51.7975,25.5104,55.8409,49.9393,63.156,131.942,143.029,44.1486,33.7566,33.8785,48.123,61.1654,73.1745,67.3402,58.4334,125.2,156.444,162.834,105.349,44.1358,51.9306,101.657,119.472,130.166,117.467,74.4091,74.8559,96.4323,92.0552,92.8043,80.6377,0.0,0.0,361.937,0.0,332.38,0.0,0.0,0.0,0.0,0.0,0.0,0.0,0.0,0.0,64.3199,168.747,169.482,66.053,108.91,97.2186,288.55,164.541,305.798,251.96,79.1837,217.88,99.1375,166.017,27.5392
p5.00_sc00001_p0048,52.7786,33.929,50.2838,0.0,46.951,0.0,0.0,55.9309,43.6866,134.247,125.887,42.2895,168.655,77.9232,52.4613,97.8377,9.68986,21.4968,25.1776,16.169,39.3058,29.9178,38.3157,58.0862,0.0,91.5476,77.0311,85.8718,85.1827,65.6755,99.3547,106.657,88.4992,92.8219,93.9554,71.4844,94.6495,69.5155,94.4089,85.6387,0.0,81.789,0.0,0.0,99.1077,106.362,97.0317,70.2981,97.4795,105.808,43.009,50.24,35.1831,41.9588,40.813,60.5317,36.7733,40.0914,81.0167,44.7846,43.2805,96.4068,146.666,61.4008,113.693,62.9722,52.0891,83.3193,95.087,0.0,55.0689,65.595,58.9792,111.179,53.6805,75.1717,48.4734,49.2393,69.6356,62.3936,81.1594,45.7899,65.5996,62.9469,64.9633,47.0481,69.0752,70.2454,81.9648,56.3196,86.4512,46.4581,52.5045,55.671,45.9453,74.9686,70.547,44.8099,53.3418,73.4807,68.9633,42.7319,54.9045,68.9645,55.3285,157.351,71.8634,166.773,81.8619,54.7962,69.5023,69.0432,64.6585,53.9918,64.7786,40.0974,71.1474,148.405,44.3961,233.937,256.628,281.146,241.444,231.764,167.916,168.641,50.0899,45.41,80.0466,75.5727,57.5317,166.996,169.57,158.718,217.35,97.523,312.067,292.011,123.414,166.498,59.8614,49.4291,32.6799,68.7719,59.1353,59.1165,49.8245,49.3567,33.1565,49.4131,68.6915,32.6643,64.4894,59.9361,32.8321,64.7209,112.423,107.68,107.585,62.3572,105.546,115.901,108.074,29.9956,52.7589,59.3639,67.1091,69.2981,62.9747,86.2539,63.9037,84.3724,59.9139,73.428,60.2026,102.131,93.682,85.6461,89.2411,72.9537,68.6713,77.1807,84.2849,158.997,83.505,69.4296,125.625,121.397,57.7258,71.5711,73.4712,46.3581,149.198,161.505,32.7033,60.5897,48.8621,137.08,79.9093,102.141,77.9618,72.638,73.3531,94.5469,68.5353,78.2613,69.328,73.5388,79.0265,73.5547,80.1619,159.985,89.2413,103.295,104.791,91.6564,102.131,85.6463,77.1806,93.6821,86.2539,165.589,65.7893,72.1675,186.862,88.5334,94.9582,99.4562,98.4121,105.087,85.4258,61.3346,81.8266,78.6539,114.477,77.0351,72.0965,144.266,113.9,108.195,145.695,118.273,140.177,118.198,167.262,157.891,161.978,116.711,117.826,123.26,112.414,125.203,87.8138,110.38,120.184,122.708,96.3475,106.904,74.3162,105.981,140.298,95.4409,156.999,134.224,171.606,162.324,234.389,88.4855,201.936,212.409,66.2568,36.8766,47.3001,48.2431,42.8655,37.9045,51.8106,61.0687,26.9114,27.6165,181.996,58.0133,50.5549,62.6926,20.3791,167.605,79.8736,75.0992,0.0,168.629,43.2985,0.0,205.679,153.263,102.572,217.805,270.741,108.376,161.523,382.525,291.179,119.541,127.484,158.148,140.053,168.367,240.851,188.77,311.956,148.389,189.403,215.583,148.559,139.685,118.752,142.866,243.801,235.654,210.167,211.78,161.65,145.48,167.227,155.502,142.306,191.377,228.594,146.773,196.962,210.755,125.491,182.261,152.952,255.07,271.725,156.465,139.37,209.875,271.403,253.961,254.272,106.053,141.605,210.247,118.46,262.725,246.848,212.635,126.045,213.606,211.163,143.689,256.585,145.486,119.085,182.054,78.297,77.4866,88.7778,0.0,0.0,68.1329,0.0,83.8895,1115.28,0.0,0.0,0.0,0.0,0.0,0.0,0.0,0.0,67.7255,125.0,116.161,92.5774,108.329,121.601,213.362,74.4623,95.781,45.8957,44.9889,76.3173,53.6605,33.4587,17.4725
p5.00_sc00001_p0049,19.5144,11.4592,13.2424,0.0,0.0,0.0,0.0,0.849537,0.632047,7.93401,4.76092,0.584632,4.01353,0.735829,1.11277,0.984148,1.32327,0.0,0.0,0.0,0.0,0.0,0.0,0.0,0.0,1.10682,0.834262,0.410866,0.394393,1.03305,0.497395,1.01303,0.989176,0.697987,0.620267,0.423985,0.508128,0.550391,0.509088,0.668998,0.0,0.950295,0.0,0.0,0.496379,0.449805,0.711649,0.84883,0.729524,0.465639,1.22499,0.967559,1.50215,1.58068,1.38257,1.60992,1.40042,1.41575,1.85946,0.683099,0.716421,3.11083,2.14617,0.0,1.3454,1.51306,0.0,0.0,6.5732,0.0,0.270935,0.0,0.0,0.0,0.0,0.0,0.0,0.0,0.0,0.174626,0.0,1.538,0.501868,3.05312,6.73647,4.31811,2.02653,0.0,0.0,0.0,0.0,0.0,0.18939,1.09386,1.91138,0.556362,1.43173,0.408001,0.853595,1.2019,1.54133,2.22826,0.797283,0.640003,0.174336,0.375311,1.64665,1.2364,3.24388,1.06633,0.940264,0.320267,0.765841,0.781721,0.711012,1.81977,0.711966,0.79615,0.903634,0.262629,0.355752,0.792422,0.322488,0.762528,0.756572,0.950458,0.770988,0.0,0.426571,0.268502,0.0,1.32707,0.698624,0.771229,0.087075,1.13455,1.46671,0.65159,0.812194,0.570228,0.810962,1.21423,1.29725,0.773997,1.00683,0.92954,1.17393,1.22969,1.19144,1.21527,0.739543,1.21762,1.00894,0.77194,1.14209,0.986513,0.930469,1.74831,1.54916,2.7931,1.20251,2.89329,0.880779,2.33079,2.77396,0.266493,0.638838,0.730921,0.161506,1.25648,0.336247,0.616073,0.226774,1.05335,0.45216,1.24588,1.14975,1.1739,0.64201,0.667542,0.258369,0.613396,1.1344,1.01625,0.481131,1.25193,0.385861,1.3518,0.392086,1.66678,1.40964,1.9017,1.97272,1.44445,1.74689,2.2615,2.00824,1.53394,0.776027,0.265716,0.811053,0.843659,1.39352,1.07577,1.34417,1.35775,0.965396,1.82727,1.36593,2.23155,2.62276,1.90666,0.64201,1.23936,1.51544,1.63126,1.24587,1.17391,0.613394,1.14975,1.25648,1.2687,3.47309,3.96231,2.1915,0.307473,0.059162,0.525449,0.511453,0.121105,0.157685,0.258717,0.483619,0.123817,0.335387,0.290495,0.540544,0.898124,1.50377,1.87861,1.23115,1.75066,0.732956,2.29283,1.85101,1.12085,1.42124,1.08657,1.24649,1.63824,1.8355,0.976893,3.60186,3.65956,2.41354,3.10083,4.70163,3.78823,4.33747,2.96323,4.1969,3.43752,3.07721,3.59243,4.01485,3.29506,3.00748,2.9711,3.00776,2.59814,2.30632,2.86618,2.40048,2.66605,2.32265,1.78044,3.03477,2.63879,2.72781,0.684561,13.5675,0.0,11.0839,7.55739,0.0,27.3761,0.0,0.0,35.6121,0.0,21.1179,0.0,1.65275,1.31159,1.13773,0.298184,0.0,0.0,0.277458,0.095152,0.109997,0.412631,0.0,0.0,0.776686,0.0,0.197322,0.0,0.211159,0.0,0.0,0.193131,0.306226,0.0,0.311117,0.0,0.0,0.196827,0.0,0.0,0.0,0.0,0.365755,0.0,0.179318,0.53317,0.463508,0.0,0.0,0.145359,0.217617,0.0,0.0,0.576942,0.0,0.5844,0.0,0.0,0.0,0.0,0.0,0.0,0.0,0.405103,0.0,0.386307,0.388728,0.279545,0.265326,0.0,0.414769,0.0,0.167905,0.394997,0.267555,0.740789,1.68036,0.875187,1.07985,0.0,0.0,1.62671,0.0,0.964702,0.0,0.0,0.0,0.0,0.0,0.0,0.0,0.0,0.0,1.78987,0.588635,2.21344,0.0,0.933798,0.271455,0.0,0.0,1.273,0.668544,0.501532,0.918747,1.86721,1.97102,0.56143
p5.00_sc00001_p0050,16.9205,12.1939,19.9618,0.0,0.0,0.0,0.0,4.3441,4.87969,1.46537,0.503097,5.707,2.12571,3.91913,3.34254,2.35161,0.687957,0.0,0.0,0.0,0.0,0.0,20.4489,0.0,7.34168,4.70081,7.04696,4.33319,3.94225,7.85863,4.17822,7.83709,5.58357,4.17168,4.71091,5.11006,6.70854,9.5195,6.91125,5.40412,0.0,6.9701,0.0,0.0,3.9072,4.97182,5.3096,8.35646,5.69148,4.80133,3.62551,3.2409,3.40702,3.05392,2.16802,64.5916,2.95161,3.77788,60.3708,3.27761,2.42442,36.8188,10.8787,12.2705,12.3917,16.1661,17.2626,19.4943,7.9539,68.7017,17.7413,19.3083,8.8363,0.0,35.7551,30.1908,37.5497,27.6943,23.5592,5.80431,7.62885,8.90837,13.7025,20.4281,13.0104,14.9808,8.18569,12.6042,14.6946,15.8684,12.8245,6.39678,2.78184,2.33726,1.99054,1.91402,6.35061,1.56602,1.60165,1.12374,1.07259,0.957977,2.22337,0.608058,3.82555,2.90545,2.78337,4.14187,2.07646,2.835,2.57995,3.93154,7.11232,3.93238,4.09087,7.34,2.99992,3.90237,4.97672,2.69935,2.76524,2.84789,3.87479,4.32837,1.40216,6.46017,2.79549,1.33435,2.49416,4.72813,1.69309,3.46815,3.65747,3.26067,2.3005,3.95935,3.59015,3.2003,7.48824,5.07657,2.99992,2.7563,1.62566,2.94016,3.98418,3.71212,2.56818,2.49917,2.16682,2.25299,3.04838,1.84642,5.45409,3.36246,2.40431,4.95948,2.04539,8.21398,10.2126,9.43092,4.70862,13.5781,4.82687,1.37961,1.38297,1.49014,0.935497,1.00632,1.12288,3.10914,1.23863,1.86202,2.37828,2.16166,2.05956,2.85303,2.18725,3.13551,1.92473,1.69105,3.27054,3.40627,1.37234,4.70103,2.06523,2.59403,5.17856,6.04873,2.9962,7.70312,8.46706,3.29326,8.12432,10.3653,4.28364,6.31982,4.71285,14.6786,5.07037,4.1005,5.88911,6.11761,4.18007,4.93533,8.42474,4.76583,4.60886,9.43895,9.95708,8.59312,4.19708,6.82013,1.92473,5.72881,3.83834,4.0925,2.85302,3.13553,3.40626,2.18725,3.10914,7.57105,10.0627,2.91732,9.12887,0.128746,0.0,0.220018,0.0,0.133112,0.132053,0.0,0.0,0.0,0.0,0.0,0.0,2.75749,7.17322,5.6456,2.11834,3.71138,4.96588,5.12129,3.09337,3.15396,2.79176,4.32314,4.55502,4.03345,4.55317,4.53451,0.934302,0.809935,1.43273,1.08196,0.598311,1.3889,0.946949,0.48909,0.868517,0.464077,1.05985,1.53573,1.28651,0.080671,0.939458,0.575542,0.232695,0.738983,1.75489,4.26025,7.53518,5.98461,7.03495,10.7306,7.16308,7.4529,5.29819,0.498832,15.3769,0.0,0.0,1.5461,0.0,0.0,0.0,15.451,0.0,0.0,0.0,132.148,1.37878,1.08967,3.09922,0.873994,0.460169,0.383045,2.03312,0.836688,1.77324,0.0,2.243,1.58503,1.13826,0.0,0.715705,1.50792,1.5473,1.58389,0.0,0.990656,0.149595,0.0,1.36785,0.612423,0.441068,0.288464,0.842228,5.22895,3.97066,2.55612,1.87609,0.619332,0.788387,0.22325,1.49443,1.43729,0.330559,0.213028,1.59462,1.86345,0.97178,0.169105,1.59173,2.9976,0.868262,0.829697,1.78382,0.0,1.91132,0.0,3.97758,1.58317,1.74403,1.321,0.142423,0.0,0.777685,1.02395,1.702,2.04108,0.369105,3.2937,1.00366,2.98744,4.21211,5.26703,3.47555,0.0,0.0,2.72664,0.0,7.81527,0.0,0.0,0.0,0.0,0.0,0.0,0.0,0.0,0.0,0.796063,8.97109,15.3211,0.0,13.364,6.53226,21.9308,5.37873,30.5088,9.41917,1.4701,18.9958,1.73496,6.23917,1.63388
p5.00_sc00001_p0051,27.8925,31.7324,15.7602,0.0,0.0,0.0,0.0,0.571702,3.24626,0.573052,0.331156,2.46765,0.733089,5.3521,2.07933,0.98694,0.0,1.7315,0.0,0.0,0.0,0.0,0.0,0.0,0.0,2.70822,6.33439,1.59501,1.51873,6.86518,1.3244,6.12627,1.83947,1.56224,1.53788,2.05451,4.94957,4.56779,4.75814,2.44675,0.0,4.24552,0.0,0.0,1.37588,1.94383,1.90105,5.08526,1.91629,1.75076,2.13084,1.34277,2.00995,1.12472,1.72332,27.6336,1.48939,1.48253,32.3236,1.29684,2.70769,19.9342,11.469,6.46927,4.81658,2.10479,0.0,2.93582,6.73983,24.1403,4.15987,12.2057,3.10587,0.0,9.95546,11.9347,14.7642,13.0557,0.0,3.19144,1.07312,3.91311,0.771185,9.89326,8.00142,9.1778,8.98139,5.3157,9.69125,13.989,0.0,8.18921,3.0871,2.09284,1.11212,4.33638,7.10633,3.23093,1.08816,1.05941,1.38503,0.0,4.33108,0.104649,2.42981,4.23046,2.80424,5.33228,3.05171,0.672317,3.32932,3.32588,5.77832,3.34703,2.50033,2.11516,3.07677,3.06287,2.45453,1.53412,2.84422,3.69518,2.44696,3.6568,2.10341,5.69477,1.30472,1.4938,0.658446,1.24907,2.45845,0.851376,5.37916,3.91161,3.7146,4.24987,4.93101,3.99343,6.8633,5.94636,2.3613,1.70551,1.36809,2.99978,3.61402,3.87868,2.2612,2.50026,1.89579,1.77908,2.99123,1.3267,4.04281,2.42359,1.96353,4.38975,0.720371,6.62798,9.65065,9.42531,6.52836,21.5983,6.42317,2.94756,1.18987,0.957462,3.08786,1.5942,1.43623,4.3564,0.83196,2.22016,1.33244,2.09375,1.88175,2.22982,1.89567,3.3195,2.85348,1.97406,4.66124,4.55416,1.18034,11.9827,6.54927,5.23249,8.15529,8.85542,5.41636,5.302,8.89173,5.4513,10.9352,18.0189,5.8041,7.72961,6.85788,12.6608,5.40006,5.52023,7.53371,5.72552,4.00757,4.10346,7.19835,3.90503,5.05068,12.2718,10.2393,11.7767,7.04551,13.6132,2.85349,10.6808,7.15415,7.88183,2.22982,3.31952,4.55415,1.89567,4.35641,11.8284,9.939,7.71977,12.0051,0.0,0.0,0.0,0.0,0.0,0.0,0.267045,0.0,0.0,0.051927,0.0,0.0,4.00102,6.89188,4.92542,3.42841,5.19204,3.95461,4.70991,3.41087,3.68325,4.01363,5.37697,4.21375,4.53219,5.64491,4.10783,1.23448,0.966083,1.75323,0.29865,0.210902,0.518066,1.45571,0.310153,0.834333,0.140084,0.522778,0.769347,0.724989,0.341047,0.148923,0.959351,0.0,0.260522,1.44797,3.72661,9.06333,4.0388,6.58904,7.76897,5.46102,7.74403,2.94064,0.210591,13.0721,8.30294,0.0,4.88038,12.0873,0.0,10.1341,0.0,33.5977,0.0,0.0,0.0,0.376537,0.688072,0.776477,7.84842,1.94461,4.04674,10.7396,3.3884,1.53276,1.91661,3.68613,5.44221,1.20253,9.72177,1.6803,0.870034,3.26933,17.9882,4.02984,0.747552,0.632166,5.77562,5.78036,8.41104,1.86389,1.82847,3.59086,10.1985,15.6354,2.70045,8.49437,0.654302,3.05398,2.24063,4.5929,4.55533,8.03214,2.02551,2.35853,5.51227,5.64658,3.57307,2.02371,4.97649,3.66915,3.79836,4.89982,3.93651,3.3654,7.77345,5.6029,0.0,5.06691,1.59496,0.60186,0.86563,7.80517,2.16355,2.18341,12.3219,2.59965,1.85685,1.71734,2.5477,3.48551,2.20444,2.99032,0.0,0.0,0.410328,0.0,5.00505,0.0,0.0,0.0,0.0,0.0,0.0,0.0,0.0,0.0,0.644656,5.69932,9.55617,1.65941,1.92816,2.16201,7.06264,2.52536,17.0393,1.77627,0.258838,11.5798,4.04869,6.32868,3.61815
p5.00_sc00001_p0052,3.64603,6.04349,3.23185,222.243,74.4149,0.0,37.3719,3.95671,23.5149,0.495531,0.165345,15.2593,0.819236,2.88601,3.24573,1.73216,0.0,0.0,0.0,0.0,0.0,0.0,0.0,0.0,0.0,41.9579,46.7231,20.0393,20.4284,33.0969,9.92619,21.0806,63.5389,5.92068,5.40958,8.46601,8.87765,4.04625,9.0105,42.0462,0.0,25.8696,0.0,0.0,10.4833,12.3779,10.7999,61.0427,10.8497,12.5111,53.9119,43.9493,61.2107,57.583,49.6556,0.461988,59.5207,45.0821,0.770753,50.1154,44.3487,0.414466,51.2031,43.8058,41.8093,57.6855,29.654,50.134,43.1766,39.759,45.7481,41.8415,58.6133,37.5763,58.9312,54.074,36.8716,38.3844,57.966,68.7554,55.3756,29.294,59.6775,51.3227,44.1676,47.5773,51.8504,60.7765,38.6496,41.0849,65.6657,59.6021,8.81543,46.8762,2.07524,21.633,8.85435,2.98305,1.48881,8.23281,2.01389,3.73475,1.08889,2.03104,11.9329,1.16736,9.01245,2.186,8.28872,9.30945,18.4642,23.3994,31.2562,21.2046,3.04734,24.0276,8.44064,0.611025,13.4609,0.6865,0.189066,1.06466,0.730973,3.04117,0.910848,0.513322,23.054,12.8414,1.59469,76.7126,8.56539,0.828294,1.08754,4.08907,2.62235,10.3405,0.908773,1.72103,6.36304,44.6057,70.6148,69.4157,53.8534,52.2829,69.2428,69.3189,88.8549,88.7533,118.68,69.608,52.5798,52.9709,58.3403,70.6378,118.842,58.3501,10.4134,55.787,53.1172,71.3829,59.8335,26.4004,59.1559,7.70132,0.870608,52.1712,186.712,64.8701,53.5191,4.33973,61.3287,58.2203,58.1493,198.948,55.2569,48.3495,42.966,5.0019,50.631,185.042,52.9353,4.23581,60.4058,50.2696,8.37203,30.076,28.2522,47.2186,7.77245,22.989,16.5621,58.9578,32.1273,26.0602,75.3718,20.424,68.7463,34.5998,17.9064,16.2751,26.3837,30.3812,8.95624,18.4901,23.6318,20.1395,20.3237,0.677557,1.0772,0.85902,2.60044,2.66725,50.631,3.56258,4.81721,5.66348,48.3494,5.00195,4.23579,42.966,4.33974,2.93193,4.52006,2.99013,3.027,4.94318,4.51251,8.57852,7.21509,4.91316,8.31941,7.55861,17.9584,16.2675,7.22301,12.3077,6.37481,51.1844,84.2966,81.5644,50.5998,30.9494,52.4982,35.8175,3.86876,3.67695,3.64481,73.4328,5.25705,5.02091,34.1346,4.97366,1.80697,4.12318,4.46281,3.94927,4.4286,2.7836,2.98318,1.42567,11.6635,0.449903,14.2881,2.86439,3.0975,8.31572,1.80761,5.99813,1.34189,1.71561,29.2621,8.87551,25.9764,19.1005,55.0114,14.7808,6.87005,11.7507,21.3235,23.1958,44.7815,6.7487,0.0,5.47404,7.5857,10.9747,0.0,40.9534,0.0,0.0,1.33365,0.0,1.66106,0.522746,0.596381,4.07873,1.3666,7.80038,12.5933,6.80353,11.9685,12.1226,4.96946,1.3449,3.21939,1.8372,9.50816,7.33711,8.27121,5.54375,11.0583,9.30483,7.17164,1.47595,0.0,1.94867,4.86523,4.28324,5.94892,25.9381,5.66626,0.27111,0.22741,0.0,0.780442,10.627,8.54887,3.65864,3.22553,0.451889,2.43548,5.85024,4.32894,8.4657,15.0738,1.81677,1.47345,5.98401,2.42173,4.34724,8.10881,5.04265,3.375,6.63271,11.4686,18.9412,10.5742,2.60713,0.0,11.1913,5.87978,11.0097,26.4138,9.48224,6.18287,24.0259,8.79098,14.4765,9.63776,0.0,0.0,27.8061,0.0,51.8602,0.0,0.0,0.0,0.0,0.0,0.0,0.0,0.0,0.0,175.62,2.23135,44.2771,6.92649,125.764,35.668,6.87251,1.14093,21.845,56.399,5.01674,5.71327,32.3595,39.1753,84.7981
p5.00_sc00001_p0053,22.5901,27.3634,32.6201,0.0,116.469,0.0,0.0,0.0,0.0,0.29688,0.0,0.101812,0.0,0.0,0.0,0.0,0.0,0.0,0.0,0.0,0.0,0.0,0.0,0.0,0.0,4.41449,0.462873,42.8627,42.21,0.951422,31.7234,2.44936,1.87116,0.962241,0.942102,0.669381,1.00955,0.023546,1.01146,0.692339,0.0,2.44261,0.0,0.0,31.4131,8.2842,1.45925,1.06091,1.51568,8.41115,2.38414,2.2469,1.3543,3.1405,2.35448,30.0176,3.13016,2.71234,25.122,2.47201,3.05011,30.0833,712.655,645.209,683.19,1059.82,317.462,770.282,503.606,634.633,601.635,706.284,493.602,711.184,418.952,483.657,676.851,557.316,460.873,679.33,512.705,436.428,660.856,880.862,532.912,666.886,690.109,551.434,604.129,718.365,524.064,760.58,0.0,0.0,0.0,0.0,0.0,0.0,0.0,0.0,0.0,0.0,0.0,0.0,0.0,0.0,0.175621,0.0,0.0,0.0,0.0,0.0,0.0,0.0,0.0,0.0,0.0,0.0,0.0,0.0,2.08796,0.0,0.123367,0.0,0.428247,0.0,0.0,0.0,0.0,0.0,0.0,0.0,0.0,0.0,0.297288,0.0,0.147883,0.0,2.32798,0.0,129.358,33.5925,49.3704,45.5998,35.2447,35.3954,80.2469,80.0654,40.0951,33.8392,45.4021,49.0,61.1607,129.257,40.0843,61.0644,25.353,0.48473,0.0,1.1607,0.571466,0.0,1.1713,0.10262,0.0,4.43129,0.407457,2.56444,1.71622,0.663313,0.997501,0.558527,8.28895,0.824413,4.60048,1.39194,0.976864,0.690714,1.20815,0.199967,0.73117,1.19937,0.963674,0.0,0.0,0.092177,0.109355,0.0,0.110965,117.531,90.6176,9.45655,792.674,618.123,18.9806,59.1435,37.7671,692.32,0.061131,0.073104,0.366031,0.0,0.134986,0.0,0.0,0.17255,0.0,0.0,0.0,0.0,0.237786,7.85457,1.20815,0.940456,0.516473,0.07715,1.39194,0.690718,1.19937,0.976864,0.663315,6.00604,0.0,0.158293,3.9832,3.44091,9.8233,0.255664,0.18664,3.40292,0.230172,0.440588,2.0273,1.33543,2.74154,0.0,0.065752,328.403,87.1509,91.0766,333.893,424.09,341.884,433.242,627.571,637.534,625.919,97.2398,511.315,481.196,437.178,495.939,0.0,0.0,0.0,0.0,0.0,0.0,0.0,0.0,0.0,0.0,0.0,0.0,0.0,0.0,0.0,0.0,0.0,0.0,0.4268,0.0,0.226284,0.98011,0.303734,0.316401,0.088968,0.07734,0.38394,0.635812,0.0,0.0,0.0,0.0,0.0,0.0,0.0,0.0,0.0,0.0,0.0,0.0,31.1117,0.057213,2.21294,0.0,0.0,7.56678,3.30752,20.4171,2.24786,5.79726,1.448,0.0,0.881782,0.0,0.0,6.06074,5.57376,0.920254,0.0,0.164448,0.173831,12.1278,2.11929,5.33734,0.0,0.0,5.1016,0.0,0.0,0.742563,0.0,0.359837,2.44298,4.66957,12.6294,0.0,1.15234,1.23771,2.22357,0.0,0.564612,0.0,3.18953,0.0,0.0,0.321374,0.414566,0.0,0.0,0.0,0.0,0.0,0.0,0.438579,0.330996,0.0,0.0,0.198309,0.847608,0.338824,0.285938,1.83327,0.792404,7.94608,2.38663,3.92146,1.17127,0.0,0.0,4.12571,0.0,3.62637,0.0,0.0,0.0,0.0,0.0,0.0,983.493,2287.61,0.0,0.995839,24.3424,28.0776,0.0,82.2368,44.4635,22.3491,0.347208,31.6497,4.17454,3.41638,2.3469,0.968559,0.741064,38.0669
p5.00_sc00001_p0054,25.4404,20.0146,15.3709,0.0,28.7293,0.0,33.6657,4.25328,3.86157,7.38752,9.58404,4.42413,8.88434,4.38664,4.38572,2.31077,0.741154,5.63738,2.5677,1.56218,4.81025,0.0,11.7227,17.7715,25.2525,8.56097,7.61733,3.65641,3.61932,8.81616,4.12491,6.907,7.27863,3.96523,3.80271,5.39752,5.57816,7.67173,5.90235,7.84665,0.0,7.81098,0.0,0.0,4.25101,5.09465,4.8807,11.0686,5.22194,5.2533,5.73393,6.0597,7.72058,6.78754,5.37221,16.0226,5.14743,5.94714,15.2055,6.02595,4.51421,10.4542,15.9498,5.24957,11.922,7.97241,0.789257,9.52569,8.19358,0.0,1.35165,1.3952,6.72108,56.1752,5.38185,8.6037,12.7661,12.4561,4.57409,3.44997,5.22917,1.69298,7.72765,5.03426,8.65515,6.62653,10.0998,0.0,6.29866,3.53532,7.93902,7.29507,12.7712,10.9726,8.86657,8.64295,10.7794,6.58744,5.65367,8.823,12.4447,14.1595,6.04524,8.80242,6.14284,6.57044,5.11146,5.72088,8.57725,5.04058,7.7494,7.22947,9.91783,3.63368,1.67082,6.88805,6.77845,4.41268,8.75778,3.70029,4.03377,4.90564,6.08403,7.33438,6.93032,4.87771,4.80367,3.15029,2.14218,9.94443,7.27179,5.81321,7.17093,6.84467,3.88628,4.98211,6.05413,7.1375,7.57758,7.63306,6.45635,7.30192,7.86607,5.20214,8.36483,8.52793,6.54049,6.16425,5.67719,6.98578,5.06377,7.99492,5.80735,6.38811,5.69716,5.94582,12.5076,8.37603,11.0271,8.02286,10.157,14.2269,8.67439,4.05242,8.21117,6.30045,3.81943,5.04355,4.60616,7.70857,4.91396,4.26562,8.02871,3.93212,7.4907,4.77424,5.59072,6.13398,5.09256,6.05126,4.11254,9.70596,4.89038,5.41655,3.57066,1.54641,4.63832,8.00189,4.16087,12.9157,16.5619,14.5004,20.8267,16.0103,16.543,12.2919,14.7285,17.6088,6.15796,8.23094,10.4831,6.45834,6.59746,7.98666,10.8851,3.23789,7.6959,5.68244,6.25827,4.44054,6.25774,9.47383,5.09257,7.26817,5.96939,4.49125,4.77423,6.13402,9.70593,5.59072,7.70858,7.16528,7.34927,4.52978,7.20511,1.69754,1.19292,1.13516,2.08708,1.57705,1.05983,0.289812,1.50022,1.10959,0.788963,0.348653,1.42728,6.5844,8.27976,6.79827,6.18423,12.2646,8.98509,10.7083,9.73381,8.13618,7.8252,6.61666,7.84536,9.32445,11.5501,8.67333,3.12867,3.78975,4.06716,3.49572,2.9013,3.5931,3.85317,2.24547,4.8913,3.04067,4.78564,3.08037,2.0697,3.51851,5.82127,4.20967,6.59002,4.87901,12.986,13.5948,12.2813,8.70451,13.2619,13.4277,20.4545,10.6077,16.9759,5.7617,11.0458,0.0,7.21454,33.3294,19.5648,57.2044,0.0,4.38456,0.0,0.0,10.3569,0.0,1.73826,1.97747,2.80921,0.0,0.0,1.7567,0.932417,0.799411,1.10896,1.04001,0.571486,1.81729,0.870035,0.620625,1.49201,2.83263,0.709614,0.453997,0.728902,2.10934,2.91577,0.569821,3.13659,1.05325,1.0114,1.48827,1.13663,0.922335,0.0,1.09901,3.38015,1.06513,2.41044,1.02386,2.80377,0.0,0.0,0.0,1.46263,0.854605,0.557091,0.38777,1.74836,0.981958,1.65916,0.317092,1.22713,0.0,0.0,1.29788,0.760074,1.58827,0.9998,3.46189,2.61269,3.28801,2.22911,0.782668,3.06649,1.67155,3.10341,4.12942,3.35724,5.27532,8.02176,7.30306,6.74992,0.0,0.0,6.32627,0.0,9.94513,0.0,0.0,0.0,0.0,0.0,0.0,0.0,0.0,0.0,4.29505,11.5394,10.2477,12.5385,14.4461,8.871,6.30554,6.16649,3.42239,5.24228,3.65177,11.9641,4.07506,6.8603,5.93969
p5.00_sc00001_p0055,26.3671,10.8177,9.63966,0.0,0.0,0.0,20.3914,14.3638,9.83328,26.8861,22.8335,16.3037,27.4989,18.3905,15.6107,17.1238,1.79567,2.27638,1.55526,4.41567,23.3086,9.24035,14.2009,21.5285,15.2955,19.6045,23.8733,17.16,17.121,22.8713,18.5507,24.7853,20.8335,17.7933,18.2217,23.9924,22.5477,25.3807,22.4176,22.7689,0.0,21.7232,0.0,0.0,18.4313,18.8881,22.9701,25.8163,23.3285,18.6008,8.45999,6.26649,7.10448,6.97121,7.29941,49.407,7.03734,8.10493,54.5031,7.56058,6.92681,41.7241,10.9164,9.68725,20.9894,13.2942,27.0273,12.7193,30.6532,0.0,8.27008,12.665,18.5999,17.3597,0.948992,2.65306,21.7089,22.8725,5.27857,9.05915,6.04987,26.5979,19.5324,10.0938,26.2697,10.1389,5.72747,23.5977,13.8008,13.4932,20.5475,3.8507,17.1564,25.4906,14.7535,22.6546,32.7029,21.0452,19.8275,22.5123,16.5965,12.9483,20.2062,18.2417,14.7262,35.9592,26.0299,23.7563,31.3514,20.5873,24.042,16.0835,17.7996,18.6784,17.1493,17.5953,24.2984,42.3745,19.5447,31.8062,22.6803,40.7768,45.1683,44.8411,36.7008,34.7604,25.9678,18.7805,14.3253,18.5832,22.3893,21.0435,53.9897,58.4676,38.4202,23.3692,38.6844,36.7987,29.6264,47.7659,14.9547,15.263,9.10803,12.435,16.3573,16.3476,11.759,11.7017,11.6191,15.1893,12.3814,9.13219,17.6313,14.7308,11.551,17.745,56.3457,17.4864,22.5852,26.101,17.1237,31.4686,21.6798,15.9113,16.579,13.1972,13.3282,10.2346,11.6289,15.0803,10.4791,15.8412,14.8611,13.8527,11.4114,13.7497,17.2004,16.1283,16.1737,14.306,14.9874,15.5572,13.1527,20.8123,15.3949,15.6127,21.2145,21.5539,16.6257,34.1045,35.485,38.4149,21.2416,23.0065,39.2871,29.1454,39.3096,21.4443,19.2043,24.3749,21.2462,17.6724,23.2995,20.2387,25.6768,20.3318,20.7851,15.9832,16.4494,18.889,17.6814,18.8366,16.1737,17.0062,14.4633,16.5559,13.7497,16.1284,15.5571,17.2004,15.0804,21.5284,21.2061,16.1768,16.5548,17.6136,15.8359,21.5821,17.9212,20.7684,18.5245,25.0144,18.3251,18.9442,14.9507,16.5142,19.0191,16.3644,21.5851,18.0593,17.6683,16.866,21.2256,18.3244,15.2524,15.2326,16.3759,18.7851,15.7537,11.7625,17.0851,14.7053,21.8894,19.7867,21.5865,19.9143,25.5392,23.5142,24.1622,22.0616,23.3843,17.0325,24.6168,21.8238,20.8495,20.4026,28.0056,26.5328,26.1034,25.2512,18.0081,18.8897,27.5954,19.1727,25.547,27.0317,17.8921,18.8912,19.9847,7.90601,30.5502,5.49525,22.5421,3.29344,12.1988,0.0,61.3154,5.48028,13.5803,0.0,38.6588,59.3641,7.60766,10.6716,16.588,13.0495,5.1131,6.91624,7.90674,8.32832,5.59748,9.65899,7.26915,6.60443,10.5396,10.5256,9.94082,6.67229,7.4143,8.24961,18.5429,10.7125,7.47989,10.6994,5.69951,9.35666,7.6576,9.81575,8.2615,12.5699,10.5285,11.3164,3.72248,11.3977,5.47503,6.8992,5.94387,7.98511,7.34591,13.0187,9.9666,11.6468,6.41119,5.51952,6.77749,4.75819,10.6525,11.1397,4.45965,11.9678,10.1762,7.07513,5.98491,7.83359,9.3865,9.69805,6.72568,8.25072,9.45124,7.34799,9.54019,5.87228,10.3386,15.0894,10.6765,12.5901,15.5274,12.9229,12.3597,0.0,0.0,9.44856,0.0,25.2084,0.0,0.0,0.0,0.0,0.0,0.0,0.0,0.0,0.0,10.1896,21.551,32.6405,8.92011,19.1312,21.5334,37.821,13.4877,15.0289,16.3299,8.84754,13.3245,9.10858,11.1893,5.98908
p5.00_sc00001_p0056,54.0024,120.353,49.028,166.737,191.416,117.707,448.61,9.75484,21.9118,27.1485,24.3025,13.7245,31.3583,33.1276,15.9982,19.9412,12.3453,6.26005,8.55393,8.67364,16.0247,20.3288,0.0,0.0,0.0,36.3335,38.3912,52.2158,48.3989,42.0425,47.5117,35.7323,42.5439,43.629,48.7022,27.1976,43.8973,26.0855,42.2704,41.7121,0.0,39.0387,0.0,0.0,43.7397,61.2675,56.5013,36.2494,60.4374,57.9011,31.3465,25.6031,30.6662,43.7488,35.3098,16.6371,34.2959,45.5677,13.8781,32.5018,38.5988,22.3885,0.0,0.0,0.0,4.19469,0.0,0.0,0.0,0.0,0.0,0.0,0.0,0.0,0.0,0.0,15.1649,16.8864,0.0,0.0,0.0,0.0,0.0,0.0,0.0,0.0,12.859,0.0,0.0,0.0,0.0,15.7963,15.174,10.4795,37.5189,26.9727,25.1713,30.4869,21.6151,22.7683,26.4526,56.1701,25.0047,30.6175,21.1185,33.8503,17.215,40.457,20.6866,36.7665,40.5539,20.3204,23.3737,21.0537,19.7101,38.1499,25.7451,28.2934,21.7063,22.4803,44.5909,31.4767,22.3069,32.6534,28.4621,33.7286,16.6544,18.966,18.5353,21.1481,27.5807,36.5768,27.0227,34.4504,55.2751,35.6658,26.9983,43.842,37.9965,35.4703,49.6099,49.6046,54.8299,59.8305,70.8659,69.9313,69.5164,68.2599,61.2176,47.3797,59.1976,54.2117,50.589,50.6642,59.4351,51.3799,10.4168,38.8181,40.0273,34.5158,24.1112,56.1667,21.2394,44.5573,47.8463,76.9119,46.097,80.5889,57.7786,83.0467,88.603,66.885,66.0437,51.8412,67.5802,63.9336,56.6745,71.145,42.8178,50.5786,70.7009,78.0213,67.6713,61.2519,28.7015,37.8975,54.5265,48.5325,33.3805,24.8001,20.3037,80.4867,37.8996,40.7002,62.5018,17.8328,62.4113,39.951,28.7902,31.2153,33.1057,29.7621,23.2537,30.9685,27.3665,28.2238,31.541,62.3429,51.9013,57.6786,31.9804,62.6254,42.8182,69.0272,46.4659,48.1174,63.9336,71.1447,78.0216,56.6745,83.0468,68.2233,51.1277,38.1198,47.3329,63.4356,61.5975,54.4135,59.9169,58.6383,64.5607,57.6868,49.9776,62.6084,62.892,50.1763,41.2801,55.4847,61.0641,76.2544,54.0587,38.195,50.9375,39.6382,50.482,56.9238,49.5234,77.1909,47.7071,54.6271,35.2676,42.5064,18.324,22.1758,14.3564,23.1155,16.2417,19.0571,12.7356,18.1201,21.9504,24.8416,18.2433,17.7828,24.0842,24.529,46.2906,19.0597,49.899,31.1343,59.4798,25.9507,25.2668,32.5329,25.4493,36.7056,37.6679,45.5385,34.5052,21.5948,4.45828,142.315,50.833,83.4188,37.1374,0.0,73.0523,111.113,81.939,0.0,19.8579,66.331,42.0726,53.2366,49.6925,13.353,0.0,26.3349,17.0842,10.6525,6.15723,21.9427,34.2689,12.1081,15.9412,4.13505,12.1499,25.1641,13.5929,9.07457,12.1412,11.3513,10.8562,1.89828,8.70759,15.2046,3.36935,34.7057,22.1782,9.2179,19.3023,21.9671,17.4026,17.7416,14.0526,22.5968,6.74582,10.9795,18.9387,6.50934,10.9633,5.69399,5.56761,29.7115,18.0557,9.81377,13.2654,16.9016,2.72534,10.674,12.1672,12.9711,5.06416,7.55872,13.3228,18.02,23.9355,10.9535,20.7927,22.8143,15.3234,17.8193,10.8085,48.9869,57.7451,50.4642,63.8216,53.6836,74.2333,0.0,0.0,55.9495,0.0,32.9506,0.0,0.0,0.0,0.0,0.0,0.0,0.0,0.0,0.0,68.8868,30.3768,15.5956,25.7222,16.0484,30.5966,21.4686,25.1079,27.0779,63.6185,51.4688,59.1423,105.721,82.8194,67.975
p5.00_sc00001_p0057,24.5681,58.5443,38.5848,0.0,0.0,0.0,0.0,0.0,0.0,0.0,0.0,0.0,0.0,0.0,0.0,0.0,0.0,0.0,0.0,0.0,0.0,0.0,0.0,0.0,0.0,0.0,0.0,0.0,0.0,0.0,0.0,0.0,0.0,0.0,0.0,0.0,0.0,0.0,0.0,0.0,0.0,0.0,0.0,0.0,0.0,0.0,0.0,0.0,0.0,0.0,0.0,0.0,0.0,0.0,0.0,0.0,0.0,0.0,0.0,0.0,0.0,0.0,0.0,0.0,0.0,0.0,0.0,0.0,0.0,0.0,0.0,0.0,0.0,0.0,0.0,0.0,0.0,0.0,0.0,0.0,0.0,0.0,0.0,0.0,0.0,0.0,0.0,0.0,0.0,0.0,0.0,0.0,0.0,0.0,0.0,0.0,0.0,0.0,0.0,0.0,0.0,0.0,0.0,0.0,0.0,0.0,0.0,0.0,0.0,0.0,0.0,0.0,0.0,0.0,0.0,0.0,0.0,0.0,0.0,0.0,0.0,0.0,0.0,0.0,0.0,0.0,0.0,0.0,0.0,0.0,0.0,0.0,0.0,0.0,0.0,0.0,0.0,0.0,0.0,0.0,0.0,0.0,0.0,0.0,0.0,0.0,0.0,0.0,0.0,0.0,0.0,0.0,0.0,0.0,0.0,0.0,0.0,0.0,0.0,0.0,0.0,0.0,0.0,0.0,0.0,0.0,0.0,0.0,0.0,0.0,0.0,0.0,0.0,0.0,0.0,0.0,0.0,0.0,0.0,0.0,0.0,0.0,0.0,0.0,0.0,0.0,0.0,0.0,0.0,0.0,0.0,0.0,0.0,0.0,0.0,0.0,0.0,0.0,0.0,0.0,0.0,0.0,0.0,0.0,0.0,0.0,0.0,0.0,0.0,0.0,0.0,0.0,0.0,0.0,0.0,0.0,0.0,0.0,0.0,0.0,0.0,0.0,0.0,0.0,0.0,0.0,0.0,0.0,0.0,0.0,0.0,0.0,0.0,0.0,0.0,0.0,0.0,0.0,0.0,0.0,0.0,0.0,0.0,0.0,0.0,0.0,0.0,0.0,0.0,0.0,0.0,0.0,0.0,0.0,0.0,0.0,0.0,0.0,0.0,0.0,0.0,0.0,0.0,0.0,0.0,0.0,0.0,0.0,0.0,0.0,0.0,0.0,0.0,0.0,0.0,0.0,0.0,0.0,0.0,0.0,0.0,0.0,0.0,0.0,0.0,0.0,0.0,0.0,0.0,0.0,0.0,0.0,0.0,0.0,0.0,0.0,0.0,0.0,0.0,0.0,0.0,0.0,0.0,0.0,0.0,0.0,0.0,0.0,0.0,0.0,0.0,0.0,0.0,0.0,0.0,0.0,0.0,0.0,0.0,0.0,0.0,0.0,0.0,0.0,0.0,0.0,0.0,0.0,0.0,0.0,0.0,0.0,0.0,0.0,0.0,0.0,0.0,0.0,0.0,0.0,0.0,0.0,0.0,0.0,0.0,0.0,0.0,0.0,0.0,0.0,0.0,0.0,0.0,0.0,0.0,0.0,0.0,0.0,0.0,0.0,0.0,0.0,0.0,0.0,0.0,0.0,0.0,0.0,0.0,0.0,0.0,0.0,0.0,0.0,0.0,0.0,0.0,0.0,0.0,0.0,0.0,0.0,0.0,0.0,0.0,0.0,0.0,0.0
p5.00_sc00001_p0058,24.1619,17.5237,15.4105,0.0,0.0,0.0,0.0,0.0,0.057044,2.07527,0.672948,0.187447,0.138128,0.240455,0.099705,0.0,0.0,0.0,0.0,0.0,0.0,0.0,0.0,0.0,0.0,2.01486,0.198603,1.16208,1.25295,0.807438,2.05048,1.07581,4.51068,0.673401,0.600907,0.10255,0.290367,0.021639,0.317362,0.442803,0.0,0.357269,0.0,0.0,2.07125,0.701014,1.04119,0.520106,1.02326,0.725692,1.6364,2.05626,0.688551,0.958015,0.808019,0.0,1.22768,1.51691,0.0,1.72997,1.81436,0.0,0.0,0.0,0.0,0.0,0.0,0.0,0.0,0.0,0.0,0.0,0.0,0.0,0.0,0.0,0.0,0.0,0.0,0.0,0.0,0.0,0.0,0.0,0.0,0.0,0.0,0.0,0.0,0.0,0.0,0.0,0.0,0.191551,0.0,0.72765,1.12457,0.106972,1.46121,0.377144,0.253535,0.0,1.49447,0.0,27.681,0.0,0.24098,0.0,0.61535,2.03023,7.43448,0.502226,17.5813,1.80084,5.70922,1.41942,1.84918,0.0,6.35355,0.0,0.0,0.0,0.0,0.0,0.0,0.0,1.54274,0.974142,1.32549,5.02933,0.674872,0.0,0.0,0.0,0.0,1.25956,0.0,0.0,0.0,0.0,1.32406,1.65996,0.351608,2.32636,0.493986,0.492549,0.962918,0.958226,0.886848,1.59493,2.18987,0.379528,0.836396,1.44367,0.862156,0.869002,0.0,0.0,0.0,0.0,0.0,0.0,0.0,1.69657,3.64179,0.619504,0.062164,0.0,0.062845,0.202392,0.0,0.0,0.843951,0.0,1.68554,0.0,0.0,0.070261,0.0,0.061041,0.200862,0.073248,0.063024,1.18312,0.414441,0.76008,0.600648,0.0,0.71127,0.0,0.0,0.0,0.0,0.0,0.0,0.0,0.0,0.0,3.26396,2.55838,3.06401,3.71648,4.10447,2.99732,2.77902,3.89576,2.17157,0.27045,0.070819,0.220882,0.07263,0.0,0.0,0.0,0.067513,0.211822,0.0,0.070262,0.073248,0.0,0.202392,0.246325,0.079322,0.0,0.0,0.0,0.0,0.0,0.0,0.0,0.035107,0.873615,0.115956,1.22212,0.104539,1.09949,1.44417,1.11731,1.72577,0.523063,0.713464,0.278439,0.951266,0.112854,1.53989,1.65156,1.3958,1.55605,2.15504,0.978152,0.102909,1.85419,0.165692,0.0,0.080221,0.0,0.070751,0.0,0.0,0.052036,0.0,0.0,0.0,0.0,0.0,0.0,0.0,0.0,0.0,0.0,0.195451,0.219887,0.06908,0.069048,0.278064,0.36259,0.244337,0.141609,0.0,0.0,0.0,0.0,0.0,1.6367,0.0,0.0,0.0,0.0,0.0,0.0,0.0,0.0,0.100303,0.0,0.0,0.0,0.0,0.0,0.0,0.0,0.0,0.0,0.0,0.0,0.0,0.0,0.0,0.0,0.0,0.0,0.0,0.0,0.159083,1.05703,0.0,0.0,0.0,0.0,0.0,0.0,0.0,0.0,0.0,0.0,0.558928,0.118705,0.0,0.0,0.351525,0.0,0.678306,0.0,0.0,0.0,0.0,0.0,0.0,0.0,0.0,0.0,0.0,0.0,0.0,0.210449,0.0,0.0,0.0,0.0,0.0,0.181484,0.0,0.0,0.0,0.0,0.359377,0.073773,0.098801,0.0,0.163934,0.0,0.0,0.0,0.0,0.0,0.0,0.0,0.0,0.0,0.0,0.0,0.0,0.0,0.0,0.19265,1.79273,2.24751,88.4914,0.611618,0.413438,0.979034,0.0,0.396789,0.0,0.521086,0.357963,0.485002,0.0,0.032407
p5.00_sc00001_p0059,43.8582,51.9849,70.1117,0.0,0.0,0.0,0.0,0.0,0.0,0.0,0.0,0.0,0.0,0.0,0.0,0.0,0.0,0.0,0.0,0.0,0.0,31.9587,0.0,0.0,0.0,0.0,0.0,0.0,0.0,0.0,0.0,0.0,0.0,0.0,0.0,0.0,0.0,0.0,0.0,0.126594,0.0,0.0,0.0,0.0,0.0,0.0,0.0,0.0,0.0,0.0,0.769994,0.0,0.0,0.0,0.0,0.0,0.770233,0.0,0.0,0.0,0.0,0.0,0.0,0.0,0.0,0.0,0.0,0.0,0.0,0.0,0.0,0.0,0.0,0.0,0.0,0.0,0.0,0.0,0.0,0.0,0.0,0.0,0.0,0.0,0.0,0.0,0.0,0.0,0.0,0.0,0.0,0.0,0.0,0.0,0.0,0.0,0.0,0.0,0.0,0.0,0.0,0.0,0.0,0.0,0.0,0.0,0.0,0.0,0.0,0.0,0.0,0.0,0.0,0.0,0.0,0.0,0.0,0.0,0.0,0.0,0.0,0.0,0.0,0.0,0.0,0.0,0.0,0.0,0.0,0.0,0.0,0.0,0.0,0.0,0.0,0.0,0.0,0.0,0.0,0.0,0.0,0.0,7.776,0.0,0.0,0.0,0.0,0.0,0.938925,0.0,0.0,8.24234,0.377817,0.0,0.942228,0.566173,0.0,0.0,0.0,0.0,0.0,0.0,0.0,0.0,0.0,0.0,0.0,0.0,0.0,0.0,0.0,0.0,0.0,0.0,0.0,0.0,0.0,0.0,0.0,0.0,0.0,0.0,0.0,0.0,0.0,0.0,0.0,0.0,0.0,0.0,0.0,0.0,0.662778,0.0,0.0,0.0,0.0,0.0,0.0,0.0,0.0,0.0,0.0,0.0,0.0,0.0,0.0,0.0,0.0,0.0,0.0,0.0,0.0,0.0,0.0,0.0,0.0,0.0,0.0,0.0,0.0,0.0,0.0,0.0,0.0,0.0,0.0,0.0,0.0,0.0,0.0,0.0,0.0,0.0,0.0,0.0,0.0,0.0,0.0,0.0,0.0,0.0,0.0,0.0,0.0,0.0,0.0,0.0,0.0,0.0,0.0,0.0,0.0,0.0,0.0,0.0,0.0,0.0,0.0,0.0,0.0,0.0,0.0,0.0,0.0,0.0,0.0,0.0,0.0,0.0,0.0,0.0,0.0,0.0,0.0,0.0,0.0,0.0,0.0,0.274948,0.0,0.0,0.0,0.0,0.0,0.0,0.0,0.0,0.0,0.0,0.0,0.0,0.0,0.0,0.0,0.0,0.0,0.0,0.0,0.0,0.0,0.0,0.0,0.0,0.0,0.0,0.0,0.0,0.0,0.0,0.0,0.0,0.0,0.0,0.0,0.0,0.0,0.0,0.0,0.0,0.0,0.0,0.0,0.0,0.0,0.0,0.0,0.0,0.0,0.0,0.0,0.0,0.0,0.0,0.0,0.0,0.0,0.0,0.0,0.0,0.0,0.0,0.0,0.0,0.0,0.0,0.0,0.0,0.0,0.0,0.0,0.0,0.0,0.0,0.0,0.0,0.0,0.0,0.0,0.0,0.0,0.0,0.0,0.0,0.0,0.0,0.0,0.0,0.0,0.0,0.0,0.0,0.0,0.225427,0.0,14.6895,0.0,0.0,25.207,0.0,0.0,0.0,0.0,0.0,0.0,0.0,0.0,0.0
p5.00_sc00001_p0060,5.68221,16.3607,7.65522,103.693,59.5202,0.0,52.3103,44.4111,46.6348,124.493,144.827,53.9495,111.514,55.953,47.452,35.7262,12.2839,19.4655,26.4595,27.7359,74.7425,82.1754,42.5015,64.4319,62.9019,139.16,94.4095,112.953,110.772,106.833,128.564,123.901,133.247,121.316,124.083,90.1252,96.3295,108.163,94.7393,92.5965,75.5763,117.153,0.0,0.0,126.044,118.902,134.902,119.134,137.556,116.94,122.523,140.393,133.036,130.533,132.356,70.4855,134.978,135.224,71.5271,130.342,136.155,63.525,51.5352,48.9507,51.63,65.3042,47.9754,59.6334,55.8926,41.457,61.1914,58.5809,60.2906,59.6483,82.307,88.8371,58.3243,48.5695,83.0004,56.2998,53.3877,39.8429,62.5701,61.0023,62.4136,59.6715,55.1859,69.8682,40.704,47.068,46.745,56.1858,73.3828,64.3556,104.027,51.5637,62.9636,85.2121,85.2952,56.118,102.23,117.619,93.6915,92.8859,44.6186,65.6173,54.167,52.9346,49.4848,50.3244,62.5601,42.9549,41.1707,53.4373,48.1907,55.8136,51.2223,59.2055,45.9783,67.6526,39.5593,60.681,51.4764,74.5682,73.4736,62.5336,61.3664,47.0986,43.8378,52.0904,38.6964,64.9761,66.2408,71.8975,57.5778,63.3886,66.1471,71.8845,47.8611,56.8855,118.519,127.177,130.962,101.056,110.113,110.068,123.1,122.125,116.426,127.714,101.079,131.155,111.01,117.751,116.401,110.958,79.7627,69.5335,69.5116,69.1344,73.881,70.2479,68.9925,138.766,260.535,127.931,97.6304,113.282,116.034,116.21,117.748,126.393,123.178,99.6975,121.887,109.754,110.946,110.493,108.75,102.819,133.397,118.688,116.34,55.2951,63.0702,49.6015,66.6765,69.2789,54.6822,91.2546,78.5953,113.182,105.972,109.644,128.234,65.1589,117.705,116.717,73.7553,78.3803,80.624,71.1584,67.6928,68.292,79.2209,80.344,78.7377,86.5005,99.1268,106.74,69.0857,78.5095,108.75,79.9094,83.8216,85.6567,109.754,110.494,118.687,110.946,116.21,80.1743,90.0838,66.245,70.2405,80.9266,83.4366,83.4882,86.5739,78.9677,80.4372,88.6371,108.233,96.7649,86.8058,72.738,74.1596,86.3618,72.5571,72.8259,87.2552,66.0791,86.8647,68.8136,102.894,102.234,100.836,62.6757,83.0678,86.6007,71.3891,85.0969,56.6532,55.5319,60.9248,47.9686,40.2129,51.9872,57.4043,49.5744,51.4913,78.5663,75.0541,72.2411,69.3704,61.662,161.992,66.3446,220.981,168.271,79.6136,52.2892,61.8636,42.6824,54.4949,60.8953,86.4528,56.2829,76.1625,53.1952,63.6428,0.0,54.3561,54.853,38.5,0.0,33.2219,84.9528,7.79556,0.0,53.5822,48.6096,49.1244,65.3331,50.9471,25.172,55.7461,29.1157,20.7662,30.0598,28.8144,43.003,40.2553,34.3555,46.1891,37.9306,38.896,51.5126,22.236,25.8657,40.3954,50.2556,42.6407,24.7911,31.679,22.9118,66.5283,36.0578,43.7323,27.7074,27.8664,39.6556,43.7678,26.4803,40.575,46.0695,37.0307,25.6054,36.3151,19.1021,42.0443,34.0828,58.5734,33.2393,23.7252,36.3645,49.67,36.2959,33.8976,34.5735,23.4569,29.2416,28.7381,44.892,23.8204,45.2745,40.7656,56.6852,43.8727,45.706,44.5434,31.3406,43.5454,39.8204,45.1363,42.495,84.244,82.4313,58.2777,0.0,0.0,58.5122,0.0,65.0885,0.0,0.0,0.0,0.0,0.0,0.0,0.0,0.0,0.0,85.1175,238.999,147.841,235.047,156.286,152.967,118.297,84.3919,63.5922,78.4422,92.3853,62.9657,158.279,68.859,170.74
p5.00_sc00001_p0061,9.26932,15.9634,7.089,0.0,25.8174,222.262,0.0,64.9491,59.4014,190.141,221.031,65.102,143.69,51.8941,50.4285,86.0001,9.9905,6.75466,9.22978,10.2948,30.2589,32.9024,21.069,15.9702,7.56433,94.5311,90.635,89.705,89.5119,89.8375,103.428,110.362,102.466,109.083,110.112,94.2648,97.3911,107.45,97.4213,86.4745,0.0,88.8507,0.0,0.0,102.95,109.753,115.813,111.815,116.788,109.283,75.5737,71.8542,73.5166,66.8302,71.763,102.473,74.9364,72.416,104.635,71.9446,76.671,116.593,78.3723,39.4676,65.1338,72.1092,98.117,47.2897,96.802,0.0,107.978,72.0722,54.5702,50.7422,120.101,108.743,36.3285,71.5888,123.129,80.2381,102.106,85.5689,76.7551,46.589,87.0358,59.7073,53.2629,78.6998,64.3052,57.423,78.6777,62.0728,72.1007,92.333,96.7273,91.8761,96.3601,78.9114,80.0589,98.3585,129.67,107.081,82.3962,108.716,95.7181,239.315,109.331,187.134,79.0171,101.157,117.336,113.802,95.974,103.043,87.8157,107.947,116.098,157.073,83.4267,183.552,158.383,217.238,223.452,215.772,185.763,183.521,116.824,96.7482,98.9129,94.6005,84.1508,148.778,168.362,160.52,145.073,128.289,211.021,198.804,166.899,199.042,85.6882,84.1135,71.1137,75.8275,72.5236,72.5933,92.455,92.0664,74.6469,84.6366,75.8234,71.167,85.866,85.2936,74.8286,85.8469,162.978,125.53,127.395,118.1,138.965,133.431,123.358,56.1388,77.5463,87.8624,115.77,100.779,102.792,113.796,100.255,108.095,98.5873,112.215,91.2326,138.536,133.526,124.729,141.952,113.398,91.6799,106.515,106.876,82.2279,72.5875,66.9584,83.2277,88.8224,70.6008,114.313,123.001,85.0821,120.811,108.716,86.2492,116.464,86.1805,112.174,86.6603,84.5578,99.4895,85.6763,80.8,83.2583,75.9963,70.2883,81.234,105.289,100.964,102.34,108.242,99.2863,141.952,91.5228,104.575,97.0473,138.536,124.73,106.514,133.526,113.796,103.667,80.5667,91.3756,100.242,122.105,114.035,136.524,137.797,128.463,124.969,134.256,119.705,124.142,124.074,133.723,123.014,102.919,97.9516,79.3212,107.153,120.532,123.365,140.179,79.5802,83.1703,87.0158,81.1199,91.627,87.2777,133.367,89.2401,89.8717,79.7038,119.36,70.0243,88.2587,87.2018,89.6912,83.5691,92.6697,100.072,107.699,127.278,135.855,93.7778,226.394,86.1958,254.21,235.116,120.407,111.838,136.875,115.832,107.305,110.868,132.584,118.119,81.0002,71.3512,41.444,121.523,68.6167,31.7904,64.9432,132.95,69.2946,59.574,19.6944,350.579,59.3477,0.0,192.392,171.345,158.024,120.217,132.281,136.158,130.295,167.527,132.874,135.36,88.8462,134.731,121.187,136.084,179.367,177.197,150.654,263.148,229.258,189.263,138.256,101.389,138.115,96.2269,149.967,134.782,193.925,242.439,201.951,139.912,191.365,101.779,130.509,118.461,180.151,171.041,100.813,109.744,121.909,119.422,124.155,158.03,149.73,98.3909,124.945,121.675,94.4691,128.131,128.003,146.374,127.044,150.681,208.893,210.382,143.514,111.014,139.822,162.823,187.762,219.01,177.473,72.5413,77.6247,100.016,88.7851,83.4486,77.3566,0.0,0.0,82.9058,0.0,104.419,0.0,0.0,0.0,0.0,0.0,0.0,0.0,0.0,0.0,70.5589,115.736,122.184,87.5285,118.716,114.388,126.38,87.1243,76.5033,112.389,55.5354,76.6475,80.2405,68.4137,30.8956
p5.00_sc00001_p0062,20.1192,21.934,15.1145,122.462,14.0588,0.0,93.0636,22.1649,42.6768,33.1518,30.9179,31.8702,27.1656,29.3333,24.5083,21.9522,5.7148,7.35645,26.3867,11.7594,29.5572,29.1946,40.1557,45.6974,53.305,79.4694,69.844,62.6871,62.4809,76.7872,72.0603,68.5857,78.6258,64.4431,65.3358,60.1491,51.1599,93.9509,51.2422,64.5558,0.0,53.1589,0.0,0.0,71.6103,62.5453,54.5507,110.851,54.8024,62.2168,105.349,103.408,104.204,99.9648,100.045,54.8102,104.147,102.034,55.2364,97.6205,104.757,53.2234,64.7059,75.1303,71.0101,111.493,69.9936,74.6886,62.7862,91.5134,73.2703,70.0496,92.2487,91.7148,137.239,120.68,90.8055,75.1482,140.841,131.948,133.562,82.5812,104.04,75.3742,83.1515,73.9496,96.008,100.572,73.0677,71.0248,96.8701,98.2221,46.3666,47.9989,52.2694,44.7326,37.944,53.0056,40.9387,43.6546,50.9179,55.1499,56.4035,51.0787,45.0282,43.9659,34.3813,43.7531,35.4899,41.2176,45.1276,30.4877,38.7791,44.2101,33.5583,37.3962,41.1752,48.4645,53.4537,51.4625,25.7523,42.2053,42.9581,48.1801,51.1315,47.3425,38.2649,36.5277,38.6205,43.2507,31.3281,54.4445,48.9157,54.4207,37.6901,48.4215,49.655,52.8661,46.7438,41.7004,118.798,104.919,88.7808,87.523,100.969,100.685,98.4058,97.6934,95.8606,105.328,87.6899,88.5043,119.104,118.835,95.9604,118.782,120.5,249.472,199.338,198.597,256.791,147.065,258.116,44.9381,62.7663,69.6791,66.9952,59.8074,58.7693,91.8829,59.7914,64.0476,73.3686,65.2289,72.41,79.4572,79.8344,95.3882,72.1707,62.7535,67.3597,99.7333,64.7652,45.8368,34.7554,33.0773,52.3701,54.5257,30.811,134.868,117.349,63.5679,160.254,174.199,67.9357,128.637,73.5954,169.732,62.9404,55.2636,69.5972,53.281,47.5881,54.0745,61.139,57.8674,62.437,114.444,122.815,124.894,79.071,93.1362,72.1707,94.515,86.3107,87.5408,79.457,95.389,99.7329,79.8344,91.8831,86.1464,107.673,85.6169,83.98,36.6364,42.8331,37.1564,33.2829,39.2837,32.0253,26.5204,51.9819,41.9791,40.4006,21.7703,25.7154,90.8873,69.4068,64.0352,97.0648,88.752,98.4191,100.918,82.0076,78.6917,79.1448,60.6839,95.1988,86.0412,95.1703,95.248,20.1423,25.1985,42.6144,19.192,17.2251,23.9473,22.9224,16.6575,25.8928,20.8629,33.2935,37.3236,26.4979,28.633,31.7841,21.2486,47.196,38.859,89.9423,96.2879,117.44,94.5519,109.531,117.184,118.833,96.2608,112.645,62.3516,31.3388,2.22545,34.9296,34.0372,13.2557,6.17693,25.9027,26.8169,25.837,6.74428,13.9931,0.0,58.8753,62.5296,48.7549,58.8436,53.4438,87.6839,82.1305,76.6603,83.6618,64.8445,70.1941,77.8135,66.8434,72.8891,44.759,52.3707,78.0713,64.8721,63.8475,54.6901,55.8637,51.0283,69.3262,57.8977,83.1486,65.8069,40.286,74.2466,87.2886,69.9142,92.0272,55.5972,83.7483,68.4174,77.7337,73.7861,61.5739,60.717,84.4577,66.0761,75.2414,77.2653,69.6826,64.6304,81.6784,79.2918,50.0416,69.7729,52.1884,76.5318,28.6397,56.5153,76.0791,64.103,43.0538,83.208,77.6665,52.7082,80.4844,87.0329,55.343,27.6739,21.5165,26.502,52.9629,52.9995,35.2661,0.0,0.0,119.631,0.0,152.748,0.0,0.0,0.0,0.0,0.0,0.0,0.0,0.0,0.0,46.1701,122.886,112.459,42.6882,123.518,108.387,92.333,83.6148,149.469,162.33,85.8181,117.347,78.438,119.336,71.2043
p5.00_sc00001_p0063,26.7827,33.8477,29.471,64.7041,129.991,68.5159,33.9304,97.9942,103.689,214.436,207.107,122.111,167.769,95.3938,97.5541,89.2874,27.546,40.083,50.1572,44.101,173.913,133.908,150.455,54.6438,178.044,216.009,221.307,170.78,166.91,200.438,189.811,250.937,212.997,177.174,181.795,169.589,196.427,184.646,193.357,180.058,0.0,220.974,0.0,0.0,186.356,198.574,210.051,225.056,214.307,194.994,158.596,157.834,165.822,161.321,160.333,130.522,164.816,158.349,128.623,153.989,152.446,126.683,48.8427,50.4599,63.2302,53.6826,83.8696,54.1968,57.6284,17.1455,45.257,40.7086,48.4436,83.1903,40.9357,42.3892,71.873,62.8227,48.3352,62.0476,66.384,57.2238,44.9158,71.123,76.6569,46.1153,48.1084,39.5962,43.1134,46.8355,40.6238,61.5338,74.1851,90.4467,71.2235,59.2822,67.6285,82.1713,70.5334,82.5859,93.3449,85.4006,83.6788,76.3598,115.671,154.626,114.824,194.235,75.5303,123.785,125.786,118.38,114.169,125.521,100.161,115.641,118.052,205.784,108.492,152.658,199.192,189.185,195.784,193.478,169.509,247.692,108.662,127.712,137.535,108.218,107.325,182.311,179.399,237.168,171.987,149.712,185.487,202.679,236.2,197.898,184.786,171.046,144.977,151.329,168.065,167.342,155.456,155.018,143.928,172.646,151.66,145.752,195.153,183.578,143.741,193.088,208.687,277.849,261.89,247.633,249.66,250.56,264.002,155.413,236.374,126.382,115.488,117.503,114.008,139.026,114.855,122.636,128.32,117.862,126.108,118.148,129.725,144.051,121.669,118.094,122.961,153.06,116.384,128.655,111.221,107.935,145.514,141.501,139.416,179.297,161.142,148.363,198.455,211.626,148.072,141.75,157.929,211.758,149.841,137.895,136.934,122.918,131.396,144.832,123.375,117.587,142.561,120.389,132.383,124.965,102.104,152.913,121.669,141.924,140.95,149.207,118.148,144.052,153.06,129.725,139.027,147.761,117.895,105.527,138.47,111.275,94.2249,117.924,104.033,103.318,110.918,105.39,126.578,114.811,115.525,91.2899,98.0777,128.405,113.676,114.593,132.282,123.286,142.459,133.358,123.434,119.818,123.416,116.159,128.091,117.211,130.351,125.96,105.394,98.9459,148.691,98.087,54.7334,99.1764,108.204,90.0093,72.5992,84.4979,97.6841,147.115,139.363,90.5824,203.769,86.7479,242.447,225.778,104.337,150.108,174.121,123.346,147.253,171.107,153.353,167.081,114.047,50.9185,80.7205,23.4367,110.297,75.8904,69.2202,8.08513,28.9968,107.841,77.0463,0.0,50.2826,0.0,279.467,327.102,284.564,71.5729,83.2119,109.292,96.7332,298.002,315.993,198.349,103.801,104.252,95.0416,84.6452,218.07,201.141,248.768,109.459,113.547,223.736,177.269,90.2391,91.9106,80.2137,119.31,252.671,229.849,140.103,133.223,83.0025,189.488,68.7224,98.7425,255.862,292.73,64.9758,86.2322,71.0441,79.6519,81.2025,94.7048,245.292,253.549,87.2742,112.178,95.3079,59.4898,84.5688,44.3831,76.3422,87.4512,234.929,112.771,233.561,189.282,95.6392,103.454,213.798,282.352,152.345,269.758,65.451,68.067,79.2671,151.219,163.061,127.328,8744.79,0.0,327.841,0.0,300.911,0.0,0.0,0.0,0.0,0.0,0.0,0.0,0.0,0.0,171.498,206.392,196.535,113.484,192.205,167.395,259.533,164.277,125.949,190.31,127.348,155.199,247.554,217.388,152.327
p5.00_sc00001_p0064,14.0763,28.0568,17.9655,0.0,0.0,0.0,0.0,5.26027,11.6124,15.5017,19.2997,7.93186,16.2474,10.4802,8.35909,7.42687,1.59263,5.38396,1.8392,0.745977,3.44551,8.74189,25.1904,12.7295,6.02933,12.2739,17.0224,11.5201,11.5018,15.4263,13.7496,18.4297,16.2242,12.7011,12.9129,13.3976,14.4533,11.7176,14.0721,12.5819,103.353,14.3522,0.0,0.0,13.7022,12.1307,16.466,16.0145,16.7352,12.1693,17.0604,17.4678,20.5253,19.87,16.9521,14.4578,19.2779,19.2758,13.5771,18.1901,20.6942,13.1043,7.70894,5.0694,3.76556,4.12069,5.69216,6.9084,15.7707,0.0,2.92565,2.52714,4.86702,30.6184,3.34898,6.243,8.81689,8.98955,4.39563,5.01325,2.51716,3.68271,3.614,1.8269,7.17005,3.188,2.70081,4.16692,6.4351,7.17337,1.32169,5.66559,6.27462,3.52504,8.15699,6.93703,7.88476,5.41998,7.20939,7.0571,7.32987,8.51396,5.76226,5.01791,6.29205,4.70938,9.35737,4.81812,4.50258,9.41,12.1567,7.85536,10.309,7.57528,7.89995,7.66845,10.9108,5.18774,5.44296,5.30751,3.4305,4.56965,6.40257,6.78146,7.09665,7.31227,5.12313,10.5373,4.1026,12.6104,12.1821,6.70773,6.5638,7.8183,6.81674,10.6465,6.24207,5.79141,6.86209,4.81314,23.8433,26.664,18.2155,18.6089,24.2133,24.4337,24.0935,24.2475,27.9731,27.1745,18.536,18.1719,28.6788,24.0167,27.7708,28.5992,11.1988,11.8425,10.9051,16.0641,15.195,13.2151,10.9472,7.05046,13.9788,13.977,13.1623,13.0816,13.0661,20.539,15.8126,16.7421,14.875,14.7076,13.5898,17.3832,18.8538,18.3573,16.7897,12.7012,12.0655,21.6625,17.7372,11.45,20.4222,11.5113,12.1468,11.8527,16.2669,14.9115,16.1209,33.1427,18.2237,15.6883,27.4328,13.0778,30.2928,17.4028,9.6138,8.45068,9.56283,7.9967,7.82388,8.62354,9.95141,8.72143,10.3093,22.3358,21.1373,23.2726,13.8416,16.4712,16.7897,19.2953,17.1497,17.3961,17.3832,18.3575,21.6624,18.8538,20.5391,17.1308,18.1725,16.2001,15.2435,9.56877,11.7133,9.16996,9.54126,10.3488,9.40788,7.16179,14.4621,11.1766,8.11354,5.94368,7.71401,17.158,13.9412,11.8457,15.5712,16.259,16.9687,18.9047,19.6342,18.6715,17.6816,11.7708,15.0568,15.4505,15.9838,14.6259,6.89406,6.76485,12.4336,9.03528,5.23137,8.54579,9.10901,7.01984,8.09946,10.1805,10.3129,9.14054,8.21324,6.88107,10.7905,8.03921,12.5277,13.9378,8.06594,6.56215,9.29961,9.34893,7.09259,8.77488,10.7639,8.42831,4.47617,5.42455,6.93203,16.2074,15.8536,3.85877,4.76933,14.8725,7.99308,6.42356,0.0,0.0,5.04134,0.0,1.95653,2.88504,4.30943,6.81877,7.93616,7.54979,4.67513,3.7792,1.45627,4.09718,5.32151,3.9051,5.92034,6.66817,4.15606,4.05795,2.41436,4.22749,17.2294,4.30023,4.66846,6.93862,8.23787,4.52656,4.34671,2.84273,3.72183,9.5795,7.70757,2.62401,10.7851,4.3233,4.74804,3.20851,4.12817,5.90184,5.97235,4.72362,7.07172,6.42748,10.774,2.91642,2.12895,9.49539,8.79437,4.08831,7.32479,3.44257,6.80188,9.29649,10.3442,1.4627,6.80334,3.71955,1.87143,8.0748,10.8574,4.06445,3.69409,6.226,3.33439,13.9353,11.2453,18.1438,11.6881,10.4516,7.8619,0.0,0.0,8.54468,0.0,9.45344,0.0,0.0,0.0,0.0,0.0,0.0,0.0,0.0,0.0,10.5204,14.0491,13.6485,11.7757,12.5931,10.3669,16.0838,14.4778,20.5305,12.3377,13.6822,21.5625,30.8552,14.9266,28.5803
p5.00_sc00001_p0065,36.0815,10.4632,2.38054,0.0,58.3921,0.0,0.0,26.5693,36.1335,67.7644,85.4428,30.0679,66.2277,35.2415,27.5316,41.6935,4.51917,7.63862,15.6565,6.35023,0.0,6.20137,0.0,0.0,0.0,35.1814,24.3997,63.2468,49.8878,22.8948,73.6463,32.3816,39.3312,53.0665,72.6524,33.7374,59.7536,26.6827,43.4075,27.8195,0.0,24.0184,0.0,0.0,56.1062,55.8137,55.9487,25.8136,75.2415,41.6869,49.0072,44.4588,42.8512,37.4881,43.0856,24.9531,42.7452,45.3281,24.1314,37.3263,44.3463,28.0777,13.8039,6.83824,16.1968,8.03595,0.0,9.26341,0.0,0.0,1.78443,8.16853,0.0,0.0,0.0,0.0,28.3187,19.3142,5.05091,10.5582,4.59004,3.29483,6.21926,13.4285,1.20457,8.7423,8.12813,13.0872,5.20564,5.51581,18.1482,3.04585,32.065,35.7548,102.303,24.1624,30.3749,34.1139,35.4944,30.4295,103.972,101.63,32.7226,67.6071,24.8731,23.3562,23.8908,25.7969,34.411,32.5732,28.2583,25.8149,36.845,17.0049,23.6583,18.7167,20.4168,17.0342,18.7154,39.9852,26.327,32.0846,23.6028,24.9781,34.4534,30.0728,24.9261,20.221,31.6215,26.7637,21.49,20.273,38.2714,21.9476,32.9662,27.4248,21.5244,23.3289,26.2759,32.8351,56.5783,56.9636,65.4918,52.6148,48.6483,48.9513,60.9109,63.3438,56.3581,51.0419,52.7863,67.1736,50.9525,60.1077,54.3623,51.7084,6.3554,44.1674,42.9438,46.7382,45.0037,46.9559,56.0466,191.999,172.13,44.2757,50.5049,51.3408,55.8076,59.6947,46.7721,54.6671,36.378,52.6361,31.503,61.3637,68.3312,72.0074,58.7891,46.6864,48.625,58.6249,49.8245,32.1969,32.5033,41.5783,35.1791,35.358,36.2397,14.0692,17.5281,30.4752,32.5403,17.4496,27.7884,13.6942,21.1264,21.0509,29.9125,39.1485,37.1964,35.746,36.0793,37.6873,27.7624,31.2888,28.6782,39.9245,45.6334,49.3581,38.2043,23.6596,58.7895,61.6794,62.2354,56.5965,61.3636,72.0075,58.6249,68.3313,59.6947,23.6645,40.7234,31.1977,22.8307,154.51,178.814,164.068,209.728,166.161,150.709,230.168,201.373,204.098,213.503,216.417,261.875,10.8713,15.4505,15.6565,14.7874,13.6183,15.7183,15.2415,15.227,13.4885,15.0149,18.0538,13.4352,14.7787,17.5487,17.6074,26.2725,23.3529,18.7801,27.2679,25.3123,31.9247,24.0889,27.0486,27.931,39.5732,31.9763,21.581,21.2682,31.5129,33.6363,29.5482,32.7645,36.6084,101.307,88.1043,39.7293,65.3304,44.4229,44.1167,95.9644,45.7031,75.6262,60.8791,5.9441,0.0,20.3556,19.7299,86.304,0.0,0.0,16.4927,0.0,0.0,13.1269,0.0,30.6712,27.2571,24.4199,108.963,40.7491,248.148,122.236,99.1125,61.2322,80.6768,135.319,229.005,171.529,102.175,55.9326,71.0067,62.0182,109.807,57.778,63.6488,61.0057,324.284,154.065,228.343,77.0875,57.4729,53.4643,63.7377,117.765,279.96,236.707,152.262,206.991,103.789,134.868,140.673,94.748,230.838,270.524,148.511,97.3762,78.814,61.8312,97.7952,210.427,74.7606,69.8357,95.5136,83.1412,204.439,152.939,70.0969,115.829,61.1276,53.4346,83.0583,302.647,53.6883,69.4087,225.588,39.5662,35.0848,35.6992,39.4564,53.7498,77.5273,58.6624,0.0,0.0,65.8099,0.0,68.543,0.0,0.0,0.0,0.0,0.0,0.0,0.0,0.0,0.0,28.5709,67.533,67.5416,23.7996,70.0868,68.224,60.3062,62.6667,53.0393,62.4071,67.3706,58.0469,73.993,57.4787,29.8968
p5.00_sc00001_p0066,24.9883,51.8172,11.4503,0.0,0.0,0.0,0.0,0.205891,3.74631,5.49123,20.3042,0.714046,4.33881,6.14272,2.40713,0.413342,0.0,0.0,0.0,0.0,0.0,8.02701,0.0,0.0,0.0,3.56126,4.64051,3.83433,3.41982,15.2103,8.58228,2.80011,2.02121,6.97909,6.81776,4.27876,2.32109,1.13347,2.10042,0.719065,0.0,2.85148,0.0,0.0,8.49396,6.55432,7.4474,7.12018,7.28828,6.3957,12.7643,12.4426,14.0619,17.8569,16.4253,3.28465,18.9589,15.2548,6.0279,16.2308,11.8762,2.94678,0.0,0.0,0.0,0.0,0.0,0.0,0.0,0.0,4.55103,0.0,0.0,0.0,0.0,0.0,0.0,0.0,0.0,3.49631,10.2287,0.0,0.0,0.0,0.0,0.0,0.0,0.0,0.0,0.0,0.0,0.0,3.83024,2.30584,2.15373,2.56881,4.57194,3.18687,0.0,2.58457,2.18685,12.424,4.64581,1.46867,1.52779,0.942549,1.83769,0.863655,0.297177,0.69626,2.90877,1.94764,0.0,1.9904,3.08576,0.0,0.0,7.2939,0.0,0.918504,1.37588,3.17048,0.331635,1.29804,8.13086,1.6456,0.321796,0.0,0.0,0.0,0.0,0.708279,0.190319,1.65533,5.43232,1.34064,1.36916,1.5891,4.99045,1.29435,1.36568,1.22418,5.15282,3.4215,2.55507,2.62982,5.46253,6.16071,2.5155,0.942486,3.35092,4.72009,0.759166,1.27965,2.44546,0.758424,0.0,4.04163,2.72875,8.27248,13.6061,22.7066,23.6544,110.23,124.452,2.65701,5.26225,6.00034,3.54123,11.6189,5.4515,2.50302,4.08361,6.49158,2.9371,2.57761,5.0287,10.4822,3.62353,5.46854,2.62717,11.609,2.12486,206.075,206.394,10.0694,181.173,386.255,22.5022,12.4627,10.6303,0.0,37.3292,30.1371,2.3813,4.95845,2.38312,47.0357,0.857278,0.508905,2.56925,0.965268,3.26549,2.97067,2.13537,2.81072,0.484779,3.02452,0.795361,0.203625,3.61626,40.8122,3.62356,15.6148,10.5578,10.4047,2.57761,10.4822,11.6091,5.02871,11.6189,47.2238,5.08381,6.70138,41.0166,0.582516,0.130766,0.331826,0.0,0.133838,0.597478,0.190613,0.328903,0.182447,0.444779,0.0,0.512038,5.84542,3.77727,3.79353,3.80859,6.35079,3.34414,6.46939,0.412509,0.618521,1.08509,4.39335,4.90482,3.74208,6.9136,3.8224,0.957427,0.289378,1.3817,0.552025,1.64041,1.19072,1.05297,1.64716,0.480115,2.40167,0.433657,1.80616,1.60746,0.246941,3.86892,1.5194,2.62315,2.27053,19.095,4.38446,2.89569,7.33113,8.02503,2.78098,6.19586,3.58777,4.44222,15.401,11.069,0.0,16.838,28.5087,122.694,0.0,0.0,173.912,254.369,0.0,0.0,0.0,0.793213,2.01928,1.51662,0.0,0.0,0.0,0.0,0.0,0.0,0.0,0.0,0.0,0.0,0.0,0.436137,0.414012,0.0,0.0,0.0,0.0,0.45123,0.0,1.37531,0.0,0.0,0.0,1.28155,0.0,1.08881,0.0,0.0,0.0,0.0,2.02021,2.04896,0.0,0.0,0.0,0.0,0.0,0.0,0.510081,0.0,0.0,0.0,0.0,0.0,0.0,0.0,0.0,0.0,0.0,0.0,0.0,0.0,0.0,1.17289,0.0,0.0,1.75904,0.0,1.85857,7.65067,0.472191,16.0911,8.99727,6.836,0.0,0.0,7.24968,0.0,9.49998,0.0,0.0,0.0,0.0,0.0,0.0,0.0,0.0,0.0,15.9172,0.0,5.70955,0.0,4.73306,11.5518,32.7066,6.30897,4.50188,0.985114,14.7803,9.13809,3.36805,5.14859,1.01112
p5.00_sc00001_p0067,11.8478,46.9157,98.7297,0.0,62.4503,0.0,0.0,119.14,312.656,234.422,248.706,130.92,297.905,295.49,197.823,180.746,35.4438,28.5932,39.0706,37.3536,209.125,99.4854,254.822,173.838,54.8925,149.738,221.524,201.871,209.264,280.727,197.322,166.866,177.745,186.228,176.895,202.666,175.325,229.732,185.511,208.469,0.0,175.619,0.0,0.0,204.229,187.171,196.857,274.868,190.412,194.858,93.3209,82.5675,153.948,152.676,115.2,54.2792,156.649,83.3827,50.2586,112.276,84.0626,73.0437,0.0,0.0,0.0,0.0,0.0,0.0,0.0,0.0,0.0,0.0,0.0,0.0,20.5859,0.0,6.53837,0.0,11.8482,11.807,11.0027,0.0,0.0,0.0,0.0,0.0,0.0,0.0,0.0,0.0,0.0,4.31868,63.4109,106.854,56.1084,114.539,75.0445,65.7347,55.0606,148.687,69.9147,139.868,70.0606,69.1864,60.1319,153.822,73.2954,186.35,66.1666,71.3866,55.4315,81.7691,58.0035,79.3543,62.1035,108.439,72.9561,119.156,60.0965,161.47,153.54,213.731,115.952,214.091,199.628,213.238,59.146,94.4129,50.6563,97.7617,71.9898,200.562,157.315,159.535,189.655,69.9842,159.134,274.828,151.625,160.677,484.365,514.378,395.677,491.971,381.639,380.461,475.491,476.094,590.992,507.968,492.899,399.852,640.908,490.737,594.896,655.948,10.1956,6.3496,21.3523,30.3476,28.2044,22.0781,21.7922,160.321,198.5,212.511,316.401,276.561,225.231,627.966,261.794,249.111,223.015,310.635,243.548,390.603,455.924,592.934,298.36,291.753,231.446,697.163,249.504,473.89,423.878,325.287,376.976,410.454,200.449,46.5608,55.8028,67.2558,109.896,158.834,60.3896,46.7955,64.2896,114.094,78.3514,81.4946,89.4751,80.6543,76.3851,92.4914,71.3669,72.9677,82.0896,409.786,422.124,398.79,274.888,423.802,298.362,454.642,413.771,407.197,390.603,592.934,697.163,455.924,627.966,406.462,290.426,288.205,418.026,70.9125,62.8826,38.11,39.7636,70.5526,39.5758,33.7038,49.8675,57.4348,65.6602,29.5574,36.2433,131.639,141.252,174.356,148.641,64.423,110.743,53.842,123.272,136.957,134.644,199.084,109.476,141.338,48.971,112.368,90.3284,125.49,133.528,126.837,153.454,128.416,108.15,119.304,173.209,187.326,125.228,113.256,152.438,114.034,289.988,158.871,248.807,234.016,154.683,64.9646,111.299,114.598,149.086,81.0074,68.5747,133.508,65.5268,82.8559,497.228,1096.59,244.239,184.432,26.1215,699.621,1039.92,654.73,332.616,653.146,83.4922,268.155,84.7126,152.413,132.576,28.3171,3.44061,12.4105,9.12077,17.7247,23.3024,18.4625,5.59019,27.6523,30.2598,21.5853,23.7838,31.1292,36.6348,15.79,20.5978,26.8057,42.5028,21.057,4.54543,17.5528,9.89339,17.6134,28.59,18.0443,18.8924,33.4454,3.33981,21.6096,28.1633,11.9626,11.5122,16.1195,11.5338,5.84018,24.6403,9.28846,14.5317,10.9579,14.8219,12.8072,14.4263,6.2035,6.2241,18.573,14.2906,11.285,9.91324,36.991,14.1265,15.9912,35.8508,9.18938,22.2894,31.8998,23.0272,17.4409,22.6912,1694.01,781.258,1287.77,212.96,217.101,258.41,0.0,0.0,36.6056,0.0,29.7596,0.0,0.0,0.0,0.0,0.0,0.0,0.0,0.0,0.0,581.561,0.0,35.1892,10.811,90.8579,37.4957,36.256,647.116,681.636,120.465,788.306,522.655,320.371,79.3273,280.217
p5.00_sc00001_p0068,27.5562,31.039,18.7586,32.4826,0.0,0.0,0.0,2.36518,8.97794,12.3147,15.6162,3.07539,13.2137,3.59806,2.02674,3.79881,1.44301,2.43907,1.66641,1.01384,0.0,9.90076,7.60793,23.0671,0.0,15.9343,12.9809,13.4248,13.1506,16.6571,13.1052,13.0227,17.4536,12.0333,12.3031,16.9377,13.0848,18.2957,13.0092,14.0956,0.0,10.6044,0.0,0.0,12.9213,13.4335,13.6521,18.8992,13.8264,13.1115,21.097,19.3576,23.3427,21.6092,21.8364,32.119,22.097,19.1568,34.8193,22.1879,21.613,22.3213,2.33496,1.15132,0.0,5.38941,6.71555,4.18532,0.0,0.0,4.13059,2.75518,2.21064,0.0,2.02942,2.83701,3.79753,1.54371,5.31807,11.2045,7.23595,7.80848,3.41624,4.56636,0.0,3.97874,0.980689,3.78588,2.4047,0.465538,2.39912,0.0,22.5214,19.651,16.4227,16.6021,18.3687,18.5664,19.0609,16.3573,18.9394,14.1903,18.4387,18.9496,6.84273,5.37835,3.76064,8.35684,6.97233,6.24434,7.43142,4.54476,6.12866,3.85719,5.66732,8.9314,6.57337,6.48708,10.1046,6.01287,6.82272,5.52434,5.90841,7.99564,6.26795,10.7043,6.80458,4.7744,6.04419,3.51448,4.89083,6.02428,10.7096,10.2945,7.13151,7.32865,7.95674,12.092,11.6763,10.5799,23.6732,21.9521,19.7023,16.3262,22.4355,22.6944,24.4221,23.9583,25.054,21.8875,16.4202,19.4584,24.2695,23.6099,25.1031,24.1044,21.308,36.2719,40.608,26.3776,28.3873,48.2786,30.6389,9.80991,10.6892,8.41996,13.2341,8.9989,9.33247,15.5894,8.74917,12.446,8.59883,13.5557,9.1169,14.5196,14.5817,15.9978,17.1976,14.8097,12.8147,18.7174,12.4551,14.3973,8.97018,8.65986,15.9865,16.0042,8.4769,21.8715,19.61,17.6917,16.3322,18.7089,21.3895,25.2638,23.3706,16.2458,7.26632,9.63005,9.37199,6.77948,7.69963,10.0919,9.54899,6.75017,8.07,16.4112,19.1592,19.7625,22.0458,16.5094,17.1977,20.1292,20.6352,19.0729,14.5196,15.9979,18.7173,14.5817,15.5894,19.1857,29.3355,21.9517,18.7482,11.4954,11.3489,13.9064,14.5808,18.126,10.151,13.3541,19.066,16.9309,14.4076,13.9383,14.9526,13.9134,17.1237,14.6229,15.4744,13.8669,17.9699,18.5025,5.94564,6.97689,7.65802,11.8885,12.4782,9.50703,17.7522,11.4524,2.60078,5.73694,11.2601,4.32902,2.17062,6.57644,4.02854,3.66874,5.869,2.91017,4.7214,6.55893,6.98709,3.83451,6.56154,4.09812,9.32735,9.19033,13.2086,22.5482,32.8513,25.6206,22.7904,31.7445,21.792,22.7177,16.1946,4.47418,3.157,0.0,12.0347,26.956,0.0,0.0,0.0,0.0,0.0,0.0,0.0,0.0,1.05272,1.87534,2.78385,9.75498,15.066,12.8259,9.68209,13.8004,16.5532,15.9739,7.97412,9.14041,12.7045,16.514,17.6446,15.9324,11.9739,15.6159,12.7724,17.2698,15.7468,19.5999,13.9101,19.3672,14.4406,10.8392,16.8609,11.6725,14.5041,12.1252,18.3472,9.21679,17.7945,18.3561,33.1576,8.5558,9.59268,15.0587,11.8655,8.04215,9.03867,15.7287,13.1621,10.1965,10.5524,12.3474,13.0078,13.1697,12.7998,13.0558,4.93281,14.4308,13.3017,14.6038,13.7769,11.584,13.0201,18.9209,17.6398,24.517,18.4014,13.1461,8.50684,9.01905,13.7499,12.922,10.8616,0.0,0.0,12.3883,0.0,19.7417,0.0,0.0,0.0,0.0,0.0,0.0,0.0,0.0,0.0,4.61074,12.7894,17.2335,2.38216,24.507,12.9748,18.1174,12.45,38.7027,20.7903,5.72519,12.7267,23.788,24.4523,10.9749
p5.00_sc00001_p0069,28.2933,9.97574,21.6199,0.0,0.0,0.0,67.6317,19.1758,84.5837,5.76998,1.29279,23.6765,1.8834,15.7196,15.199,16.0632,7.4446,0.0,0.0,0.0,0.0,0.0,0.0,0.0,0.0,13.6042,113.11,22.0107,22.1968,58.8531,16.9253,45.3378,43.9167,40.867,40.6017,99.0045,59.2607,34.4125,59.2295,81.1556,0.0,43.0179,0.0,0.0,17.0528,16.7299,50.4709,46.4956,50.827,16.8968,1.03376,1.33611,1.64048,1.77856,1.0209,0.209014,0.886352,1.64276,0.0,1.44115,1.05801,0.0,0.0,0.0,0.0,0.0,0.0,0.0,0.0,0.0,0.0,0.0,0.0,0.0,0.0,0.0,0.0,0.0,0.0,0.0,0.0,0.0,0.0,0.0,0.0,0.0,0.0,0.0,0.0,0.0,0.0,0.0,1.28287,6.03156,4.85809,4.73581,3.81289,1.16099,1.05663,2.99984,8.92904,9.16658,2.02413,3.53696,10.8712,0.180813,1.1313,0.083279,0.555871,7.0616,4.61749,4.17583,6.2808,7.86629,3.25183,3.84381,0.801021,0.0,0.0,0.0,0.0,0.22399,0.122238,0.242889,0.0,0.0,4.51571,2.63693,2.86886,10.443,6.57356,0.185355,0.0,0.161759,0.44193,11.6772,0.0,0.0,0.0,0.161424,4.52983,3.45152,1.65004,3.35915,3.96506,3.92214,3.09365,3.11317,2.01088,3.6704,3.33889,1.61244,10.4709,4.26688,1.98784,10.3521,0.0,0.0,0.0,0.0,0.0,0.0,0.0,16.7877,21.191,0.595584,5.99019,0.21711,0.340193,1.82614,0.070621,4.83734,0.304301,6.26469,0.151995,14.2552,15.1038,2.43406,13.6595,4.36033,2.53643,2.29834,4.16162,73.499,36.3117,20.9209,95.0523,98.5047,31.2347,0.092688,0.0,0.0,0.0,0.0,0.0,0.081461,0.0,0.0,9.33593,18.3424,22.4732,10.5553,7.37224,7.82402,16.975,8.21379,8.25506,11.0493,9.88897,9.47761,25.4552,17.647,13.6596,2.09703,2.77866,3.21142,14.2552,2.43408,2.29834,15.1038,1.82615,14.5715,31.5868,24.9457,18.4222,2.37233,2.09691,3.29399,2.65132,2.40168,1.74891,2.18329,7.84848,8.42868,6.50967,2.8717,4.04027,1.89715,5.47046,5.85473,2.39486,0.242383,2.92822,0.491876,0.0,0.102835,0.0,6.20903,0.753051,0.354878,0.112133,0.442078,2.78361,5.51691,8.43164,5.18843,0.230085,3.87989,4.66444,4.11641,0.818869,0.152712,2.77025,4.73809,11.2866,1.39513,1.08285,1.28285,0.626191,1.34955,0.0,0.23818,0.448566,0.149453,0.150518,0.470456,0.088177,0.22996,0.076116,0.0,0.0,0.0,0.0,0.0,6.54856,0.0,0.0,0.0,0.0,0.0,0.0,0.0,0.017994,0.0,0.470185,0.0,0.0,0.441134,0.0,0.0,0.185651,0.0,0.0,0.45635,0.0,0.0,0.832589,0.948423,0.0,0.912044,2.19646,0.488943,0.344561,2.86181,1.57529,0.352649,0.0,0.0,1.1417,0.463225,0.0,1.83985,0.0,0.0,0.302649,0.128553,0.15646,0.0,0.0,0.0,0.0,0.0,0.0,0.19475,0.0,0.493169,0.0,0.318507,0.0,0.0,0.733723,0.0,2.29039,1.59536,0.0,0.0,1.64022,0.0,0.447811,0.786159,0.420023,0.335802,0.283387,12.9673,15.0643,2.81085,8.4894,5.50308,3.92649,0.0,0.0,0.087031,0.0,0.0,0.0,0.0,0.0,0.0,0.0,0.0,0.0,0.0,0.0,6.91166,1.93122,3.02655,0.0,6.37421,2.67236,8.44261,0.344111,6.0159,18.8059,0.0,8.52853,1.66627,3.54266,0.035095
p5.00_sc00001_p0070,21.3153,38.0759,16.1273,0.0,0.0,0.0,0.0,0.0,0.0,0.431283,0.0,0.147201,0.0,0.0,0.156637,0.0,0.0,0.0,0.0,0.0,0.0,0.0,0.0,0.0,0.0,1.20191,4.08806,3.64248,4.21032,1.01244,6.94579,3.17211,2.43157,0.84637,0.981832,3.30701,8.53984,1.75298,9.07451,7.58304,0.0,2.42523,0.0,0.0,7.46166,7.55114,5.36253,0.618641,5.31297,8.21534,0.222811,0.671952,0.675021,1.3417,1.1002,12.2987,0.668641,1.57723,10.417,1.08717,0.684119,8.48735,0.0,0.0,0.0,0.0,0.0,0.0,0.0,0.0,0.0,0.0,0.0,0.0,0.0,0.0,0.0,0.0,0.0,0.0,0.0,0.0,0.0,0.0,0.0,0.0,0.0,0.0,0.0,0.0,0.0,0.0,0.0,0.319342,0.0,0.0,1.16486,0.0,0.0,0.0,0.0,0.0,0.0,0.0,0.0,0.0,0.0,0.877009,0.253227,0.0,0.0,0.0,0.0,0.0,0.238961,0.0,0.483359,0.478489,0.0,0.0,0.130904,0.0,0.0,0.492635,0.638165,0.47961,0.0,0.0,0.0,0.0,0.0,0.277254,0.994655,1.57488,1.0031,0.0,0.0,0.112627,0.0,1.22749,1.03253,0.488201,0.047875,0.234635,0.474783,0.520743,0.314665,0.260944,0.045282,0.380039,0.282479,0.047701,0.819961,1.03199,0.0,0.764549,1.18469,0.0,0.0,0.0,0.0,0.0,0.0,0.45084,0.425019,1.55913,67.425,0.870557,0.6147,0.330171,0.953623,80.3879,1.13898,56.8279,1.71105,49.4727,51.3796,1.83202,58.8702,59.0753,59.5771,0.713152,86.8329,0.159968,0.402649,0.273824,0.48968,0.982915,0.165353,4.8851,7.85522,0.13538,0.670279,0.0,0.0,7.47936,0.221371,0.155463,0.17675,0.0,0.0,0.200419,0.097076,0.995082,0.088687,0.249085,0.701195,44.0796,41.0493,35.8939,0.470562,0.129642,58.8704,0.352652,0.772858,0.576666,49.4726,1.83203,0.713151,51.3796,0.330172,0.0,0.0,0.471689,0.0,15.9947,20.6395,20.4526,18.1403,13.5689,24.1495,17.129,20.2724,37.5197,20.4116,20.2896,13.1747,0.455669,12.102,9.63492,0.505922,1.88834,0.385278,1.35404,0.0,0.161783,0.0,13.4959,0.13918,0.0,1.23476,0.099532,0.681134,0.333108,0.0,0.554467,0.0,0.0,0.0,1.11082,0.550397,0.576169,0.370654,0.0,0.0,0.0,0.081959,0.288306,0.271437,0.323216,0.211743,0.119955,0.224594,0.112241,0.113307,0.234124,0.0,0.0,0.0,0.085569,0.0,0.0,0.0,0.0,0.0,0.0,0.0,0.0,42.2781,0.0,0.0,0.0,1.14806,0.0,0.230543,0.0,0.0,0.0,0.0,0.0,0.0,0.0,0.0,0.0,0.0,0.0,0.0,0.0,0.0,0.0,0.0,0.0,0.0,0.0,0.0,0.0,0.0,0.0,0.0,0.0,0.0,0.0,0.0,0.0,0.0,0.0,0.236058,0.0,0.0,0.0,0.0,0.0,0.0,0.0,0.0,0.0,0.0,0.0,0.0,0.0,0.0,0.0,0.0,0.0,0.0,0.0,0.0,0.0,0.0,0.0,0.0,0.0,0.0,0.273625,0.0,0.0,0.500799,1.17282,2.23287,0.0,0.0,0.0,0.0,0.0,0.0,0.0,0.0,0.0,0.0,0.0,0.0,0.0,0.0,0.459274,0.0,1.7652,2.62208,0.0,1.2988,0.0,0.0,0.64832,0.0,0.425706,1.16976,0.027326,0.097774,0.741297
p5.00_sc00001_p0071,11.7839,3.89051,5.89136,71.1132,0.0,0.0,0.0,2.89258,21.4579,2.54213,3.05343,3.02413,4.43224,11.7681,7.94508,13.9633,1.05305,2.6699,2.05211,1.05597,10.2517,8.67457,0.0,0.0,5.97987,25.9162,33.7986,30.5349,29.3878,37.0753,36.0647,20.7817,24.5697,28.8439,30.0965,31.4024,33.2793,36.332,32.4711,35.4436,0.0,36.3293,0.0,0.0,35.3029,32.8123,32.8007,39.8333,33.7358,31.9205,8.18589,6.97624,9.06873,10.9383,8.27984,20.401,9.01397,8.34737,18.5934,7.74077,6.0267,20.2425,2.54921,3.77173,1.06723,5.39584,10.1633,2.2845,0.0,0.0,1.61228,2.00561,2.4141,0.0,5.5374,18.5804,0.0,0.0,3.9968,0.0,0.0,1.82672,4.18232,0.906209,0.0,2.37176,3.48283,1.37791,1.50193,0.0,2.62209,1.87351,6.10971,3.93236,2.95034,2.88486,7.28344,3.50166,2.50693,1.53389,5.62167,3.22171,1.61919,4.88052,4.16038,18.8752,3.9334,18.2301,5.32705,4.00655,6.44933,3.57578,4.73033,5.37911,8.24108,4.34595,6.40217,42.8384,1.61942,18.8014,32.3571,16.4413,14.8002,21.7276,20.7554,38.5802,5.51928,5.22549,0.0,2.56546,6.38663,19.8284,27.2908,29.2386,26.8144,4.53024,18.0035,24.6012,23.655,28.5826,4.56361,3.83966,1.66073,2.35378,3.85036,3.92793,3.54013,3.49842,1.86798,3.84297,2.33938,1.63235,5.81684,4.56122,1.87455,5.88796,4.44277,25.0535,24.9046,30.8406,46.6523,31.2657,53.0524,5.82865,5.62942,52.7397,80.1856,48.9762,51.147,64.1114,58.3764,67.9895,54.153,79.9453,47.657,92.6631,90.1613,73.5831,74.1233,80.9244,64.6628,73.3256,73.221,80.0284,35.7356,43.9845,55.4794,68.1514,47.701,16.1405,13.7486,15.346,5.03226,5.76337,20.3996,14.4712,17.8623,5.72854,8.44495,30.449,20.6931,2.79462,38.462,25.2642,17.27,8.46817,35.675,86.8371,72.2769,72.1368,45.7085,49.9948,74.1234,64.0986,62.5513,67.6592,92.6629,73.5837,73.3253,90.1613,64.1115,46.6406,50.8464,49.0933,46.9424,12.5838,15.6427,16.6662,11.9487,21.6842,13.1222,11.3237,17.0079,17.7852,15.4134,8.56994,9.77082,17.8909,40.0461,47.2472,18.1244,8.95142,13.6377,7.52002,9.14999,9.27265,8.60208,46.6363,3.24689,3.98929,8.33388,3.44401,15.3834,17.2414,18.466,13.3304,19.9957,11.5343,10.2244,14.8786,40.5496,56.5864,25.7418,23.9779,13.8533,26.3129,34.2719,50.3491,23.1456,18.7808,23.6007,15.3729,9.48886,15.1013,15.8278,13.3907,21.414,10.9649,21.875,23.887,32.0989,0.0,15.7309,22.974,18.9291,38.3642,55.5159,22.3085,15.7978,0.0,22.509,0.0,8.30288,26.5984,23.0645,19.2207,5.62219,8.73585,6.95518,6.70133,9.05987,10.9593,11.5707,9.35992,4.94466,14.5496,14.1325,11.0678,12.729,14.1911,8.28511,6.33981,9.16398,9.71536,10.7699,12.72,10.4184,8.22329,7.03655,6.22475,9.11442,7.28696,10.0418,14.1247,10.0603,5.1944,6.30745,18.731,17.5008,7.63461,10.9102,2.42848,1.97881,8.26428,5.83763,10.4639,13.6727,8.5601,6.68354,5.69055,6.74609,13.8304,8.09946,10.9609,11.7194,8.33847,7.77235,6.67381,5.06747,10.4253,8.91192,7.36242,4.30918,14.4688,12.7619,12.2518,11.2146,10.5127,15.8979,0.0,0.0,17.1405,0.0,19.0432,0.0,0.0,0.0,0.0,0.0,0.0,0.0,0.0,0.0,10.698,10.4547,7.42628,5.19285,4.90278,12.2147,3.03955,24.8939,11.5487,14.0296,19.3571,13.2882,31.6647,14.9723,20.6761
p5.00_sc00001_p0072,14.6276,1.60972,17.3431,0.0,0.0,0.0,0.0,0.0,0.0,0.0,0.0,0.0,0.0,0.0,0.0,0.0,0.0,0.0,0.0,0.0,0.0,0.0,0.0,0.0,0.0,0.0,0.0,0.0,0.0,0.0,0.0,0.0,0.0,0.0,0.0,0.0,0.0,0.359968,0.0,0.0,0.0,0.0,0.0,0.0,0.0,0.0,0.0,0.0,0.0,0.0,0.0,0.300397,0.0,0.0,0.0,0.0,0.0,0.0,0.423357,0.0,0.0,0.0,0.0,0.0,0.0,0.0,0.0,0.0,0.0,0.0,0.0,0.0,0.0,0.0,0.0,0.0,0.0,0.0,0.0,0.0,0.0,0.0,0.0,0.0,0.0,0.0,0.0,0.0,0.0,0.0,0.0,0.0,0.0,0.0,0.0,0.326519,0.0,0.0,0.0,0.0,0.0,0.0,0.0,0.0,0.0,0.0,0.353938,0.0,0.0,0.0,0.0,0.0,0.0,0.0,0.0,0.0,0.0,0.0,0.0,0.0,0.0,0.0,0.0,0.0,0.0,0.0,0.0,0.0,0.0,0.0,0.0,0.0,0.0,0.0,0.0,0.0,0.0,0.0,0.0,0.0,0.131884,0.0,0.0,0.062936,0.063676,0.0,0.0,0.0,0.060731,0.0,0.0,0.063975,0.0,0.0,0.060944,0.0,0.0,0.0,0.0,0.0,0.0,0.533589,0.0,0.0,0.372174,0.0,0.0,0.0,0.0,0.0,0.0,0.693745,0.0,0.136363,0.304377,0.0,0.0,0.0,0.0,0.0,0.0,0.0,0.0,0.0,0.0,0.0,0.0,0.219615,0.0,0.0,0.208668,0.0,0.0,0.215428,0.0,0.0,0.0,0.0,0.0,0.0,0.0,0.0,0.0,0.0,0.0,0.0,0.0,0.0,0.0,0.0,0.0,0.0,0.0,0.0,0.148179,0.154635,0.0,0.0,0.0,0.0,0.0,0.0,0.0,0.0,0.0,0.0,0.0,0.0,0.0,0.0,0.0,0.0,0.0,0.0,0.0,0.0,0.0,0.0,0.0,0.0,0.0,0.0,0.0,0.0,0.0,0.113349,0.0,0.0,0.0,0.0,0.123583,0.0,0.0,0.0,0.0,0.0,0.0,0.0,0.0,0.0,0.0,0.0,0.0,0.0,0.0,0.0,0.0,0.0,0.0,0.0,0.0,0.0,0.0,0.0,0.0,0.0,0.0,0.0,0.0,0.0,0.0,0.0,0.0,0.0,0.0,0.0,0.0,0.0,0.0,0.0,0.0,0.0,0.0,0.0,0.0,0.0,0.0,0.0,0.0,0.0,0.0,0.0,0.0,0.0,0.0,0.0,0.0,0.0,0.0,0.0,0.0,0.0,0.0,0.0,0.0,0.0,0.0,0.0,0.0,0.0,0.0,0.0,0.0,0.0,0.0,0.0,0.0,0.0,0.0,0.0,0.0,0.0,0.0,0.0,0.0,0.0,0.0,0.0,0.0,0.0,0.0,0.0,0.0,0.0,0.0,0.0,0.0,0.0,0.0,0.0,0.0,0.0,0.0,0.0,0.0,0.0,0.0,0.0,0.0,0.0,0.0,0.0,0.0,0.193079,0.0,0.0,0.0,0.0,0.0,0.0,0.0,0.0,0.0,0.0,0.0,0.0,3.39995,0.0,0.0,0.0,0.0,0.0,0.0,0.0,0.0,0.0,0.0,0.071014
p5.00_sc00001_p0073,21.9333,12.3053,15.5316,35.3115,20.2689,0.0,0.0,30.4852,24.2902,26.5161,32.3899,27.4007,17.0089,22.2681,25.2961,16.3132,5.22894,9.28025,7.24618,8.80065,25.9076,33.6763,33.0821,7.04162,29.6933,39.5274,48.6908,30.0899,29.5449,34.9389,32.5446,45.9857,40.6988,32.2307,32.8899,31.0887,32.9495,24.8921,33.1727,48.4908,0.0,37.6601,0.0,0.0,32.1364,30.5717,35.622,44.196,36.0804,30.0642,38.3792,36.6001,35.3006,29.981,39.6427,132.274,38.2873,34.4054,113.008,38.9707,35.7764,92.9847,50.6435,33.7181,56.1807,40.2782,41.4994,51.0581,9.71127,37.3278,36.5111,45.5712,26.3771,60.3494,57.7555,61.5216,57.6234,60.5621,64.5975,64.8448,60.7615,26.6129,36.6439,38.7073,18.9884,42.0103,38.0523,48.5885,40.2775,45.4413,49.4825,50.2464,11.2359,8.3877,7.65545,10.4671,13.5076,8.73305,7.92921,8.94863,10.9729,9.59753,7.85068,8.45754,42.5573,13.2806,61.3394,14.941,69.5481,41.428,67.2532,43.751,46.3682,63.5292,50.8642,38.8434,58.3478,21.0046,55.7509,14.3768,15.6254,18.9695,16.1447,16.479,10.874,18.2328,71.388,46.3352,34.3511,40.445,52.9715,8.76716,15.5691,20.5478,18.6954,54.3758,20.9517,16.514,23.972,14.8971,35.2501,43.4856,30.6901,48.8265,52.561,52.4081,37.4035,36.9783,34.3194,43.6999,48.9418,30.7342,49.0133,35.0486,34.567,48.3553,39.7093,29.6936,31.8373,50.9927,38.8557,41.5399,41.0824,71.9368,76.3072,31.0074,36.8597,53.0713,55.9107,39.897,50.9602,33.8104,28.8252,29.2158,29.2338,30.6902,26.0181,42.7986,41.8334,32.2781,36.6749,39.9415,42.5748,50.8974,50.1063,49.2897,54.4883,48.0717,51.831,32.2586,29.6626,36.565,59.3545,46.3333,35.1928,28.8964,35.6799,61.796,41.7749,51.596,38.903,37.8156,36.0111,40.0452,41.8205,43.3479,47.1973,24.9076,22.3333,21.7463,22.1164,16.8968,41.8335,25.3356,28.2042,30.6335,30.6902,42.799,39.9413,26.0181,39.8971,18.1825,14.1517,28.1055,18.4768,45.4061,42.4316,43.1137,43.6975,35.8913,39.0952,22.6447,37.971,36.5483,37.8505,22.8269,22.1532,35.0481,74.1122,79.769,36.3177,37.2832,38.9648,35.2201,45.5295,48.845,47.2719,79.9399,45.9339,45.217,37.3104,43.1105,38.223,55.7731,41.3063,49.1656,55.1157,47.147,32.3383,35.4374,66.5623,73.8917,72.581,44.5625,28.6882,53.6935,84.1849,89.2206,73.9648,65.7986,49.957,51.4276,47.172,48.0984,56.2605,68.3831,43.1537,69.8658,52.0033,23.7652,72.8911,175.642,148.472,51.9902,65.819,322.474,238.994,63.3241,62.7797,76.7936,42.238,0.0,5.65692,4.55976,6.92925,95.0877,34.9896,59.8,78.2821,64.5211,63.1124,43.902,91.726,65.0679,93.3009,63.9275,47.0175,40.7464,56.1971,51.8888,45.2541,46.3623,47.4753,114.575,115.071,98.8298,43.8838,73.3828,36.3149,44.5743,54.8936,116.563,77.8292,97.1893,108.201,52.4547,43.5182,56.9683,84.4946,86.5036,68.8799,80.1904,79.7861,53.7579,66.2384,82.7878,64.1466,81.879,58.0058,84.0165,106.163,54.9402,85.2625,52.5057,71.2426,49.4589,38.5939,58.6562,76.1172,37.1343,43.2691,74.532,33.1766,21.2191,17.211,20.2908,28.1327,29.1504,26.8375,0.0,0.0,33.8041,0.0,45.3705,0.0,0.0,0.0,995.41,0.0,0.0,0.0,0.0,0.0,33.5464,34.6208,34.2841,82.5411,37.3921,36.0846,24.1561,48.3394,22.3345,23.2477,36.0699,22.872,43.4559,60.4019,39.9579
p5.00_sc00001_p0074,27.2274,23.6776,42.4714,190.182,0.0,44.7524,0.0,6.15696,23.6954,68.2237,124.824,11.4447,90.1324,19.7072,10.1807,8.37554,10.3261,7.14026,22.7656,14.5101,54.8336,27.0517,44.5436,33.7639,0.0,36.9195,42.3809,29.6655,31.928,45.797,33.8744,47.226,35.2059,25.1824,22.9407,30.3725,30.9285,38.7497,34.1651,40.0622,0.0,35.8684,0.0,0.0,36.4973,26.9814,30.322,55.0164,27.6983,29.0218,69.0873,87.2349,83.6841,84.1015,85.3307,141.795,77.8637,95.4756,120.304,86.5008,98.9156,104.747,102.102,278.594,98.3721,247.492,207.599,79.5119,236.995,392.128,308.912,301.611,269.662,52.6517,256.781,269.181,207.33,245.157,275.202,282.46,330.155,202.47,263.184,314.156,210.644,322.284,329.667,238.992,305.203,237.431,302.736,257.831,381.572,145.011,234.056,121.703,129.09,323.155,310.294,133.446,236.251,176.944,344.679,369.211,24.4299,74.5109,15.9318,37.2245,16.5967,6.46596,13.7033,13.3438,13.9759,11.4389,10.0866,27.1636,16.564,41.2561,45.9111,33.8837,63.5858,44.1991,31.6594,52.6668,32.0559,51.7121,7.71381,13.9569,16.2393,13.7578,12.5598,50.3782,50.5147,27.8792,25.6728,9.58077,40.4483,36.7261,70.5355,39.6504,112.924,114.609,134.922,85.5392,93.0123,93.3748,114.882,115.282,186.087,114.935,85.031,134.951,72.5503,111.92,185.299,72.3882,204.956,78.5592,105.523,60.7691,94.369,91.4484,84.1364,60.5306,86.1216,107.112,90.3153,122.891,106.02,97.6585,122.633,120.536,110.602,89.0631,107.896,83.8139,86.7257,94.8271,69.5151,86.2152,136.912,112.421,120.545,34.0596,29.2766,31.6866,32.4967,38.4795,24.6411,113.404,113.889,172.17,94.4908,77.5872,204.944,135.577,210.068,102.075,8.63764,12.1091,9.66932,11.8567,10.8331,10.4847,12.9851,10.8024,11.1568,57.9089,59.7801,65.9232,395.399,58.483,69.5152,125.76,115.855,123.548,83.8137,94.8276,112.421,86.7257,97.6586,66.6991,435.609,391.964,64.8391,48.4237,45.517,26.0399,34.754,29.5756,35.1892,66.8074,43.387,45.6753,46.4672,27.2909,41.1681,202.453,294.351,294.54,201.296,155.663,176.754,150.433,226.846,223.578,214.354,246.738,243.139,258.569,149.726,233.7,21.6877,19.066,27.2339,16.3377,17.3684,10.7086,18.6844,20.8802,30.67,45.4517,38.4216,27.762,20.3307,31.3834,97.1795,30.7607,104.978,65.9211,39.8211,172.92,77.4092,134.719,59.4371,85.2744,108.194,102.921,203.393,52.4658,56.8026,135.946,31.3315,26.0945,81.037,234.529,136.0,76.1622,26.9944,116.761,30.0723,11.3577,37.7658,34.0569,27.5034,51.4029,78.8541,125.158,92.1173,31.7933,20.6007,23.2717,78.8985,60.9969,49.5891,70.7471,11.5485,15.3478,16.4029,41.9771,71.0881,18.4962,12.5999,127.746,149.641,127.178,97.3585,15.2897,12.3398,44.9766,44.5568,70.9916,118.708,47.2179,41.2161,25.1257,43.9958,122.102,84.4862,54.7564,87.0703,96.3367,46.57,19.4003,15.0583,48.5059,41.6092,46.9903,119.161,75.0782,99.9217,153.703,223.347,18.1052,58.2515,27.6791,14.0642,69.0128,75.6664,19.0829,16.9483,61.8215,15.3657,41.9925,71.1925,61.9625,36.4467,50.2575,61.9978,0.0,0.0,52.099,0.0,59.8653,0.0,0.0,0.0,0.0,0.0,0.0,0.0,0.0,0.0,68.6042,40.6676,32.2463,102.493,46.1383,27.0374,55.0193,78.9721,180.435,75.8837,46.253,41.5503,117.983,112.96,73.904
p5.00_sc00001_p0075,13.3041,16.2188,11.2681,47.8415,41.1917,0.0,0.0,136.564,159.914,267.161,182.725,149.536,243.17,268.102,205.555,103.222,39.9014,49.3382,53.9958,25.1359,82.7624,81.6602,150.051,76.4416,121.654,245.683,225.432,154.526,153.073,253.308,176.164,204.115,222.009,137.969,140.009,184.815,198.492,166.087,197.259,217.418,69.897,293.052,0.0,0.0,174.043,157.197,162.599,209.291,164.213,156.011,114.143,111.559,126.643,129.554,120.824,56.0653,133.992,111.531,54.5038,120.891,114.145,53.3391,12.9918,16.2184,10.1171,13.8665,10.3141,13.1989,14.1213,0.0,13.5306,15.8346,16.3882,13.7888,20.7191,10.5291,21.6362,19.904,19.164,14.9541,15.7824,7.86247,16.3672,19.7233,11.7797,9.63269,14.5141,13.5707,20.0681,20.0258,15.3784,21.3845,177.093,254.135,135.115,211.555,160.355,120.616,129.93,231.232,230.855,165.119,139.465,166.322,73.9516,49.7705,116.693,57.3439,130.139,95.0994,128.705,82.722,81.2632,105.565,107.036,98.2441,122.129,45.6019,117.09,26.3414,42.9237,26.7859,14.8322,44.6361,27.3626,82.9161,124.185,109.54,80.59,71.9783,112.276,42.6264,37.9869,48.2735,52.286,101.233,42.269,36.3937,57.457,41.7482,196.475,172.146,137.916,172.228,182.251,182.916,161.851,161.227,157.299,171.798,171.502,138.123,206.835,195.985,156.85,206.547,11.5819,20.7295,43.9719,54.7691,41.1093,89.6277,21.6508,209.173,192.947,42.6761,58.0306,39.7931,36.6725,58.6459,36.0811,48.4287,41.256,56.9057,43.9549,53.4379,57.496,57.2815,55.9866,52.4491,38.7972,67.1067,46.9465,161.086,145.672,118.741,168.817,157.419,139.426,29.9156,19.3937,22.0011,3.96737,19.4244,22.8385,14.3627,26.2546,10.3788,136.622,169.366,153.104,138.965,192.386,176.433,206.139,138.478,157.629,77.825,77.0336,74.9417,170.715,139.677,55.9866,50.2828,44.8995,49.3354,53.4377,57.2821,67.1064,57.496,58.6461,145.757,203.341,174.283,133.039,30.7589,26.6535,31.0446,39.6643,36.0082,23.4085,53.0492,60.1381,56.6762,47.1066,50.3559,59.9661,81.4413,147.409,153.71,81.6265,3.68538,83.4648,3.81785,16.2871,14.2423,13.5617,142.535,7.37107,7.11687,3.89086,6.97227,153.067,117.488,115.416,117.607,118.868,133.094,176.919,136.868,109.218,118.187,100.97,128.687,141.488,90.4962,134.865,131.762,197.643,160.394,123.856,142.206,207.988,149.452,202.085,196.287,155.495,225.688,82.2645,53.6443,223.871,93.4835,269.572,229.422,220.276,488.976,309.254,266.521,400.501,131.827,227.385,276.544,19.2974,22.5133,22.8266,157.324,127.843,132.234,155.97,160.146,162.446,92.5771,96.6878,155.685,136.387,171.74,138.294,114.998,143.713,221.101,198.916,133.593,82.5876,178.923,168.145,166.282,122.295,151.904,164.218,296.225,196.215,130.261,150.826,167.819,167.187,142.813,174.498,133.495,152.515,194.125,149.419,146.63,235.897,113.235,99.5187,154.402,143.05,168.824,186.892,161.3,124.632,165.308,102.076,157.509,130.687,178.532,125.399,157.592,156.181,155.771,146.623,180.548,195.11,75.9403,101.016,59.55,94.3009,67.1947,101.283,0.0,0.0,64.42,0.0,86.2752,0.0,0.0,0.0,0.0,0.0,0.0,0.0,0.0,0.0,150.487,96.7594,115.0,9.76553,110.037,114.954,150.403,79.2256,209.901,196.093,48.3629,157.218,126.249,151.957,69.2153
p5.00_sc00001_p0076,11.0159,16.3539,12.0023,11.9554,0.0,0.0,0.0,0.248365,2.2284,0.694222,1.00294,0.444036,0.611393,0.921042,0.599835,0.257161,0.0,0.0,1.7417,0.238895,0.0,2.06962,0.0,2.00911,0.0,2.68692,2.53089,0.705323,0.703085,3.23862,0.74369,1.72884,2.18533,0.782909,0.745168,0.942285,0.817236,2.25553,0.909039,1.12878,0.0,1.59023,0.0,0.0,0.736087,0.955717,0.789037,2.53206,0.720617,0.979299,4.32455,2.51181,3.82709,4.58496,3.58246,2.82706,4.32291,2.82528,2.49337,3.99017,3.33284,1.47734,6.62828,6.93431,6.71404,4.39623,5.09147,5.20068,5.04513,0.0,7.48233,4.15088,7.83011,3.30502,3.78866,0.0,5.11254,3.96314,4.32471,5.81479,3.22312,6.3346,4.13485,5.01682,5.20004,6.1171,5.1005,5.36919,6.40849,5.44754,5.21004,3.53061,5.9901,4.28744,4.04015,6.67693,2.4264,3.37531,2.77972,6.10404,2.05883,4.44564,2.87033,0.845342,0.464242,0.611611,0.643985,0.922597,0.08674,0.165134,0.745841,0.120849,0.193047,0.847296,0.385759,0.863278,0.43282,1.10178,0.085585,0.519687,0.653495,0.75032,0.702062,0.738027,0.441852,0.362444,0.279395,0.594642,0.0,0.101833,0.220636,0.909047,0.332585,1.03097,1.1719,0.35064,1.2874,1.16341,1.68263,0.843698,10.6588,9.42039,5.17137,11.9373,13.5651,13.4338,7.65237,7.65402,9.46513,9.4204,11.8989,5.16685,14.876,10.7339,9.46453,14.8207,0.883758,5.93599,5.94429,5.21962,6.13345,5.0294,6.42971,0.923372,0.646763,1.15466,2.44496,0.949746,0.906352,2.58688,0.929933,3.31731,1.16145,2.70372,1.65535,4.48305,5.42692,2.42263,5.08956,3.03708,4.62552,2.75473,2.9614,3.90236,1.02134,1.10149,1.98165,3.64479,1.16984,4.95201,5.20923,1.59752,12.117,7.69287,1.05536,3.76748,1.83427,12.4955,0.317104,0.415402,0.402512,0.396047,0.208714,0.233673,0.467445,0.244724,0.278578,8.97035,8.35613,8.35917,10.5927,6.94487,5.08956,3.25377,2.46784,2.8614,4.48304,2.42265,2.75472,5.42692,2.58689,6.5719,15.5645,11.0805,6.45391,0.400509,0.685547,0.684441,0.624571,0.920201,0.693219,0.606132,1.13069,0.642887,0.70081,0.268028,0.894798,9.07353,3.21171,2.54722,8.90708,4.15155,10.1222,4.54713,0.462318,0.435758,0.566163,2.27443,2.14522,2.20437,4.28878,2.61622,0.080177,0.111684,0.447545,0.176487,0.034193,0.101174,0.088821,0.05044,0.020407,0.154625,0.109207,0.129436,0.263354,0.0416,0.278908,0.031822,0.459262,0.142739,2.44589,2.49659,11.318,4.9454,9.1267,5.05873,3.36409,4.55316,2.74911,1.46737,5.30918,0.0,0.867976,10.5837,9.37278,0.0,0.0,0.0,15.6765,0.0,3.29278,0.0,0.22877,0.591257,1.06476,1.24614,0.357879,0.397198,0.527059,0.794473,0.585074,0.472474,1.09833,0.410898,0.393438,1.12261,0.527414,0.213493,0.722029,1.33446,1.81289,0.990551,0.620504,0.773034,0.354598,0.396907,1.3721,1.0469,0.367138,2.39826,3.08803,0.745471,0.277915,0.561938,0.068126,0.231502,0.950936,1.67669,0.771237,0.607473,0.578739,2.02891,0.881725,0.7891,0.592996,0.222025,1.20046,1.7207,0.184973,1.20743,0.660646,1.17382,1.20299,0.410417,3.50392,0.978438,0.775348,1.06205,0.504012,0.97332,1.3552,0.982658,0.832447,0.908407,0.539259,0.995993,1.76121,1.14092,1.2773,0.0,0.0,5.20631,0.0,8.83221,0.0,0.0,0.0,0.0,0.0,0.0,0.0,0.0,0.0,1.76135,4.82182,13.6674,4.27639,19.4318,12.0688,17.6987,2.47875,8.22208,5.33244,0.635158,5.06122,1.03979,4.08452,1.01119
p5.00_sc00001_p0077,21.3195,13.2457,17.7392,26.0913,0.0,0.0,35.0996,16.2206,13.2684,40.1847,43.4395,16.933,30.1248,12.9539,14.7538,17.5401,6.95449,3.91833,4.01559,7.32923,27.5832,28.6297,18.333,23.1605,35.1041,18.5291,18.2132,14.4888,14.3499,17.881,17.0478,20.461,19.7445,18.7346,19.0745,17.4244,16.2455,28.3622,16.0681,17.1582,0.0,19.4864,0.0,0.0,16.9428,16.7813,18.3825,26.9263,18.4162,16.5914,13.3359,15.024,13.4673,10.9226,14.0026,35.4712,12.7267,15.0361,37.8956,12.1165,12.4722,39.7051,24.5165,44.6141,25.9799,30.3228,27.8872,24.5115,51.9229,27.8129,24.7282,31.1447,51.7508,30.0122,39.7734,36.6765,50.5022,47.9911,21.954,23.7982,19.9563,18.0203,42.9346,24.4881,53.9304,21.8639,35.3785,49.9312,42.0717,36.8405,47.3661,50.7214,22.2991,37.3812,23.5621,28.5459,30.6712,21.9929,23.9577,29.8546,31.8859,22.9796,25.6867,25.5428,13.4416,28.7465,14.6886,11.1379,19.4126,17.1602,18.7451,14.1007,11.2813,14.6359,13.3098,10.3587,17.0877,14.7642,19.1834,12.9787,20.4144,20.5353,22.3538,19.6948,25.0628,22.1618,17.3066,10.1383,13.0866,14.8117,11.798,10.6689,20.0647,17.7517,15.2584,23.9679,15.0595,13.0105,27.3426,16.8214,18.5366,17.5582,14.0967,15.3349,16.0377,15.8608,17.6971,17.198,12.9595,17.4426,15.3363,14.0456,21.1915,18.5099,13.052,21.1895,72.5369,20.248,18.4713,15.9716,17.9819,21.7157,14.1021,19.1332,32.9551,12.6598,14.3811,11.04,11.0787,12.9818,10.3168,13.4984,13.4032,14.0988,13.0401,17.4616,18.1347,13.8464,16.3795,12.9744,13.0952,14.3954,14.6624,19.6008,12.3294,10.4996,23.4399,22.1601,12.3701,20.5504,24.5646,24.7819,29.1722,34.1654,24.8092,24.4498,26.2478,32.3661,16.1713,20.9488,22.0348,15.2371,18.6847,18.4794,21.9771,20.5086,23.5459,19.4094,22.1442,23.3573,32.6379,45.7008,16.3795,12.7466,10.7698,10.9153,17.4616,13.8466,14.3953,18.1347,12.9818,47.8426,40.2765,29.1285,43.7625,17.9677,19.2,19.4293,19.6158,22.6743,18.4885,14.8812,19.9099,19.8833,17.4502,10.8687,13.697,14.0214,17.3106,17.8808,13.4001,16.7013,14.6754,18.7207,11.8889,11.7122,11.7397,14.5272,17.0038,12.8186,16.7393,15.5361,13.9543,14.853,27.064,17.7045,9.96968,18.1269,15.7016,14.0482,11.4959,9.78542,14.4773,25.0525,21.3749,11.4897,22.8573,10.8924,34.4531,25.3445,13.232,13.6201,17.9229,13.9038,16.907,15.6194,15.3578,18.9753,8.25534,4.86421,34.1537,2.36907,27.3468,0.0,3.5218,0.0,41.2948,26.1189,15.688,0.0,35.3249,51.3601,9.48656,14.6431,23.5085,10.7087,17.8774,9.38656,9.96434,6.83437,4.23937,3.34327,5.36244,11.3682,12.019,15.853,5.87654,4.92214,4.25407,10.1767,9.49935,8.62758,5.00699,13.07,10.0831,6.22262,16.3444,6.63764,6.43308,5.76972,12.2975,9.3575,11.6937,9.06905,6.12569,5.2039,7.63277,9.87903,8.89065,6.87549,10.2933,5.56878,13.0684,8.59109,4.83048,6.65458,10.206,7.10786,7.46315,13.0839,6.8542,15.5613,8.71692,4.02152,10.6844,4.2861,3.66034,14.4468,13.0147,4.79402,9.88196,12.8963,4.70632,12.8478,10.4692,7.50665,23.6717,19.5794,15.3731,0.0,0.0,38.2255,0.0,32.2731,0.0,0.0,0.0,0.0,0.0,0.0,0.0,0.0,0.0,10.2687,27.9882,36.0541,30.8916,34.3875,42.3047,41.1841,14.4656,27.2072,42.5533,12.3005,24.3438,12.4451,24.3947,7.32193
p5.00_sc00001_p0078,15.0509,4.00007,53.4415,0.0,0.0,1212.96,0.0,3.84538,4.92517,13.7269,8.94334,3.69366,31.9707,8.12422,9.70549,6.62796,50.8866,12.9018,0.0,10.7257,33.0265,0.0,0.0,122.017,0.0,0.324605,0.789797,1.40444,1.57498,1.31178,1.11063,0.559945,0.143128,0.57517,0.386798,0.958908,0.977011,1.35576,0.783085,0.0,0.0,0.711831,0.0,0.0,1.84726,2.11412,1.50796,0.548892,1.17827,2.8778,9.08499,5.07378,14.2715,13.1702,18.9408,4.28607,11.1073,14.2913,0.0,13.7911,9.29818,3.84518,9.57824,9.54188,0.0,0.0,0.0,25.6162,0.0,0.0,21.0925,18.9961,0.0,0.0,0.0,0.0,0.0,0.0,9.02778,15.0202,26.9048,0.0,0.0,40.0468,0.0,19.3311,13.0102,0.0,27.8171,30.6837,0.0,2.81297,6.85969,0.0,1.93937,4.86595,8.36612,9.32343,2.02495,5.21434,0.0,1.2147,2.86311,2.05971,0.0,3.43913,4.86248,13.5164,1.21814,13.4922,1.7344,0.0,2.78336,4.80492,15.3483,0.0,9.24541,6.57552,9.68188,22.7382,6.0251,23.0822,37.0076,8.34475,26.6825,3.94159,9.85061,0.0,4.35517,2.8783,4.43914,27.7792,19.8253,23.5468,6.96864,0.359372,12.6147,27.6392,10.623,24.9647,7.35093,6.14386,36.4386,10.8427,9.2493,10.5092,14.2559,15.1322,13.9503,7.37898,12.1578,38.0354,3.96248,7.79236,12.1465,5.44308,0.0,0.0,2.90873,14.6214,0.0,2.80879,1.4752,1.1148,1.05366,0.462433,3.59712,6.16704,1.35645,27.8787,3.1664,6.31604,1.90706,2.62789,8.80377,7.55756,15.7782,28.228,27.7509,9.90356,3.79589,26.2774,6.30088,4.06138,10.6455,14.9783,3.59745,7.32147,14.3793,5.7518,0.0,8.94572,14.3581,12.8452,13.0287,2.23275,7.96829,13.3406,0.0,1.38178,0.589461,0.325949,0.935858,0.0,0.576644,0.0,0.662288,65.5089,47.9435,48.4509,36.9644,7.12242,27.7501,24.0325,35.0208,31.0671,7.5576,28.2272,26.2778,15.7781,27.8787,2.85956,22.6197,38.9477,15.7927,9.12134,16.0395,11.6908,8.00771,8.73209,6.23709,7.46178,7.29603,17.6172,12.7684,1.91504,4.45431,22.7916,9.06874,10.1051,26.9364,16.1311,24.0792,12.9314,17.5018,22.9337,23.4029,15.7595,32.0783,35.3926,10.0852,40.6867,88.4901,57.547,55.2389,94.1742,3.93007,33.3531,68.5436,168.194,3.16798,3.63682,0.0,58.0851,74.5171,0.662241,42.3207,4.44947,42.1316,113.489,0.0,0.0,3.88107,2.41831,0.999277,0.476428,1.7623,2.54781,1.395,1.39758,0.0,0.0,0.0,40.368,0.0,0.0,0.0,0.0,0.0,0.0,0.0,0.0,1.3436,8.48711,5.69001,0.0,0.0,3.01531,0.0,0.0,0.0,4.76035,0.0,0.0,0.0,0.0,0.0,2.16094,1.21803,0.0,0.0,1.11404,1.1776,0.0,0.0,0.0,0.0,0.0,3.34454,0.0,0.0,0.0,0.0,0.0,6.20614,0.0,0.0,0.0,0.0,0.0,0.0,0.0,0.0,0.0,0.0,0.0,0.0,0.0,0.0,0.0,0.0,0.0,0.0,1.55783,0.0,0.0,1.12115,0.0,0.0,5.56182,0.957005,0.0,0.0,14.0894,17.3101,12.921,11.6571,10.8538,11.5805,0.0,0.0,2.3802,0.0,5.92669,0.0,0.0,0.0,0.0,0.0,0.0,0.0,0.0,0.0,1.11021,23.4773,8.84628,52.4891,13.3775,8.67198,21.2075,25.8734,4.00016,0.0,5.78597,0.0,4.333,2.06717,6.96987
p5.00_sc00001_p0079,36.3316,25.3431,25.7367,0.0,0.0,0.0,0.0,6.77312,2.24676,16.7449,12.1323,9.97327,7.72713,4.12174,4.51531,3.72159,0.831629,0.0,0.0,2.62932,10.7949,0.0,0.0,0.0,0.0,26.9997,10.3308,8.83671,8.78008,12.6838,14.7475,22.526,17.8827,11.4209,11.5523,3.68794,14.4343,5.71703,14.4455,11.4415,0.0,17.7614,0.0,0.0,14.7023,17.558,12.3769,12.2448,12.489,17.4016,8.07029,5.92034,8.84823,6.07138,7.03983,3.50232,7.75606,5.6204,5.60933,8.57149,5.57707,5.9699,1.01309,7.98997,2.11586,6.23184,22.8238,0.908056,7.75288,0.0,3.57889,2.98792,13.4231,0.0,0.0,0.0,5.49703,3.24856,1.72734,7.58569,7.59118,20.8125,11.6004,4.32421,5.29973,4.07436,15.723,12.0438,11.3089,12.1174,14.8966,25.6101,13.8329,24.9489,10.8076,25.9433,23.2633,15.1141,22.3692,17.4368,13.9145,14.0814,17.3579,12.436,4.60227,2.27464,4.70462,5.68902,15.2835,8.97306,7.75745,7.04026,12.0273,4.17536,3.8451,6.86132,5.99584,2.03062,12.1358,0.841901,4.93262,2.90446,2.59869,3.6845,2.14016,14.5201,3.4615,6.78202,6.83837,18.4746,3.82162,0.31294,1.64685,2.09125,2.29794,10.0454,1.91033,1.47324,14.5359,9.17837,11.4128,15.9247,13.2926,14.315,21.9884,22.0296,15.2408,15.2052,7.54368,15.8982,14.3442,13.2621,10.3613,11.3886,7.51975,10.3714,12.7187,9.6327,10.2425,3.29791,6.65262,9.32535,5.82379,17.5456,30.5231,30.6669,49.4258,54.6084,51.1635,37.7789,57.2149,51.5859,30.7103,47.3364,27.9292,34.2812,39.7128,39.8025,31.8532,46.8391,59.972,40.8498,55.1548,12.3994,2.11774,3.79888,6.06327,11.4086,4.43648,21.4642,21.064,46.4629,63.3623,59.5615,53.5281,15.0712,51.1603,49.6691,7.82231,5.90175,11.7399,10.287,5.07563,4.40609,11.3643,8.83752,6.27667,21.005,19.0613,21.8997,18.6856,17.3018,31.8532,10.5994,9.59262,10.0385,34.2811,39.8029,40.8496,39.7128,37.779,15.2046,21.241,18.3293,15.3331,36.1905,42.3592,51.2681,34.5079,41.756,54.6396,34.7547,47.8703,44.121,41.2285,34.3485,36.6164,36.3007,34.4441,36.4118,35.4412,33.1367,37.504,36.9968,32.4284,29.7848,32.5903,26.4056,63.1824,62.5343,37.7252,65.2939,1.79695,0.739233,0.629171,1.02298,1.78917,1.15667,1.43627,1.31787,7.10015,2.94203,7.24979,0.967217,1.15112,5.22736,5.03582,3.77715,12.9785,7.30571,4.74515,3.67607,23.3068,9.76285,7.95936,12.7739,8.38638,13.6409,4.80339,3.29348,11.9086,22.9273,23.0506,21.4347,3.77901,82.2771,0.0,7.64174,0.0,0.0,5.98638,68.2674,7.15574,1.89142,4.65583,18.8335,15.0962,12.5661,29.5563,24.3086,15.243,72.06,8.97748,6.3723,7.56588,4.87471,33.7618,66.3054,19.3088,55.5266,67.8842,37.9604,40.3135,16.9436,17.5974,12.4091,4.82318,27.077,40.9944,55.3686,26.47,10.6874,13.4471,19.9192,10.9878,14.4324,16.1671,11.0944,14.8842,18.6361,10.4625,11.7469,14.3772,18.9271,16.0866,13.2219,5.39891,4.80331,13.5398,5.39284,6.55708,7.64563,5.54358,42.1353,115.55,50.9769,49.9293,7.37877,7.00343,46.2092,15.0859,22.8824,32.6857,13.2258,15.585,16.0258,40.2889,37.2935,28.5834,0.0,0.0,4.11186,0.0,4.1558,0.0,0.0,0.0,0.0,0.0,0.0,0.0,0.0,0.0,2.9651,26.1435,37.3002,16.5767,22.43,50.7896,38.7632,7.81589,26.1521,2.34286,17.8074,40.7184,34.662,4.5393,73.4099
p5.00_sc00001_p0080,34.0466,21.2307,12.3022,0.0,0.0,0.0,0.0,1.39324,1.05103,8.16119,11.7131,3.22743,5.44045,1.56494,3.20473,4.1802,2.39123,2.02092,2.76144,0.560017,0.0,9.84402,0.0,0.0,0.0,8.96777,4.69947,7.12215,6.19497,5.96007,11.8877,7.71443,5.78574,7.38767,7.66429,5.07438,7.10092,6.12802,7.053,6.20804,0.0,6.86942,0.0,0.0,11.169,7.31545,6.69243,6.92025,6.77606,7.002,5.85034,4.29164,7.02572,7.77628,6.55831,1.11894,5.46257,5.91618,1.56808,5.24623,5.01666,1.80691,0.0,0.0,0.0,3.17605,0.0,0.0,0.0,0.0,0.483615,4.86184,7.20741,0.0,0.0,0.0,3.41892,2.52932,0.545683,1.84819,1.24707,0.0,3.36337,2.02325,0.0,0.0,0.401443,10.276,1.69043,0.758083,2.62214,5.02772,14.0869,9.37538,8.09669,10.8334,8.9966,23.1673,23.9342,5.70194,5.29788,9.49014,15.6114,2.91684,2.20153,2.80663,2.79619,1.96085,3.75285,4.35054,4.23581,4.08761,9.74827,1.48274,1.85483,2.4698,1.801,3.30583,4.50716,1.13662,4.24982,4.8886,2.75349,4.51275,1.45354,2.96275,6.09147,3.38741,0.7674,5.34928,3.64728,0.594653,2.35964,2.50875,3.62909,3.79071,2.04197,3.16947,2.4739,4.23909,4.60574,4.38837,3.2955,6.4272,6.50272,6.92054,3.64725,3.55541,2.41009,4.7389,6.38133,3.35125,3.41371,4.70795,2.54756,3.68165,4.20355,1.28151,2.11972,3.98874,3.92803,3.58372,4.3348,6.73386,5.42526,4.06036,4.46692,3.33028,4.29682,5.62995,5.89323,4.73276,4.80052,5.24555,4.22814,2.53193,3.10873,6.1061,2.39079,4.17109,6.12666,5.34141,5.8413,2.28235,5.17809,2.73645,3.36442,2.09317,4.00171,4.08395,4.39301,18.5663,15.3287,14.9331,21.4341,1.6642,16.7942,12.2625,3.1651,1.54443,6.4464,2.9388,2.42319,2.91656,2.40599,2.82551,1.24587,2.58385,3.19964,2.64065,5.88206,3.51623,2.39079,2.07984,2.11408,1.47355,2.53193,6.10614,5.34139,3.10873,5.62995,3.32718,5.60176,4.02947,4.13898,0.3175,1.12256,1.55993,2.57464,1.58662,1.62828,1.24672,2.28567,0.447491,1.57577,1.64982,0.767486,6.6979,8.5291,7.87094,7.93876,13.4241,10.4498,13.6384,13.6109,13.6269,14.8128,6.13833,18.5993,15.4223,14.6704,21.8348,0.288641,0.236289,0.651805,0.336757,0.082189,0.579842,0.531583,0.302056,0.389793,1.71687,0.349191,0.518074,0.530766,0.298926,2.37784,2.39274,3.35483,2.43538,3.01753,3.48588,4.39977,3.43821,2.41663,4.94585,3.86979,4.26639,4.23191,2.81788,3.37459,0.0,30.8541,1.875,0.0,0.0,0.0,0.0,0.0,0.0,0.0,0.0,0.862104,0.90707,2.50814,0.538838,0.56741,0.944626,0.501386,1.54751,0.397544,3.54185,2.76573,2.44302,0.467841,0.667454,1.06972,2.53864,0.953946,1.95301,2.3517,2.443,3.50469,2.45126,1.68663,0.377573,1.08772,0.889201,1.9209,5.95157,1.33528,3.93977,0.0,5.34565,0.0,1.51403,0.335036,0.886122,0.0,3.67743,0.0,3.21681,2.99563,1.25109,0.940138,0.528025,0.713738,0.0,3.07935,1.14862,0.0,0.0,3.2697,2.44016,0.537619,2.32694,2.28299,2.02063,1.43838,1.89388,3.29787,1.07861,3.64099,10.5274,12.8636,10.0226,35.4639,30.9684,22.1796,0.0,0.0,0.092903,0.0,0.426363,0.0,0.0,0.0,0.0,0.0,0.0,0.0,0.0,0.0,0.998158,4.1154,0.64498,3.83295,0.23437,2.84748,7.87562,8.47393,12.8822,1.61081,6.04201,11.2066,4.40193,1.08703,1.91636
p5.00_sc00001_p0081,16.151,12.6845,13.4955,0.0,0.0,0.0,0.0,0.086254,0.572354,1.56592,7.51752,0.349959,1.78904,6.01758,5.98198,5.87194,1.77713,4.50575,7.38814,0.749154,4.61358,4.38956,28.1085,0.0,32.2934,0.851207,3.5933,1.52048,1.50343,1.15855,0.814524,5.26421,1.3836,3.49511,3.55268,2.04424,2.17006,2.74493,2.14681,0.86508,0.0,1.8792,0.0,0.0,0.812859,1.50349,17.7064,5.86642,18.2702,1.43383,0.282025,0.212632,0.142402,0.212284,0.417775,5.38862,0.070528,0.356499,5.5938,0.206414,0.072161,5.99814,44.3194,148.166,40.9671,1.33564,87.3902,40.5077,42.0637,140.991,120.652,109.504,6.57721,27.6692,0.0,0.0,28.944,30.9386,0.986084,2.54781,0.848324,88.4364,4.96725,87.5046,33.3357,99.6042,131.066,9.39033,157.008,151.388,5.63793,155.811,1.52466,2.34138,0.576927,1.41622,1.15051,0.273087,0.124763,0.257665,0.261229,0.522438,0.0,0.0,0.843218,33.7939,7.83233,35.0522,0.421837,1.9734,5.97062,3.86276,14.1722,1.37915,9.75032,1.0994,12.2392,29.5746,9.09371,41.8806,18.402,18.4921,22.6373,21.7438,40.8862,31.0284,13.319,5.29397,32.0012,3.02736,1.75115,46.5501,21.5914,29.2689,20.7898,7.01875,29.1816,37.7194,27.7397,4.20444,1.21358,0.223147,4.90844,1.94529,2.02824,2.02234,0.165954,0.165146,4.75727,0.274878,2.04102,4.81517,4.77421,1.24405,4.68773,4.68314,62.2304,4.37234,9.49367,29.458,17.4178,61.8831,20.7221,0.645707,0.046795,0.251019,0.096553,0.450735,0.325498,20.8491,0.440846,0.099372,0.146444,0.032684,0.072955,8.37712,10.2899,18.0182,8.16351,0.031669,0.138908,16.7618,0.359339,2.61382,21.4907,7.95111,2.79947,3.47554,2.89843,25.8422,19.5518,1.0408,9.34032,2.12722,1.54397,28.6979,2.67236,5.11269,0.870615,1.54801,1.16795,0.480206,125.51,31.5831,2.21659,0.848806,1.36437,0.701833,0.403853,0.459908,74.7399,14.805,8.16352,114.065,120.73,120.591,8.37711,18.0184,16.7618,10.2899,20.8492,13.0072,80.8458,73.353,14.5565,0.070788,0.19069,0.151215,0.088312,0.073189,0.0,4.20419,0.0,0.0,0.027025,0.735675,1.3067,1.03268,35.7153,38.4412,0.954659,2.29743,1.0306,2.45093,1.41555,1.62539,1.36545,40.1631,2.62149,2.12945,2.5974,2.33967,148.39,14.0844,19.3081,4.47077,51.5805,16.1565,20.5271,32.3238,21.4935,160.61,26.8963,78.2383,25.3543,104.024,11.2579,47.8458,3.43981,1.18043,111.016,176.793,271.826,577.507,480.034,56.3143,29.6103,168.503,634.304,3251.02,5.51662,0.0,0.0,0.0,0.0,0.0,0.0,8.76702,0.0,0.0,0.0,0.0,41.4012,134.125,110.055,40.366,1.7711,0.0,9.39009,31.5124,5.93853,2.82621,1.23327,0.0,0.0,0.0,1.66951,2.18855,137.566,1.30631,0.699101,1.86748,4.85284,0.546523,0.0,3.36728,0.0,1.66532,1.4795,12.1636,1.3893,0.351358,1.91569,32.6906,0.722464,0.736498,8.66499,0.0,1.09051,20.849,0.0,17.2129,0.80147,9.39088,60.7866,0.94181,0.159132,1.52064,13.9273,0.768273,122.955,0.622406,45.1978,1.52333,2.15757,20.0259,5.48159,0.0,0.213797,1.689,3.07481,7.53509,10.8237,0.984623,0.142094,0.296204,1.89361,1.50177,1.89135,0.0,0.0,6.41675,0.0,9.18287,0.0,0.0,0.0,0.0,0.0,0.0,0.0,0.0,0.0,1.90841,5.73859,0.899052,0.0,0.324708,0.661561,1.56104,0.0,0.820616,1.97526,0.0,8.32859,5.59462,19.9354,0.033511
p5.00_sc00001_p0082,10.7178,4.26868,1.81843,0.0,0.0,0.0,0.0,0.09801,0.0,1.20473,0.305342,0.0,1.41452,0.0,0.422683,0.0,0.0,0.0,0.0,0.0,0.0,0.0,0.0,0.0,0.0,0.769394,0.202503,0.984974,0.781001,0.104838,0.701824,0.535981,0.47685,0.744992,0.710698,0.200901,0.337049,0.366522,0.264617,0.369262,0.0,0.594965,0.0,0.0,0.700669,0.340584,0.543474,0.474242,0.490988,0.351381,2.14188,1.14065,0.851821,2.2868,2.35801,3.22365,2.12569,5.01539,2.06498,1.35139,4.71193,2.60067,0.0,0.0,0.0,0.0,0.0,0.0,4.13473,0.0,0.0,0.0,0.0,0.0,0.0,0.0,0.0,0.0,0.0,0.0,0.0,0.0,0.0,2.13775,6.30446,1.2541,1.27396,0.0,0.0,0.0,0.0,0.0,0.410662,1.3098,0.0,0.538877,1.48703,1.33304,3.59043,1.25651,0.0,0.539487,1.74247,0.797673,3.97173,0.410179,0.988033,1.12056,0.395537,1.13361,0.897413,0.20652,2.15978,0.0,0.715351,0.872595,0.203193,0.089846,2.90082,1.49219,0.430783,0.264867,0.208771,0.630893,0.0,0.482716,0.0,0.0,0.0,1.54648,0.0,0.0,0.399202,0.366363,0.501813,0.229661,0.737087,0.084074,1.02246,0.968467,1.196,0.87852,0.96678,3.78929,1.95096,2.08455,0.708424,0.740771,0.472812,1.0616,4.22189,0.903017,1.19201,1.23241,0.41254,1.2042,0.0,2.48379,1.58711,1.04498,2.17879,1.34933,1.42035,0.793141,0.505811,2.02765,1.44176,1.32555,0.984506,1.67541,1.0136,1.07925,1.15474,1.31016,1.18577,2.10631,0.784191,1.06474,2.62184,0.882358,1.04438,1.37198,1.128,0.0,0.206975,0.103478,0.336848,0.0,0.0,1.24994,0.867295,1.80283,1.1865,2.35551,3.76164,0.857581,2.877,1.60088,0.0,0.081451,0.081021,0.0,0.0,0.0,0.068577,0.0,0.0,2.18503,1.55663,0.793742,2.70467,1.48763,2.62185,0.744299,1.2195,0.879614,2.10631,1.06475,1.37198,0.784191,1.67541,1.4721,4.64719,0.820457,0.85438,0.50097,1.01974,0.171043,0.388226,0.144544,0.231483,0.336362,1.31887,0.979122,1.0573,0.556291,1.84211,2.22791,0.682149,1.4889,1.69163,4.30224,0.743748,3.66496,14.9043,13.0475,13.8116,1.23644,10.8238,10.7386,2.94753,12.1618,0.30609,0.0,0.0,0.0,0.212372,0.0,0.298424,0.261863,0.103298,0.247735,0.44372,0.695753,0.0,0.0,0.615218,0.30003,0.101647,0.70024,0.274798,0.437203,0.826834,0.622954,0.408932,0.563514,0.514651,0.482024,0.200277,0.133299,1.77937,0.0,0.0,45.8517,0.0,0.0,0.0,0.0,0.0,0.0,0.0,0.0,0.690707,0.267258,0.521342,0.0,0.0,0.0,0.0,0.0,0.0,0.39509,0.0,0.0,0.0,0.0,0.0,0.0,0.0,0.0,0.0,0.0,0.0,0.0,0.0,0.0,0.0,0.0,0.0,0.0,0.0,0.0,0.0,0.0,0.0,0.0,0.430622,0.0,0.0,0.0,0.0,0.0,0.0,0.0,0.0,0.0,0.0,0.0,0.0,0.0,0.0,0.0,0.0,0.0,0.0,0.0,0.0,0.0,0.0,0.0,0.0,0.0,0.0,3.17719,1.42209,1.25341,0.961312,1.94284,1.89761,0.0,0.0,0.908861,0.0,2.3893,0.0,0.0,0.0,0.0,0.0,0.0,0.0,0.0,0.0,0.273528,5.97584,0.0,48.7478,0.881968,1.78693,0.0,0.0,1.9452,0.0,1.79057,0.443066,1.5177,0.379734,1.50193
p5.00_sc00001_p0083,19.1059,16.6118,5.69671,0.0,0.0,0.0,0.0,0.0,0.029643,0.451579,0.949975,0.123011,0.569784,0.210013,0.0,0.0,0.0,0.0,0.0,0.0,0.0,0.0,0.0,0.0,0.0,0.537756,0.149796,0.4125,0.674674,0.305815,0.548878,0.291642,0.257822,0.258056,0.210764,0.305574,0.397501,0.192147,0.54955,0.274401,0.0,0.236946,0.0,0.0,0.623791,0.651312,0.373658,0.253895,0.363451,0.645442,2.52997,4.29552,4.33995,3.57757,2.44862,0.825199,2.63518,3.32447,0.717404,2.89246,3.18208,0.684797,23.9428,12.6408,16.7647,14.2371,9.80459,14.5642,11.3265,12.6125,6.03218,5.04288,16.1793,0.0,10.0421,10.3953,7.43036,4.02639,12.6118,7.1037,10.5722,8.57957,12.9655,6.69381,5.66581,11.094,11.1043,9.2399,11.2845,7.84016,9.63413,2.76472,0.955685,0.237456,0.189153,0.0,0.313618,0.586499,1.41775,0.373826,0.128472,0.734027,0.797467,0.559598,1.11706,0.127528,0.163049,0.083843,0.226623,0.563559,0.497214,0.0,1.03296,0.0,0.0,0.0,0.216865,0.037105,0.952173,0.296991,0.185158,0.344197,0.141558,0.118645,0.080025,0.050286,0.320268,0.0,0.0,0.0,0.114844,0.04392,0.111138,0.0,0.172422,0.283712,0.141716,0.206093,0.118305,0.091983,1.57108,1.64565,0.702589,2.71141,2.16297,1.98115,1.82893,1.70774,0.96009,1.5716,2.76612,0.724982,1.32725,1.58552,0.974959,1.38842,2.5813,9.98056,7.56166,7.07669,5.37147,6.21524,6.13973,0.151041,0.153092,0.607077,0.193521,0.744982,0.423939,0.782482,0.311301,0.854419,0.813791,0.45075,0.725931,0.331403,0.312622,0.739607,0.24396,0.287132,0.419721,0.55126,0.302606,0.100838,0.168168,0.043216,0.064229,0.051026,0.103681,2.67645,3.29446,0.780895,5.09205,2.11243,1.43815,3.73731,1.00203,4.89329,0.059094,0.106299,0.23016,0.101283,0.131268,0.0,0.089652,0.167085,0.167856,0.57483,0.256016,0.874674,0.95201,0.769808,0.24396,0.311239,0.113378,0.354164,0.331402,0.739614,0.551258,0.312622,0.782486,0.351463,0.37351,1.17501,0.611553,0.036355,0.093751,0.107697,0.215745,0.132153,0.154158,0.202554,0.073332,0.477998,0.359885,0.09868,0.155641,2.22909,1.52874,1.18225,2.49832,5.28758,2.33783,6.14912,4.67301,5.63009,5.82224,1.19016,4.19343,5.27868,5.33265,4.43508,0.0,0.0,0.691342,0.122838,0.055943,0.042266,0.155609,0.155852,0.0,0.291832,0.122059,0.12043,0.184031,0.347873,0.607996,0.719825,0.167078,0.14342,0.318132,0.154444,0.361231,0.128477,0.113645,0.470933,0.367344,0.268964,0.349491,0.188861,0.0,0.0,1.7747,23.1782,0.0,0.0,0.0,0.0,0.0,0.0,0.0,0.0,0.17474,0.243054,0.381799,0.472696,0.0,0.0,0.0,0.0,0.0,0.0,0.0,0.0,0.0,0.0,0.078201,0.0,0.0,0.21416,0.0,0.0,0.161815,0.0,0.0,0.0,0.0,0.0,0.076596,0.0,0.0,0.172808,0.0,1.17237,0.71066,0.0,0.115673,0.0,0.357563,0.230431,0.0,0.0,0.0,0.0,0.0,0.0,0.0,0.0,0.192955,0.0,0.344576,0.0,0.0,0.0,1.17907,0.102066,0.077029,0.0,0.0,0.0,0.0,0.473105,0.0,0.658467,0.14838,0.850731,0.841551,1.58735,0.583438,0.0,0.0,9.69033,0.0,10.66,0.0,0.0,0.0,0.0,0.0,0.0,0.0,0.0,0.0,0.233647,4.93964,0.589901,17.4382,1.64418,0.527715,0.512094,0.484811,1.81829,4.06261,0.31894,0.908946,0.613648,2.43986,0.911132
p5.00_sc00001_p0084,15.0591,22.8452,15.9331,0.0,0.0,0.0,0.0,0.0,0.0,0.0,0.0,0.0,0.231176,0.0,0.0,0.0,0.0,0.0,0.0,0.0,0.0,0.0,0.0,0.0,0.0,0.104494,0.0,0.133756,0.133332,0.048145,0.193919,0.071583,0.0,0.091297,0.092095,0.048886,0.0,0.030922,0.0,0.019802,0.0,0.018259,0.0,0.0,0.17593,0.219649,0.047872,0.116221,0.048093,0.255804,3.94164,2.51273,4.75716,4.43831,5.31672,0.544263,5.09687,3.20824,0.68101,6.09811,2.9518,0.366208,4.70419,3.47938,0.983865,7.23885,22.378,1.054,0.0,0.0,4.75572,5.31958,13.3614,0.0,0.0,0.0,1.27507,0.0,1.67426,1.33906,5.37126,14.046,10.3249,0.836323,0.0,1.82194,2.46989,13.9835,2.42257,1.87583,9.66772,3.80286,0.0,0.0,0.0,0.0,0.0,0.0,0.0,0.0,0.0,0.102135,0.0,0.0,0.0,2.29714,0.0,2.22715,0.0,0.0,0.0,0.0,0.0,0.0,0.0,0.0,0.0,3.60261,0.0,4.73111,4.05976,4.5015,8.75321,2.30612,19.1667,14.2182,0.0,0.0,0.0,0.0,0.0,6.85826,5.51494,8.62528,1.86621,0.0,15.6553,4.01371,2.97867,0.0,2.63064,2.29371,1.03284,0.445452,0.717,0.735341,1.0409,1.01332,0.859681,2.24883,0.467218,0.96735,3.25489,2.52324,0.941133,3.25171,2.04465,32.0684,29.7821,40.905,31.6035,26.2705,30.6685,0.0,0.0,0.0,0.0,0.047222,0.0,0.523562,0.0,0.0,0.0,0.0,0.0993,0.0,0.0,0.247972,0.0,0.0,0.0,0.15542,0.0,0.0,0.0,0.0,0.0,0.0,0.0,3.43669,2.85883,0.110384,6.37327,1.40143,0.132775,1.71414,0.045195,4.22249,0.0,0.0,0.0,0.0,0.0,0.0,0.0,0.0,0.0,0.143333,0.350059,0.104242,0.0,0.169724,0.0,0.302713,0.095154,0.149354,0.0,0.247974,0.155419,0.0,0.523563,0.058047,0.112165,0.0,0.321074,0.868699,0.942545,1.89692,2.08722,0.997953,3.06905,0.142129,2.77944,1.17902,1.80564,0.182385,0.466642,1.48577,1.29896,1.13936,1.19338,4.67146,1.503,4.711,0.932171,1.00926,0.832764,1.23813,1.51598,1.08404,4.26026,1.1184,0.0,0.0,0.225781,0.0,0.0,0.058639,0.0,0.0,0.0,0.099395,0.0,0.0,0.0,0.0,0.0,0.030815,0.0,0.0,0.092095,0.051634,0.0,0.0,0.0,0.0,0.114953,0.049975,0.099788,0.0,0.0,0.0,0.0,1.18036,0.0,0.0,0.0,0.0,0.0,0.0,0.0,0.0,1.07228,3.96667,6.02376,0.0,0.0,0.0,0.0,0.0,0.0,0.0,0.0,0.0,0.0,0.0,0.0,0.0,0.0,0.0,0.0,0.0,0.0,0.0,0.0,0.0,0.0,0.0,0.0,0.0,0.0,0.0,0.0,0.0,0.0,0.0,0.101853,0.0,0.0,0.0,0.0,0.0,0.0,0.0,0.571617,0.0,0.0,0.0,0.0,0.0,0.0,0.0,0.0,0.0,0.0,0.0,0.0,0.0,0.0,0.127945,0.0,0.0,0.0,0.0,0.098566,0.0,0.0,0.068904,0.056721,0.0,0.0,40.0265,0.0,85.6518,0.0,0.0,0.0,0.0,0.0,0.0,0.0,0.0,0.0,0.10321,2.57631,0.807336,0.0,0.876354,0.0,3.50936,1.79209,1.39867,3.67272,0.183681,4.29015,0.50699,7.8046,0.0
p5.00_sc00001_p0085,33.1034,24.8617,15.5299,0.0,0.0,0.0,0.0,17.2414,15.5624,59.9702,174.248,19.7344,142.816,21.0873,24.9082,17.4126,0.701883,5.33868,4.86329,15.4935,18.2215,14.6947,11.1016,0.0,0.0,46.8489,48.3072,61.2385,58.8718,49.6533,76.7738,68.4941,49.7591,64.6046,68.1831,62.2026,76.2203,74.0102,72.2868,55.862,0.0,71.3442,0.0,0.0,73.5848,74.1733,82.2039,67.0254,86.4838,70.4167,24.2873,27.4058,29.2167,26.2153,22.7817,74.5466,25.4692,27.3045,72.2062,21.9192,31.3922,57.0172,33.6414,14.945,36.7474,27.8798,34.426,33.1533,30.2186,0.0,29.0533,27.1438,41.4562,0.0,29.1968,28.5861,24.8522,25.5409,34.6938,45.5886,39.1249,44.1903,42.9726,41.2206,31.6853,33.5154,25.1888,46.3893,23.8899,26.1709,42.2747,24.7279,21.0052,27.9862,17.1664,23.7842,26.9958,25.8998,15.2985,20.6738,23.4311,15.478,20.7294,15.6309,22.1655,60.1846,18.9474,35.815,17.8582,21.5452,21.8988,23.4258,24.6888,21.9475,19.5181,22.4649,14.8023,47.3771,12.9762,36.3026,49.1076,41.546,51.2084,29.8523,46.0385,79.7322,20.4757,19.3943,16.914,27.3896,18.372,47.1423,47.7937,56.9196,37.0701,38.0154,34.1647,40.1355,48.2152,37.4818,33.2166,29.7956,26.2809,32.8727,38.7477,38.4279,33.6084,33.5949,23.9424,29.5875,31.9795,26.3346,31.463,33.2269,23.4874,31.2935,17.027,35.9137,32.4948,30.4835,41.269,43.1998,39.8253,19.5198,32.1695,28.8761,43.0942,28.8078,34.7757,23.403,27.9156,46.083,28.3558,42.8852,23.587,36.9768,34.5759,19.6614,35.9959,43.8697,48.1884,22.4314,40.0208,28.9852,35.4807,17.0689,34.6478,40.2462,26.5555,33.0384,33.9298,144.377,83.6602,69.7199,124.139,24.3535,132.251,70.5979,26.1659,28.7612,31.8941,22.6686,22.3162,31.8544,23.3141,24.7048,25.6763,16.4964,15.9781,22.4709,29.4318,24.9755,35.9959,15.4452,17.2337,16.5089,36.9767,19.6615,22.4313,34.5759,23.403,21.6251,32.7943,28.93,17.4448,60.5294,56.3442,60.0814,71.4714,67.0696,64.6292,70.6447,67.4314,71.7824,69.646,65.4415,70.7775,30.4497,41.3591,42.4718,29.2988,26.3134,32.4584,29.031,20.0076,23.6579,19.7961,41.3,25.3629,19.1326,28.3386,25.1846,16.0751,16.4875,28.5079,14.6722,13.7287,18.2849,14.1224,11.903,19.3816,30.3785,27.946,31.7046,37.015,20.5971,88.5832,30.3529,103.589,106.079,17.9572,22.9013,44.4985,33.9048,35.202,31.4555,23.2826,40.6258,14.5128,5.57037,19.5057,0.0,99.4788,13.3475,12.3997,0.0,0.0,8.339,0.0,0.0,16.405,0.0,19.9419,26.2188,28.2524,17.0815,25.9816,9.98173,9.27163,18.3921,17.1532,12.6952,21.107,16.7798,19.7745,11.1671,12.2456,13.7108,13.9775,9.45872,16.5667,10.8096,11.7353,25.3626,20.7928,19.9488,31.6078,12.102,9.28176,15.2856,17.6371,17.6932,33.1745,12.1043,18.2618,9.26416,20.7991,24.1891,19.0226,20.8173,12.1199,7.68857,17.9375,8.90759,18.544,19.0635,17.2837,19.2186,20.1432,19.7231,16.6023,12.9056,22.3138,7.30571,15.1492,10.2844,12.7758,25.3552,11.8216,11.118,18.8047,15.5132,14.9046,21.3238,16.5452,15.7635,34.841,27.3805,26.5654,0.0,0.0,12.9139,0.0,31.2492,0.0,0.0,0.0,0.0,0.0,0.0,0.0,0.0,0.0,14.6406,72.2047,59.8825,74.9088,54.06,59.8627,56.9109,22.0965,20.0679,26.7733,21.5953,17.909,12.6119,21.8411,10.7644
p5.00_sc00001_p0086,12.2187,21.4295,6.6037,0.0,0.0,0.0,0.0,14.8776,20.0487,32.6393,80.358,19.3611,43.2178,15.2765,21.426,17.794,0.0,1.94476,10.6295,7.31931,34.8478,24.9911,36.3964,9.1961,60.9804,53.4154,42.8992,63.5891,63.9413,45.3486,83.7891,59.632,48.3636,69.3005,68.7405,58.7193,57.1408,68.6453,58.016,48.2033,0.0,51.3001,0.0,0.0,84.5368,64.0243,64.2508,77.0846,62.34,65.6462,45.5814,41.1763,41.3661,39.3066,45.1273,186.649,42.9422,46.6348,176.11,44.4982,44.9598,144.995,60.4359,54.2556,36.9796,65.6892,73.4523,52.4983,51.7721,80.9287,57.768,53.3508,55.5723,29.0172,46.0742,75.5661,16.485,24.7142,36.7908,43.6621,30.6368,44.612,49.0266,52.6673,31.9443,60.5234,52.9851,37.6389,41.2504,46.0353,45.4659,41.4638,15.2042,19.9499,14.8817,22.6227,28.6207,23.9448,14.9788,21.0868,22.9345,12.0577,18.0783,21.0362,27.5453,99.8398,30.4899,86.9845,36.6688,33.0828,34.0443,21.5247,28.1279,33.3313,28.49,20.5959,32.1046,111.003,36.6586,74.5799,104.744,106.361,116.948,69.3107,92.0483,122.023,28.4861,29.3405,26.5954,27.6051,23.3231,103.584,77.7762,106.953,76.7065,31.5702,102.335,112.319,101.795,89.8554,48.0456,32.5616,30.0959,43.6795,47.1109,47.6851,31.2832,32.1428,23.8384,32.2147,44.5292,30.1171,57.1502,47.4196,24.7597,56.9104,55.014,96.4062,107.477,84.6408,142.216,150.385,154.7,27.7443,50.0261,34.6041,35.1557,29.6582,26.5656,28.898,27.4954,26.623,36.5095,28.0128,34.6774,26.8025,26.1985,25.9302,34.2707,29.195,27.4717,34.2837,28.1825,49.4495,40.9628,28.0413,42.542,63.6756,27.8702,46.678,64.5864,63.9873,102.022,107.257,65.8234,44.8093,72.3957,101.246,33.5345,35.6914,46.5225,34.0405,33.7138,37.6016,37.3471,35.0083,30.4826,37.1972,35.6942,34.5313,50.408,54.6706,34.2707,34.2442,38.3501,36.0814,26.8025,25.9303,34.2836,26.1985,28.898,51.3413,44.6466,44.9288,55.3353,64.0096,49.6919,63.7661,83.1297,52.3257,66.3981,48.1699,79.6942,73.7092,86.0843,34.784,36.7939,52.8324,63.7841,61.8081,58.6106,47.2267,59.6352,50.0405,46.6691,49.9823,48.6895,60.4449,44.7186,44.0379,44.5094,42.077,26.2835,24.6703,29.9198,22.2495,34.1502,24.2679,21.6829,24.2919,47.6292,64.9841,51.3923,29.6001,29.9067,39.1086,85.535,60.3798,79.1552,89.2389,30.2837,46.4671,71.3097,56.0359,64.9717,72.5015,35.5191,81.0997,44.597,18.4663,130.298,18.6056,96.8012,21.7235,13.4647,0.0,7.52807,67.8803,82.3015,0.0,3.56455,0.0,137.785,112.93,79.2235,52.3718,24.5713,34.5431,51.6266,59.4899,47.6291,24.6948,20.1092,31.0326,38.268,35.3266,10.4657,14.495,56.8795,19.7339,24.1395,20.2605,16.4638,35.3834,31.3793,25.7975,31.4018,31.0994,16.408,65.3866,27.8408,26.16,34.346,51.0746,35.5484,33.0553,26.7601,31.551,27.4564,73.5576,23.0842,49.0871,43.2411,42.8376,35.6456,23.3739,40.5237,40.3646,51.2229,47.5294,44.6027,25.5209,22.812,14.0892,34.1457,43.1748,18.8236,27.7089,49.3691,13.9726,27.0536,38.4045,37.2905,25.5453,24.0044,29.0209,19.853,18.1524,17.6906,0.0,0.0,32.6878,0.0,89.9235,0.0,0.0,0.0,0.0,0.0,0.0,0.0,0.0,0.0,21.3865,72.4761,73.1173,40.6858,41.5964,64.1134,77.0589,57.3983,71.0447,58.7098,33.3804,34.7494,19.3033,29.9482,13.5842
p5.00_sc00001_p0087,11.5877,16.1513,16.4746,0.0,37.5172,0.0,10.9909,3.05647,3.38799,2.11209,1.85312,2.52895,1.11273,4.69655,3.93371,2.27021,1.20983,0.613482,0.0,0.170002,0.0,4.98052,11.4814,11.6038,2.74807,12.795,10.0548,8.06384,7.8219,9.50835,9.23301,10.4437,11.2157,7.62135,7.79831,8.41787,8.53878,11.1255,8.47113,9.66408,0.0,9.95018,0.0,0.0,9.09996,7.38414,7.15441,13.5781,7.31549,7.39845,7.19986,6.85174,6.5922,7.70761,6.16225,16.1004,7.58621,6.89257,16.5246,6.65135,7.81094,14.3833,2.97772,1.17322,2.97446,5.79101,0.261911,2.13585,10.897,8.78727,2.54424,3.04285,6.75679,4.74697,8.55443,13.038,2.37538,3.4689,10.1036,2.52517,2.12688,0.284563,9.28072,6.78507,4.98399,7.70772,5.97439,6.11179,4.35408,2.13616,7.09792,3.15056,5.02781,6.6738,5.0548,7.23312,5.99933,5.2204,5.2919,4.72166,4.92896,4.55836,5.71891,4.01779,5.64782,3.97304,4.62332,6.57539,4.53233,4.16122,6.50072,4.1956,5.51227,4.8548,4.68136,4.48866,5.72856,3.92715,5.93619,4.75989,2.41819,5.58498,5.01703,5.67505,4.57431,7.87688,5.8471,5.32209,5.16099,3.38343,3.74014,3.86999,6.89049,7.43232,5.34154,5.42636,7.1642,6.99941,3.98487,6.48986,8.6431,6.64912,7.68351,7.91552,11.3326,11.2283,7.43394,7.37524,7.07233,6.52619,7.86019,7.75841,9.77407,8.63857,7.04827,9.71746,15.5679,10.7127,11.6016,7.39428,9.57022,14.9207,10.0139,8.13502,9.23457,10.5981,7.86946,8.38791,8.492,10.8458,9.22683,7.24703,10.9422,8.33464,10.8981,6.87847,7.91602,10.9357,8.25225,8.11609,8.7094,13.5284,6.92226,10.4866,6.06635,5.18438,9.78252,8.05248,5.96173,18.7079,16.964,17.4974,25.6748,21.8452,22.3999,15.1652,21.6862,29.7737,6.59125,6.54749,7.6665,6.31198,6.5974,7.82007,7.92967,4.82203,6.34087,13.0852,14.0595,13.6512,7.53238,12.7945,8.25225,11.4131,10.7554,11.5103,6.87846,10.9358,13.5283,7.91602,10.8458,13.6406,12.2223,7.96817,10.4417,3.73481,3.60244,4.13835,3.06617,4.58393,3.38588,2.64923,5.06104,3.59985,2.66773,2.11715,2.54163,8.71823,7.94018,8.27395,10.1741,12.8546,9.5493,12.2455,10.8389,9.00272,9.98543,6.57718,11.7498,10.5585,11.5312,11.0371,2.75244,2.16827,4.02108,2.54917,2.42219,2.92311,2.59904,1.31205,3.89132,3.10104,4.52471,3.0249,2.25428,2.67516,1.33157,3.18911,1.06792,0.82526,9.36266,6.92833,8.60384,5.88827,9.88551,11.0626,12.728,7.54593,9.85363,4.90847,8.69014,0.0,0.0,7.27172,11.1916,5.5472,19.9858,12.0874,2.49472,0.0,8.26177,65.1204,2.87376,2.40911,2.58412,11.7773,14.9855,9.31959,7.45798,7.35977,5.49098,4.0178,20.0567,17.5022,17.0425,12.3596,4.65449,2.77432,3.99628,4.59473,3.56949,3.23131,2.63176,10.9758,10.4107,16.6197,19.1512,6.64031,2.80958,5.42009,12.1603,15.5478,21.8698,9.85247,17.0176,4.67965,6.05149,24.2097,23.3853,8.69154,13.0121,8.64912,15.2774,4.55745,4.45215,10.5792,16.9,13.3543,9.08079,16.9111,13.5931,14.8302,4.46656,2.88893,3.26406,3.24935,2.55891,15.4882,15.5737,2.68295,6.73483,11.1326,3.03953,2.48718,2.14421,2.49562,3.53248,3.21102,2.07815,0.0,0.0,6.0575,0.0,11.3533,0.0,0.0,0.0,0.0,0.0,0.0,0.0,0.0,0.0,4.29342,13.1657,8.86847,4.90418,9.29577,9.25766,10.372,8.5001,9.21783,7.94603,7.70344,10.8358,6.59975,7.21471,10.518
p5.00_sc00001_p0088,54.2794,34.8164,76.5601,0.0,0.0,0.0,0.0,26.7761,38.5244,53.6064,67.7827,33.0728,54.8243,22.1014,22.3012,56.4649,11.7956,0.0,0.0,2.07187,19.139,0.0,0.0,35.3546,0.0,43.4597,36.8385,61.5498,68.1491,38.5293,58.7835,37.9746,51.1879,52.7747,47.0718,43.1743,44.6152,34.7302,49.4644,41.0746,0.0,33.7483,0.0,0.0,64.8723,60.2549,50.199,57.2042,45.2608,66.708,25.739,30.579,27.1742,28.7675,28.885,16.5587,25.747,21.8878,18.2328,28.5429,18.5599,20.7975,12.4917,0.0,8.20483,65.2368,17.5384,11.1581,20.0856,0.0,56.5173,33.3756,11.9667,0.0,69.5753,90.1784,6.58999,12.39,73.7769,34.7702,29.8024,23.8224,73.6675,17.5618,39.2775,32.5308,34.2797,47.4964,21.3914,7.50239,49.6339,45.9485,71.5558,48.5067,43.9794,78.6771,46.1566,42.1319,48.9944,102.192,76.8707,64.6832,56.1607,69.4656,40.8319,215.472,22.7142,100.927,43.8615,38.8702,44.3833,32.83,33.7996,23.4322,24.5932,30.0979,18.3761,125.288,37.8185,146.958,234.845,223.98,197.193,241.565,106.783,85.6784,19.8301,22.3998,21.8722,55.5485,19.5274,108.774,97.8215,55.0138,252.16,38.9073,213.337,186.813,229.589,254.128,71.1275,52.1243,47.8889,65.5445,70.6775,71.5905,67.8808,67.6871,36.617,52.0266,66.129,48.9676,60.9948,71.6063,37.5809,61.3654,12.4413,111.87,117.705,45.7376,120.216,93.0067,122.751,19.6954,25.3518,60.9316,259.37,69.4161,87.0784,75.1786,74.7524,195.123,72.3655,207.05,71.2857,235.662,177.444,93.3267,270.769,210.753,165.303,56.401,190.021,62.3932,37.0028,31.1316,54.7624,49.7653,17.2147,42.7866,38.4133,7.17615,53.6275,59.678,6.80459,33.8389,12.5461,46.6622,17.9536,9.42713,20.5408,23.6393,6.86984,13.6402,8.48462,19.8434,6.52763,162.511,124.981,131.96,122.754,75.8294,270.77,54.8133,84.9002,68.6232,235.662,93.3259,56.4013,177.444,75.1787,82.6633,102.853,121.642,90.2569,293.953,277.465,262.966,292.108,297.343,300.751,208.424,240.503,281.169,334.317,233.885,166.752,210.526,250.451,220.638,212.895,93.627,173.527,99.0393,143.205,131.281,149.764,231.3,111.455,108.194,109.953,111.924,28.65,25.613,25.6537,32.477,56.4653,28.6202,35.3982,36.4179,60.5983,45.1133,72.4065,36.8413,46.6212,61.1588,73.8614,37.4829,100.264,89.3793,57.2988,38.3218,33.7559,35.1711,55.6092,33.6268,39.3453,41.9433,25.0481,27.8232,0.0,0.0,11.6439,61.6548,63.9379,0.0,47.945,42.3309,46.8256,634.114,45.6104,0.0,79.4242,216.875,258.821,0.0,0.0,5.24217,0.0,5.72525,19.12,2.06899,0.0,3.61532,1.73085,7.40803,18.4688,9.39207,16.9405,0.0,0.0,14.8485,6.14184,0.0,0.0,0.0,0.0,12.501,8.39877,14.6791,9.8801,2.91515,0.0,4.23794,0.0,9.6751,1.85927,0.0,0.0,4.859,0.0,0.0,0.0,6.17144,9.7389,0.0,0.0,0.0,0.0,0.0,0.0,0.0,3.02418,11.7361,0.0,10.3306,21.5762,0.0,5.32151,14.0134,8.31884,1.33015,19.0831,138.331,137.02,203.913,38.1904,31.5901,41.6201,0.0,0.0,123.032,0.0,95.8305,0.0,0.0,0.0,0.0,0.0,0.0,0.0,0.0,0.0,46.3338,9.52811,57.8142,17.7516,50.4486,36.6644,70.8127,29.9875,54.468,86.4115,24.9262,19.9625,21.5945,66.0277,19.6013
p5.00_sc00001_p0089,5.33876,10.4136,5.78891,0.0,0.0,0.0,116.818,0.0,0.0,0.153776,0.0,0.0,0.303197,0.301028,0.0,0.0,0.0,0.0,0.0,0.0,0.0,5.29362,0.0,7.70829,0.0,0.27401,0.186357,0.288355,0.265706,0.157839,0.748405,0.140843,0.342582,0.169567,0.146615,0.03207,0.148133,0.121785,0.174886,0.25968,0.0,0.335229,0.0,0.0,0.816895,0.388532,0.190528,0.304971,0.17014,0.436326,1.48676,4.02818,2.75345,3.65899,3.93931,0.0,3.39519,2.6518,1.31456,3.89269,2.47154,0.509129,0.0,0.0,0.0,0.0,0.0,0.0,0.0,0.0,0.0,0.0,0.0,0.0,3.35572,7.50872,0.0,0.0,0.0,1.75742,0.0,0.0,0.0,0.0,0.0,0.0,0.0,0.0,0.0,0.0,0.0,0.0,0.691683,0.0,0.581957,0.0,0.656426,0.799042,0.796224,0.117437,2.37013,8.30224,0.698588,0.468768,1.01549,0.156206,0.300425,0.0,0.0,0.230182,0.0,0.0,0.0,0.325915,0.0,0.0,0.830174,0.478283,0.0,0.458832,0.445978,0.643772,0.578572,1.11631,0.0,0.276325,0.0,0.455613,0.0,0.391877,0.0,0.882487,0.508254,0.279948,0.69917,0.0,0.315728,0.700205,0.0,0.208673,4.81263,2.91835,5.83734,1.18195,1.79379,1.49047,1.77066,2.00112,5.15782,2.92056,1.26666,5.54261,1.00134,5.11923,4.99441,1.00035,1.35628,0.209138,0.494181,1.50277,8.87662,1.21976,9.35154,0.176755,0.499699,7.28221,6.04775,7.19418,6.70227,2.58743,8.24616,7.34844,10.2049,5.5946,10.4504,5.10657,3.68176,2.95795,5.16223,4.68358,8.01888,3.63349,6.54512,0.09228,0.155192,0.316206,0.093649,0.0,0.0,5.24567,3.00281,23.2358,5.99305,6.7612,32.1224,1.53521,31.722,6.33781,0.105703,0.0,0.105474,0.240823,0.175329,0.085333,0.213154,0.224455,0.120206,1.70827,0.861372,0.620323,4.01144,0.673593,5.16224,3.01592,2.27298,2.50952,5.10656,2.95797,3.63348,3.68177,2.58744,0.230524,3.93449,2.78042,0.568109,2.43302,1.98349,2.62602,5.32508,1.23568,2.33136,9.93113,4.82415,4.81282,3.86218,5.32315,5.23399,2.70637,0.828145,0.557,2.65834,2.75066,3.12394,3.25654,12.5243,16.4713,15.3119,0.32219,6.51099,3.88817,3.25691,6.20138,0.0,0.04764,0.374987,0.045241,0.132245,0.0,0.0,0.0,0.0,0.131878,0.421635,0.250135,0.170545,0.080233,0.373745,0.0,0.077143,0.245023,0.30484,1.57644,0.064643,0.258456,0.065033,0.067909,3.04767,0.198718,1.71376,0.297713,0.0,0.0,0.0,0.0,0.0,0.0,0.0,0.0,0.0,0.0,0.0,0.0,0.785523,0.939169,3.40736,0.0,0.0,0.0,0.0,0.0,0.0,0.150366,0.0,0.0,0.0,0.0,0.0,0.0,0.157565,0.0,1.89694,0.0,0.0,0.0,0.0,0.0,0.0,0.0,0.0,0.800115,0.0,0.0,0.0,0.0,0.261378,0.0,0.0,0.0,0.0,0.0,0.0,0.0,0.0,0.0,0.0,0.0,0.0,0.0,0.0,0.0,0.0,0.0,0.0,0.19683,0.0,0.0,0.0,0.0,0.0,0.0,0.0,0.0,0.0,0.516164,0.467677,0.206163,1.47355,4.53186,5.19168,0.0,0.0,0.302406,0.0,0.173589,0.0,0.0,0.0,0.0,0.0,0.0,0.0,0.0,0.0,0.135525,4.2092,1.05536,28.2252,0.956744,1.94138,3.8573,18.1469,4.45367,0.974488,2.21698,1.37476,28.5377,0.149255,10.3051
p5.00_sc00001_p0090,21.1114,24.8125,15.4932,0.0,11.5368,85.1318,94.6337,0.181548,0.025319,1.04909,1.52208,0.505153,0.206313,0.0,0.313398,0.674924,1.48812,0.0,0.0,0.209108,32.838,18.3785,0.0,7.13649,0.0,2.30391,1.06214,3.01875,2.99893,5.53119,1.53735,1.65991,1.10574,0.998001,0.9841,0.441122,1.25715,0.749932,1.24808,0.937149,0.0,3.43363,0.0,0.0,1.5126,1.31519,0.97997,1.28741,0.984493,1.31287,67.7781,65.0487,72.9177,65.5938,70.6665,34.4271,75.0044,66.3916,30.5304,70.2905,65.5014,32.0853,82.5068,57.5516,107.703,120.948,53.0588,93.6055,107.752,53.8568,51.8117,50.8024,78.7228,75.6078,40.6648,42.6159,96.0308,92.5823,45.9065,52.3606,56.9562,74.6572,90.399,58.2126,111.521,55.1937,57.1361,71.3926,42.981,46.5653,70.4586,54.938,308.768,151.227,9.0112,140.394,140.097,254.416,206.187,151.121,4.15358,9.79614,264.081,3.60397,109.71,7.74539,9.40056,14.6657,13.8069,40.5433,25.1685,17.8004,66.7516,4.44235,33.3754,46.3267,13.676,12.0009,179.45,22.3152,2.01841,1.48186,9.26236,5.48203,6.57711,0.642574,10.8096,22.5915,14.1292,41.0888,1.46732,7.71134,8.96797,12.718,7.10128,0.683936,23.2177,1.54931,18.0945,7.19276,13.3282,13.1663,12.8381,52.3498,73.4464,73.2829,7.74041,7.74418,20.0501,13.192,52.3458,12.7409,50.3492,13.243,20.0002,50.3723,16.3237,19.9786,16.6751,30.7384,26.7231,14.4132,25.8477,32.0501,34.7541,4.35984,8.62615,40.6502,36.4587,79.2155,40.5564,3.44147,5.50431,7.83365,5.89997,40.83,39.7867,87.9451,42.7749,7.58906,3.31688,90.2976,2.92822,1.58941,48.3726,24.3404,0.998736,1.99824,24.1072,1.58064,0.979005,44.2097,3.02598,2.58275,60.6017,2.1691,52.4861,2.60891,0.505579,0.576197,1.08425,0.722502,0.590104,0.654947,0.537216,0.857889,0.4309,117.736,127.58,115.318,67.9361,51.4535,42.7749,97.6477,96.0707,96.8539,40.8299,87.9459,90.2971,39.7867,79.2157,54.4183,70.3094,70.2713,51.3456,114.048,80.2389,62.9068,41.3138,137.772,101.261,88.5067,33.9626,44.3627,34.1943,191.671,231.423,64.7364,29.3118,27.8092,64.4326,50.7386,69.8549,49.8797,10.5587,11.5259,12.4562,25.501,23.3354,21.5658,48.9998,24.5514,0.463663,0.41882,3.63322,0.146363,0.091291,0.323712,0.434398,1.92889,0.362735,0.274646,0.356196,0.422299,1.44713,0.258969,2.39331,0.113244,2.38056,2.08821,2.26764,7.57321,85.1191,39.7937,65.9965,131.732,4.09835,77.9781,11.0244,2.92144,3.32025,0.0,9.11665,0.0,2.73753,0.0,0.0,0.0,6.1003,0.0,0.0,0.0,39.8412,23.4702,41.1602,83.2966,3.81363,6.17258,75.8221,39.7421,31.989,19.2112,3.90135,2.91908,6.11414,1.49534,10.5849,11.2486,20.3033,22.4243,10.2447,1.62894,7.36967,5.26292,32.9584,8.60002,3.65533,24.8353,9.25911,5.00015,61.1599,4.8546,5.30605,132.594,4.23482,5.91028,13.8236,7.94097,4.26143,39.919,3.37726,62.1161,5.81647,13.5473,32.1555,0.98581,3.19808,2.29202,90.0141,2.57333,42.5332,4.1695,105.302,2.46009,54.6025,2.60661,8.13112,2.64073,3.22251,15.4005,26.2514,23.3593,2.37918,27.2541,35.2763,20.8216,10.8863,12.5228,16.2012,0.0,0.0,8.99761,0.0,1.80621,0.0,0.0,0.0,0.0,0.0,0.0,0.0,0.0,0.0,2.99442,20.134,6.30837,52.4998,4.64403,5.38473,18.8278,9.35481,27.8301,23.6076,8.57302,99.6529,76.1007,60.1843,100.038
p5.00_sc00001_p0091,51.5516,14.0139,28.3343,0.0,0.0,0.0,0.0,6.11572,5.15299,10.5327,20.3413,8.34549,12.8359,3.87874,9.74193,12.1345,2.81939,0.0,0.0,0.0,18.2984,0.0,0.0,0.0,0.0,13.0351,11.4686,10.1158,10.7624,10.1517,11.5891,10.5086,10.1852,16.04,15.3229,7.80963,12.9916,9.80363,13.2331,8.35135,0.0,10.6931,0.0,0.0,12.4865,10.8615,14.2962,12.1862,14.6419,11.5864,6.15215,4.49784,5.64798,6.7357,3.31397,7.91571,5.5946,3.39348,4.75419,6.54945,5.7241,9.94206,0.0,0.0,0.0,0.0,0.0,0.0,0.0,0.0,17.5626,14.279,11.517,0.0,0.0,0.0,0.0,0.0,0.0,0.0,0.0,0.0,6.70157,0.0,14.7054,0.0,0.0,6.53218,11.2054,7.22257,2.16678,0.0,5.58986,3.47806,8.39648,4.44552,6.80724,3.81659,9.54648,7.11018,14.8921,13.9744,4.68645,11.3953,4.35126,4.72307,6.34326,9.8603,8.06422,3.01423,6.13907,4.19611,8.30488,5.77848,5.14534,14.4295,5.45325,8.46555,4.35027,8.15768,6.24495,8.21886,9.33934,11.1896,5.96093,4.6816,2.54545,9.76732,5.24653,12.0194,5.35361,8.00466,8.9674,12.9016,9.71561,11.732,8.13475,8.35976,6.30908,6.31649,7.65195,9.39513,12.2576,8.12771,12.0369,11.7642,11.8478,11.5281,10.9118,8.31298,7.56332,12.8118,5.90021,8.26472,11.1783,5.75736,0.0,12.5981,9.30308,14.0787,12.0563,30.8197,19.89,7.58184,6.50566,10.2303,3.28476,10.4914,12.7396,12.6261,12.9716,6.1498,15.2416,2.50705,14.2705,3.22654,7.22605,8.81672,1.90295,5.8768,5.38227,10.1677,4.0695,8.59568,7.48462,3.00004,5.68644,5.74378,3.67636,4.09366,8.22809,10.7724,17.4396,13.0978,6.44336,4.78412,10.0727,17.0466,6.5501,6.37654,6.54754,4.31104,5.39712,7.35715,2.86079,6.48002,5.00108,5.95362,6.28075,8.68315,9.70969,8.84512,1.90297,5.6841,7.50435,4.04704,3.22654,8.81666,10.1677,7.22606,12.6261,11.1233,11.0513,7.56922,6.25193,6.45753,5.48332,5.03792,4.90373,6.77327,3.16771,3.30739,6.65806,3.69331,5.14501,6.63147,2.71472,8.53504,9.37449,9.66172,7.49212,6.35544,7.54167,6.83066,11.113,5.95849,9.08524,12.649,4.45538,6.22097,7.8656,7.71933,2.10308,3.76735,3.6917,3.40394,6.92146,4.15339,4.60887,2.40533,6.97556,9.26319,6.02375,6.04834,7.93206,6.12761,13.7747,5.74595,13.2699,10.8013,37.7091,29.966,15.471,24.0171,14.3581,13.7463,39.2965,17.4868,26.2126,19.9162,34.5582,0.0,22.5146,16.2676,41.1848,0.0,0.0,0.0,0.0,0.0,0.0,0.0,7.80798,3.82697,4.6678,0.0,0.0,1.67065,0.0,1.8246,4.21853,3.29687,0.0,0.0,0.0,0.0,1.26126,4.19047,4.72397,0.0,0.0,1.23447,8.48191,0.0,0.0,2.67108,0.0,6.2905,3.08843,0.0,0.0,6.9678,2.33786,1.3506,3.43854,6.81592,2.96269,0.0,0.0,0.0,0.0,0.0,0.0,2.9502,1.33017,1.86771,1.2623,0.0,0.0,0.0,0.0,0.0,0.0,4.31562,0.0,0.823077,2.48471,0.0,1.69593,5.95462,4.24186,6.35868,2.14647,10.0644,7.07559,6.73091,13.4785,10.6004,10.4301,0.0,0.0,18.8512,0.0,20.4668,0.0,0.0,0.0,0.0,0.0,0.0,0.0,0.0,0.0,6.25092,3.06729,1.92512,11.4289,8.58708,9.9138,0.0,6.51602,13.019,8.54653,8.54863,17.6176,6.99637,11.6168,11.5633
p5.00_sc00001_p0092,19.9589,26.8524,13.9831,17.0831,9.80577,12.0597,11.4906,0.557847,3.53951,26.8273,12.4788,1.04208,16.358,2.36063,2.96175,0.76879,0.758902,1.92413,16.6515,2.66598,16.4181,3.12419,8.00228,3.03285,11.4921,8.7698,4.38893,3.4647,3.35801,3.94999,4.91383,8.13092,5.69881,4.45096,4.52831,3.16469,5.25519,5.79497,5.21645,3.44918,0.0,3.95594,0.0,0.0,4.92216,3.15292,5.39738,8.51059,5.53944,3.11873,14.3519,12.9645,16.2163,14.2527,13.2318,99.0772,16.1635,12.4836,96.9726,12.6343,14.2265,85.7635,62.2221,66.1954,63.2043,10.9874,58.3025,63.0392,22.4593,55.0833,46.1396,53.6806,11.7665,29.7537,25.9984,15.1348,49.6281,53.9099,21.6471,20.3935,18.3872,54.1099,7.23831,46.5187,22.7819,36.2475,53.4591,13.1076,64.2518,64.2292,7.84172,85.5845,15.175,11.4732,45.7915,7.82883,11.2734,13.0111,18.5506,10.7443,35.0079,40.5732,17.7561,42.4728,2.30168,13.6916,9.75619,1.47701,21.8419,1.99391,4.59048,1.34065,1.09443,1.30095,2.63312,2.6072,7.62237,3.08614,17.9739,6.99972,2.38254,5.08478,3.67503,8.43361,4.11473,3.89831,3.96264,2.87168,4.65924,1.38424,3.9929,5.79666,8.05185,8.93388,3.85024,1.45261,8.18168,5.35477,10.3416,1.38445,19.0356,17.7635,26.1365,23.0401,27.0107,26.9854,15.2959,15.1273,19.7647,17.9132,23.2637,26.1169,14.5029,19.0145,19.65,14.3534,15.7421,32.1296,35.9558,15.9555,16.1948,55.0395,21.2276,24.8227,23.3839,15.2472,11.7331,17.1911,17.1757,5.96762,19.1456,13.9478,15.3278,12.2465,15.7572,5.60924,7.15286,4.97728,6.15035,12.5457,19.3469,7.73547,15.9852,1.79036,1.23121,2.47458,1.99345,2.32617,2.1775,32.9062,43.0413,65.1941,34.5442,45.123,79.9632,34.8862,80.3283,36.5416,1.89893,1.7868,1.50663,1.55495,2.32829,2.83145,2.57806,5.00515,2.91853,2.40051,1.88295,2.48871,16.8247,3.2915,6.15035,2.26046,2.55671,3.04091,5.60923,4.97733,7.73543,7.15286,5.96764,2.67481,24.4066,18.1055,1.92648,3.65272,3.22336,3.48704,5.09123,4.1499,3.16518,4.25345,8.59813,8.16614,5.05872,1.61841,4.11865,16.332,55.1454,54.6839,15.3091,15.2924,17.1494,17.0707,37.4236,35.6253,36.1415,45.8523,30.4205,28.3518,16.717,32.2889,14.6326,11.3344,3.93928,6.41427,7.2107,8.31295,17.1103,7.58345,11.3734,11.2305,17.2191,5.02163,3.5528,12.7286,6.86965,9.45881,11.8607,7.31082,14.8975,30.0786,16.8891,21.3261,20.5918,18.8017,24.2691,10.3961,33.4378,16.4755,55.5807,35.8162,44.1269,25.9415,0.0,7.24296,20.8718,47.331,2.60504,0.0,39.4443,95.5486,5.11086,5.15309,11.1838,12.8258,7.20313,20.6858,11.1387,10.6958,5.67757,35.7928,3.21844,11.7851,8.76022,5.0839,7.46892,24.2243,14.6532,9.76225,15.9223,50.3413,46.6572,40.8426,22.125,21.9289,3.10686,8.74835,16.4601,32.4252,10.1706,13.754,14.5785,20.3585,21.0822,21.6665,12.7596,8.71805,8.53761,14.3387,11.6069,14.0011,9.31704,14.294,9.48818,11.5629,9.74029,4.32914,9.35407,6.92618,16.4551,11.0746,3.37252,29.7382,22.3517,15.0654,22.2938,3.52707,27.0856,24.5098,8.51586,31.8354,37.8439,3.2154,2.94337,1.74977,6.44173,5.23404,5.45141,0.0,0.0,17.0087,0.0,20.9935,0.0,0.0,0.0,0.0,0.0,0.0,331.21,0.0,0.0,4.63123,28.1867,9.04651,30.7303,11.1079,7.92488,22.4141,7.7173,31.8311,14.6976,11.3135,5.53253,22.3649,9.98269,20.3208
p5.00_sc00001_p0093,9.67322,15.7438,18.5367,0.0,17.6537,0.0,0.0,0.966457,2.34437,4.95078,8.72146,1.5792,3.96651,0.713863,1.05345,1.32137,0.0,0.0,2.71392,2.56844,3.38945,10.799,0.0,0.0,0.0,2.46799,1.43776,1.74143,1.7334,1.99367,1.90816,1.78087,2.7693,1.52054,1.577,1.11843,1.15977,1.56629,1.13545,1.80664,0.0,2.02944,0.0,0.0,1.84661,1.54394,1.47149,1.76711,1.43068,1.52277,28.157,25.1473,24.4095,23.2321,26.2975,95.3982,24.5695,29.1154,93.3269,23.2888,28.0656,67.6663,201.603,238.584,212.278,155.058,181.274,219.612,124.028,312.799,305.811,295.622,150.433,296.721,162.746,141.763,322.094,294.274,172.417,221.151,205.576,181.571,142.602,339.708,145.294,363.755,347.983,127.456,257.228,244.185,138.235,376.638,12.1874,8.4635,15.8809,6.73119,5.54498,9.66689,9.99379,7.18408,18.1847,14.3867,8.84499,14.3937,2.40923,9.61232,1.02312,5.86111,1.77691,1.21617,1.63578,1.19055,2.2349,1.39138,1.33109,1.34565,1.71518,9.37432,2.40813,6.88504,6.27258,8.24611,8.01782,7.4633,4.96014,15.0327,0.919446,0.49538,0.508218,3.05742,0.925194,7.00429,7.8174,11.3986,7.47144,2.18695,7.38994,7.57907,10.3859,5.62746,33.6558,27.1861,39.5639,20.86,16.229,16.3223,26.146,26.2032,38.5924,27.4582,21.255,39.031,15.123,33.5545,39.0482,15.2438,15.2604,40.785,38.5371,18.7647,30.6379,34.4777,37.2132,6.85193,8.13698,5.45074,7.68682,6.5898,7.18143,7.89517,6.76788,8.34204,7.87861,7.22976,7.57075,4.58678,5.08148,7.55964,5.70413,8.12678,6.17618,9.84381,7.03423,1.86319,1.83698,1.12444,2.20207,1.54469,0.914786,24.7535,23.523,24.4517,25.8146,23.7796,25.5314,30.3874,23.7636,25.5475,2.27131,1.76621,3.63807,2.20079,2.03706,3.15997,2.3067,2.33775,2.1079,4.69533,5.8984,6.47543,22.3328,7.93487,5.70412,11.6605,12.0256,13.1156,4.58677,7.55971,9.84376,5.08144,7.89519,9.38128,30.9043,22.0424,6.48291,2.89487,3.71689,2.61185,2.33284,4.24461,2.57084,4.52898,7.63119,4.78401,3.28535,2.09969,4.42373,7.28892,13.0091,11.3214,7.65368,15.494,7.56327,17.168,33.9051,32.6187,34.1778,9.86929,46.459,40.168,17.1779,44.293,1.34997,0.694288,0.734431,0.478348,0.849431,1.19788,1.23947,0.630583,1.23074,1.86158,1.73698,0.489033,0.550042,0.833047,4.67376,1.84792,7.01367,4.47269,13.1325,62.8419,14.3609,30.3101,19.2436,12.1186,61.6721,8.25736,88.0982,12.7568,5.94606,0.0,10.7077,9.52677,0.0,0.0,0.0,3.67494,23.5284,0.0,0.0,0.0,2.81609,4.39455,6.32993,8.34802,7.29996,35.7543,12.5203,6.1207,2.57801,16.8993,10.808,12.716,10.8369,21.7513,3.41159,5.77114,0.994946,10.7952,12.8349,7.31173,15.978,21.0382,14.4972,25.4276,15.8036,2.86489,4.31119,21.2908,13.071,14.2403,19.0567,7.40693,14.088,13.6092,12.6146,32.7748,22.3502,7.24837,15.6446,9.24602,12.5319,6.0943,2.23512,8.33926,7.37707,11.1526,14.3811,18.6043,8.6584,46.2174,10.4101,5.20599,45.0804,6.53625,6.67088,7.25134,7.88255,4.12143,7.09113,13.1512,7.92642,7.13387,7.58737,4.40914,11.4927,16.0324,23.5528,0.0,0.0,6.96352,0.0,12.9703,0.0,0.0,0.0,0.0,0.0,0.0,0.0,0.0,0.0,2.72155,9.35496,12.0689,48.3586,7.14586,13.0289,7.88743,40.7081,58.8514,17.3113,7.15894,13.5798,51.9649,7.6405,22.2085
p5.00_sc00001_p0094,5.80967,7.92019,3.00991,0.0,27.6842,0.0,0.0,0.106635,0.449539,3.06794,2.05979,0.844396,0.714278,0.206963,0.155653,0.0,0.633186,1.60539,0.0,0.0,4.10951,2.5467,5.0075,0.0,0.0,0.559775,0.507096,0.051228,0.064981,0.426983,0.12793,0.453022,0.786549,0.029148,0.037232,0.038973,0.101314,0.600325,0.145837,0.72642,0.0,0.593029,0.0,0.0,0.128622,0.065161,0.09227,0.432134,0.098052,0.099334,11.8958,13.3881,13.9758,13.8735,10.3526,67.9749,14.3123,15.6341,67.3782,9.82302,12.8298,43.0757,105.481,168.741,113.787,109.915,82.1276,112.283,107.051,194.27,149.463,174.276,63.24,191.525,67.3378,81.5206,162.691,155.86,90.2829,156.023,146.067,127.908,97.9947,143.728,109.288,142.489,152.382,94.4894,159.931,172.142,93.413,207.232,9.51381,4.98329,5.15777,4.95761,5.09968,6.86078,6.95872,3.82936,10.4432,7.76479,4.58924,6.28156,0.961079,2.66927,0.678067,1.21099,0.026196,0.0,0.663482,0.464198,0.944287,0.501959,0.045166,0.0,0.611937,4.08519,0.317372,0.747927,1.08789,0.652182,0.631528,1.3209,0.150651,3.06842,0.652354,0.297796,0.917518,1.87619,0.439459,1.07105,1.59977,2.35588,0.521893,0.171987,1.6896,1.12328,7.80622,1.36764,4.16625,3.76438,6.89899,2.55157,2.32424,2.17374,3.92479,3.54948,6.22879,3.5579,2.45528,7.29237,2.14142,4.26549,5.96516,2.02112,7.54373,11.3627,9.35544,3.03768,7.20832,8.63605,6.02923,1.47459,2.28038,1.71195,3.41289,2.27669,1.79327,3.02981,1.95622,1.72777,2.67149,2.42634,2.37161,2.26456,3.20231,3.19418,2.23178,3.44441,3.34617,3.8612,1.8369,0.346823,0.352882,0.321798,0.702445,0.899933,0.347146,13.1699,11.7719,8.67968,12.2246,10.3936,13.2009,17.7862,13.03,14.7309,0.61597,0.221132,0.378051,0.722238,0.289536,0.753932,0.695952,0.862664,0.416874,2.78542,2.60018,3.81306,11.8438,2.80717,2.2318,4.15523,4.77436,3.55528,2.26456,3.19421,3.86118,3.20235,3.02982,2.50708,13.4962,9.93715,3.39179,0.367975,0.270687,0.092882,0.44922,0.069056,0.165205,0.513017,0.867487,0.124331,0.133106,0.105221,0.095882,3.35794,5.98067,6.23062,3.51859,7.57522,4.60865,8.888,16.8806,16.0665,17.7542,3.9077,21.1611,19.6159,7.93427,22.0851,0.259421,0.471277,0.397562,0.265138,0.361489,0.154252,0.303027,0.523603,0.282412,0.956542,0.648774,0.713754,0.622508,0.209559,1.78587,1.05124,2.26409,2.10929,1.18088,12.5813,3.88053,4.54125,4.26593,3.35122,17.014,1.55993,20.0169,1.36845,4.11271,0.0,0.0,2.67208,11.6255,0.0,0.0,9.29622,29.926,0.0,0.0,0.0,1.59445,3.86619,4.77939,8.07041,15.7147,23.8105,26.4415,11.975,5.47995,12.5333,4.96055,9.2295,9.15968,13.9242,3.44078,4.63221,5.91701,8.43768,26.472,5.8287,13.5968,10.7599,16.5887,10.1121,7.84106,2.03615,5.17703,19.2976,5.89695,7.77195,11.8102,5.124,6.7297,9.95948,8.92497,23.9674,14.3464,1.95798,15.7073,8.86775,9.31655,6.19356,3.11533,8.97434,6.08078,4.22201,17.8588,12.5725,17.2726,23.2438,14.9757,7.06319,36.9506,9.72823,4.9557,3.84878,6.82057,4.36414,4.85856,11.0451,7.80404,0.374256,0.334727,0.412777,0.393551,1.11485,0.718148,0.0,0.0,1.41053,0.0,2.69071,0.0,0.0,0.0,0.0,0.0,0.0,0.0,0.0,0.0,1.39336,0.689942,2.86009,12.5549,3.56095,2.62242,4.89721,9.91087,15.2646,4.28318,0.439604,3.81282,6.42378,2.32957,7.53472
p5.00_sc00001_p0095,24.8639,9.75406,25.631,0.0,44.8361,110.284,26.27,5.43066,8.89152,47.8288,25.41,6.29265,27.7847,13.1395,11.1422,8.61316,5.20503,19.0621,4.00725,15.0343,52.5494,80.9488,27.4423,13.8674,32.8417,23.3075,14.8643,25.878,25.4777,24.2219,27.8958,14.1754,17.8305,19.5454,19.8042,16.5173,17.2555,17.1991,17.1324,15.2783,0.0,22.1383,0.0,0.0,27.6708,18.8506,15.9767,29.8989,16.1461,18.6211,20.4211,22.4892,24.3298,25.6763,23.1128,0.0,27.7722,25.9877,0.325073,26.8695,21.8397,0.291342,4.18757,1.37719,3.50991,0.716596,3.09571,2.50161,17.8654,20.5732,3.18197,1.92215,0.0,22.1641,0.0,0.0,8.56511,12.9473,0.39849,2.26824,1.82481,0.666805,0.163802,3.96856,15.0931,5.63411,4.99281,1.50918,4.52915,1.11344,0.479175,1.64145,155.683,52.4353,218.421,50.6527,43.6032,80.3922,97.3327,33.6388,128.787,116.093,87.5034,69.0427,9.13732,2.67022,10.5347,9.65188,6.11476,11.2339,10.2111,11.2365,16.6082,7.32657,8.97888,10.7428,9.70799,13.333,20.467,5.78037,2.73832,5.66931,5.80642,4.95106,6.67091,3.64872,5.24294,14.347,10.6084,21.1413,6.06361,6.14308,6.86171,8.13124,6.22883,5.95878,6.35306,4.40135,3.74338,11.497,14.8102,18.49,29.507,18.4361,17.3815,17.4528,15.257,15.2095,19.4221,18.5898,18.4235,29.7438,14.6643,14.7772,19.4203,14.6781,54.8996,6.23839,8.93387,9.28368,6.46371,7.72146,4.79837,92.4773,99.9237,94.2214,92.5098,124.384,121.23,52.6368,133.399,119.69,97.0343,97.4503,95.4471,76.4599,81.1258,48.3256,62.0374,91.2051,121.128,56.4838,108.679,15.7878,19.7097,11.9601,16.3475,18.2284,11.2955,6.40542,4.55513,36.5867,14.4417,12.3305,31.8997,2.62282,32.323,14.0188,8.03521,8.475,8.35136,8.45053,6.88205,7.88095,6.56287,10.2081,6.95066,35.5392,36.3757,35.4543,62.5854,23.051,62.0375,48.5354,49.6432,46.3371,76.4598,48.3259,56.4836,81.1258,52.6369,19.3707,63.0943,51.1542,21.7797,9.90586,16.29,13.2868,10.011,10.3212,10.692,17.4698,21.9009,21.1588,17.1061,16.1604,15.896,13.1088,11.4371,12.3332,11.6879,6.63923,10.7023,5.91232,10.9537,12.674,11.6313,11.7519,14.3078,11.6289,6.93159,14.2594,10.0903,7.54145,14.9671,10.2927,10.219,9.38265,8.31204,8.13249,15.6752,72.1807,16.105,18.1318,20.904,14.6411,58.548,33.1774,67.4537,53.0687,19.1553,21.7584,12.8603,12.9709,12.4647,9.60781,21.7328,11.5635,26.1921,21.9532,25.0471,49.3693,65.8687,5.57516,0.0,219.539,138.689,27.8488,40.2693,0.0,32.8089,129.702,2.19159,6.6176,4.18684,5.86448,13.1743,17.4775,7.27583,6.48747,6.05738,36.9249,25.4186,24.8162,22.7433,14.0443,9.31392,24.9279,6.50627,16.2961,22.1823,26.3354,80.436,21.3428,38.3448,28.2175,5.1299,9.03251,13.9375,30.2281,12.272,24.298,24.2179,14.4064,21.8656,14.281,16.4088,35.362,23.3634,10.673,34.525,11.3367,17.823,11.4982,7.09423,19.9222,22.2683,22.269,7.02206,17.0848,3.41997,22.2807,13.6413,15.7576,38.618,26.6761,13.1243,16.1272,33.3968,15.4209,14.7921,20.8695,32.0319,7.50242,7.44576,5.96122,11.8715,8.19682,12.6982,0.0,0.0,10.1704,0.0,8.23036,0.0,0.0,0.0,0.0,0.0,0.0,0.0,0.0,0.0,17.1384,31.2356,13.8479,70.952,15.7433,14.406,25.7638,29.1383,11.3499,5.55159,45.1543,6.92657,54.986,15.9925,145.943
p5.00_sc00001_p0096,19.299,37.4897,7.86205,0.0,0.0,0.0,0.0,0.0,0.0,0.0,0.0,0.0,0.0,0.0,0.167817,0.0,0.0,0.0,0.0,0.0,0.0,0.0,0.0,0.0,0.0,0.0,0.0,0.0,0.0,0.037816,0.0,0.0,0.0,0.0,0.0,0.038434,0.029866,0.0,0.029922,0.0,0.0,0.028685,0.0,0.0,0.0,0.0,0.0,0.0,0.0,0.0,0.0,0.0,0.0,0.0,0.305832,0.0,0.155226,0.0,0.218583,0.0,0.0,0.0,0.0,0.0,0.0,0.0,0.0,0.0,0.0,0.0,0.0,0.0,0.0,0.0,0.0,0.0,0.0,0.0,0.0,0.0,0.0,0.0,0.0,0.0,0.0,0.0,0.0,0.0,0.0,0.0,0.0,0.0,0.0,0.0,0.0,0.0,0.0,0.0,0.0,0.0,0.0,0.0,0.0,0.0,0.0,0.0,0.0,0.0,0.0,0.0,0.0,0.0,0.0,0.0,0.0,0.0,0.0,0.0,0.0,0.0,0.0,0.0,0.0,0.0,0.0,0.0,0.0,0.0,0.0,0.0,0.0,0.0,0.0,0.0,0.0,0.0,0.0,0.0,0.0,0.0,0.068093,0.112685,0.165755,0.194968,0.197259,0.196685,0.108945,0.144553,0.0,0.112782,0.195603,0.198185,0.492078,0.068057,0.0,0.491598,4.10169,0.0,0.0,0.0,0.0,0.0,0.0,0.0,0.0,31.1656,19.5453,102.752,120.763,7.78216,129.309,87.1886,32.4846,17.2793,29.6017,12.8335,14.2252,8.02457,12.116,17.5253,66.7601,9.60658,86.2214,0.0,0.093605,0.0,0.0,0.0,0.0,0.0,0.0,0.0,0.0,0.0,0.0,0.0,0.0,0.0,0.0,0.0,0.0,0.0,0.0,0.0,0.0,0.0,0.0,1.06986,1.04086,1.41356,0.0,0.0,12.1161,1.21747,0.763989,1.19822,12.8335,8.02462,9.60656,14.2252,7.78217,0.0,0.0,0.0,0.0,0.697064,0.7824,0.529437,1.73925,0.480468,2.22435,0.0,1.44313,1.01885,1.12362,0.0,0.0,0.050972,0.0,0.0,0.0,0.0,0.0,0.0,0.073214,0.0,0.212847,0.0,0.092881,0.074369,0.0,0.132456,0.0,0.0,0.0,0.0,0.0,0.0,0.0,0.0,0.0,0.0,0.0,0.0,0.0,0.0,0.0,0.049662,0.0,0.0,0.0,0.0,0.078075,0.0,0.0,0.0,0.0,0.0,0.0,0.0,0.0,0.0,0.0,1.83344,0.0,0.0,0.0,0.0,0.0,0.0,0.0,0.0,0.0,0.0,0.0,0.0,0.0,0.0,0.0,0.0,0.0,0.0,0.0,0.0,0.0,0.0,0.0,0.0,0.0,0.0,0.0,0.0,0.0,0.0,0.0,0.0,0.0,0.0,0.0,0.0,0.0,0.0,0.0,0.0,0.0,0.0,0.0,0.0,0.0,0.0,0.0,0.0,0.0,0.0,0.0,0.0,0.0,0.0,0.0,0.0,0.0,0.0,0.0,0.0,0.0,0.0,0.0,0.0,0.0,0.0,0.0,0.0,0.0,0.0,0.082354,0.0,0.0,0.0,0.0,0.0,0.0,0.0,0.0,0.10413,0.0,0.0,0.0,0.0,0.0,0.0,0.0,0.0,0.0,0.0,0.0,0.0,0.0,0.0,0.0,0.0,2.15703,0.0,0.0,42.4302,0.0,3.70869,0.157975,118.868
p5.00_sc00001_p0097,14.5464,16.2131,13.4422,24.9368,57.2553,35.2079,33.5465,20.5395,25.2341,52.5793,53.5751,27.8813,43.9502,20.4595,22.8685,23.9027,4.66878,1.02959,1.2793,4.66995,19.9765,15.1432,23.3624,0.0,8.3877,38.7679,36.4352,26.842,26.5409,37.2333,32.3049,38.122,39.0817,28.2427,28.8685,30.5308,29.2951,36.5761,28.8958,34.0266,0.0,35.5838,0.0,0.0,31.9037,26.8475,29.2778,42.9262,29.4618,26.6747,46.1629,44.1725,52.7392,49.6311,43.4671,44.0675,44.6876,50.0479,45.6889,43.2116,48.4045,37.8078,31.5741,15.1155,19.9524,29.6987,11.941,27.4943,28.9663,13.3051,20.9195,21.282,32.4346,14.3593,47.864,50.4436,31.6738,28.5575,33.0259,30.7054,33.7673,11.2062,26.6343,29.5283,48.7633,15.6123,18.1463,23.3963,14.0285,17.2625,28.9653,20.1523,46.8943,49.9797,63.9465,43.2285,41.5553,41.9557,47.8483,45.3917,63.3137,77.4925,41.7553,55.2897,28.1778,23.3008,28.6769,25.0222,23.8911,24.9659,32.456,27.0313,27.3209,28.8773,26.5975,24.7491,29.6832,33.5108,29.8593,19.4097,22.3526,24.5799,25.4046,25.4666,23.0763,26.2391,31.6397,24.6185,23.5907,33.4773,22.0712,22.8592,35.7741,31.115,24.2609,30.2198,28.0548,27.5175,30.8688,32.5322,45.9074,45.4755,55.8591,38.23,49.1216,48.9632,46.6213,46.7889,46.4031,45.6752,38.2617,55.9702,44.3355,45.6894,46.5513,44.2742,25.7056,41.3304,41.8746,66.8748,68.113,51.4602,59.7699,30.989,36.5312,34.7862,31.5969,35.3332,34.5249,38.0326,33.7472,32.2413,34.4133,34.669,31.5367,34.4216,38.5529,42.6381,33.315,30.6937,32.1783,49.7792,30.7117,29.9181,25.7723,22.5858,30.6443,33.5214,22.7733,50.9748,45.5977,32.5613,53.9653,52.0991,36.2798,42.9402,33.8839,57.9278,29.0336,31.5481,30.7962,28.7515,27.0381,30.5977,33.2221,26.5072,31.6021,44.9821,46.2247,46.6134,49.3174,65.1824,33.315,42.2074,36.4238,40.913,34.4216,42.6385,49.7789,38.5529,38.0327,67.6933,51.3542,46.355,57.3328,30.5578,25.2845,30.0382,32.2352,26.7656,27.2882,25.4132,35.9712,33.8954,31.868,25.5005,27.5718,38.2778,37.7633,34.4144,41.1081,38.0893,46.1022,44.3629,39.0509,40.7004,42.1314,29.2665,46.7093,39.4971,43.8343,44.4104,18.7821,18.2162,26.0771,17.0236,16.2921,20.0463,20.643,18.1864,20.4863,22.9075,22.6405,24.7483,20.517,18.8805,26.4736,21.6127,33.8031,27.0911,53.9349,59.3021,60.3019,40.4696,59.8908,58.2091,69.6289,42.1053,50.4127,31.668,31.0672,2.26538,14.9632,8.2015,97.7823,37.7144,18.8255,27.2837,52.5745,0.0,19.5776,0.0,11.8455,10.7304,13.4013,11.2333,50.4704,21.4434,23.2279,28.199,33.9797,24.44,27.9037,30.7846,28.8263,31.8491,24.3658,29.8726,16.8821,21.7147,33.0477,24.6566,30.3363,22.7122,21.3575,22.3898,51.147,23.0689,25.3218,25.0447,29.4866,24.6401,38.8872,21.0503,33.1763,17.4715,30.4219,30.7888,33.4226,15.0896,32.6106,21.2895,26.3681,20.3825,26.4809,22.7497,29.2631,26.5415,17.7304,27.9366,20.0167,32.0087,14.769,31.5399,21.1705,24.7943,22.8615,37.6783,33.7626,28.9537,25.6951,24.818,23.9663,21.1893,24.4033,23.2241,38.817,38.3687,25.5339,0.0,0.0,33.7456,0.0,46.8496,0.0,0.0,0.0,0.0,0.0,0.0,0.0,0.0,0.0,12.7571,53.091,54.1042,32.3454,52.0063,47.3635,51.8378,27.6573,47.1425,56.7186,19.7201,47.6479,40.9557,45.4842,34.1037
p5.00_sc00001_p0098,13.6289,16.7376,11.3155,0.0,0.0,0.0,0.0,1.97775,2.1439,5.24791,5.77018,4.34094,4.73508,2.49221,2.54881,4.80812,1.50187,0.0,1.73439,0.351732,0.0,0.0,0.0,0.0,5.68572,4.72218,3.81262,3.10881,3.20225,4.44817,3.15044,3.78532,4.16152,2.37659,2.54957,2.72386,3.36415,3.84492,3.35125,4.04545,0.0,4.50261,0.0,0.0,3.32574,3.04419,3.59345,5.97204,3.67627,3.1898,4.36961,5.2911,5.917,4.38541,5.39407,15.461,4.96701,5.12178,12.944,4.94253,4.67543,15.0055,0.0,2.39408,1.01572,3.11327,8.59693,2.17548,13.0273,0.0,3.37556,4.53544,2.29846,9.64476,5.8012,5.89827,7.89381,8.02775,4.14884,4.14517,2.77254,11.5967,6.11186,11.2196,19.0494,8.2763,8.66941,3.28003,3.21582,5.80798,7.48594,5.70873,7.31318,8.4373,3.79933,10.5421,8.03871,7.73523,11.1156,8.10688,5.15937,5.59425,10.5931,6.54705,6.32995,7.05759,5.02465,5.21786,4.24381,1.97205,5.55557,4.00441,3.77051,3.08518,4.60098,4.13175,5.54859,9.03851,6.67051,5.18472,4.15719,5.10132,5.58308,5.42654,5.72144,6.39538,3.91558,3.9041,6.28919,5.18259,2.79086,3.25894,6.89474,8.57924,3.31809,4.81484,7.69644,5.62926,6.157,6.31797,3.06807,2.5628,3.45682,3.07463,4.82485,4.74751,2.45437,2.37263,3.20907,2.61341,3.18957,3.44428,3.63029,3.19788,3.22036,3.62674,10.5606,8.55959,11.2797,6.9021,6.4048,9.99471,9.35287,4.02388,3.20314,3.52394,3.08077,2.78004,3.11522,6.78473,3.09802,3.16789,3.95886,3.62959,2.41002,4.06512,3.26097,6.24955,3.6465,3.91948,3.76115,6.95649,4.27447,4.82525,3.57535,1.23423,4.08629,5.77141,3.40983,5.51484,6.23456,6.10883,4.70623,4.48029,6.72819,6.33957,5.82028,3.62652,4.25397,8.24143,5.03473,5.159,7.48681,5.19107,10.3868,5.24399,7.19903,5.77334,5.11351,6.62024,6.10564,6.48512,3.6465,6.35908,5.16057,5.96549,4.06511,6.2496,6.95646,3.26097,6.78474,6.53442,8.28252,6.76822,7.46273,2.59238,1.4101,2.76886,3.81462,3.02391,2.37773,2.1044,4.60227,2.2953,2.47426,3.01443,1.88433,4.09847,3.24819,4.28553,4.17186,3.15472,4.3472,3.94803,2.89304,3.87407,3.94457,2.47876,2.93378,3.6444,3.52657,3.05864,4.51273,3.11536,4.31542,3.83715,7.65288,3.6954,3.59463,2.647,7.57535,6.00651,7.20907,4.79364,3.1088,8.10838,7.04835,4.77592,9.4109,6.61658,6.51535,6.29416,13.3104,7.76098,9.57819,13.3253,7.42103,11.5627,5.97609,4.11121,3.27895,12.2378,7.49946,9.73681,13.5335,0.0,0.0,9.11596,0.0,0.0,0.0,0.0,3.9632,6.50789,6.42998,16.2447,9.62215,4.15307,8.5025,9.07156,4.74406,4.33201,5.01824,5.21695,6.17062,5.86895,4.14317,6.37782,4.4337,3.98657,5.41583,3.94557,5.67679,12.3166,8.12152,6.87718,0.341583,7.2603,4.05812,4.98404,8.94563,5.19638,12.0385,5.27602,4.8845,4.06304,9.36403,7.79171,8.19199,10.5586,3.45785,6.63844,5.26813,5.10754,8.03048,2.98475,6.27593,5.35462,13.5384,9.37843,8.88127,7.89003,8.21445,2.60542,7.76629,3.94603,4.85315,5.3937,5.72161,3.56849,6.87298,7.00027,3.43022,6.37749,4.43869,7.92423,3.97316,6.91235,4.81161,0.0,0.0,2.96759,0.0,7.29515,0.0,0.0,0.0,0.0,0.0,0.0,0.0,0.0,0.0,1.66857,4.65025,3.74725,18.5605,3.46577,3.98282,6.51658,4.74737,11.3725,3.34971,1.51793,24.4153,3.84871,4.4741,2.66683
p5.00_sc00001_p0099,33.3776,41.4879,14.2089,0.0,28.3765,0.0,0.0,13.9006,13.448,22.4856,40.9347,13.518,16.6376,7.82216,7.24341,10.7203,1.4641,3.7121,2.53616,1.02866,9.50388,0.0,11.5787,0.0,0.0,77.5171,50.2854,56.5467,56.5183,48.1392,61.4866,57.226,60.7087,54.2799,54.4761,43.2574,42.6717,49.8576,42.8087,44.5641,0.0,47.0522,0.0,0.0,61.2812,61.7398,56.3306,58.5286,56.6148,61.7134,54.1912,67.9126,60.832,56.3802,52.8877,93.1701,53.1477,63.5958,90.592,55.7106,67.6908,91.9946,106.832,95.1054,129.576,65.7247,106.832,112.965,134.927,154.8,80.5732,83.7589,43.1708,69.3998,111.696,140.296,89.583,113.425,118.501,77.5704,81.5197,76.1245,55.0951,77.7384,104.472,87.2967,92.0301,43.5678,107.349,98.521,65.1651,75.6963,29.7985,36.7924,36.6187,34.1384,23.2366,26.1312,31.9389,29.4884,51.5937,60.7442,25.4741,45.334,21.6702,44.5405,17.1987,31.4491,13.2251,21.1597,23.6131,21.2387,19.8018,19.8626,20.1098,14.3623,16.0685,32.9987,26.3243,50.2317,55.0922,47.7651,55.6895,35.1092,55.7282,40.5324,16.6681,15.5585,16.9289,13.8397,16.5214,46.2176,30.0684,31.8998,30.2867,22.7633,56.4352,45.8543,59.4053,39.1176,73.1279,66.8901,60.7204,67.3172,70.2743,70.1008,75.0268,74.9673,54.4514,67.0184,67.9663,60.6557,61.6,73.0896,54.5838,61.3263,64.8586,77.8207,76.5731,52.9605,69.995,77.2069,75.1643,35.5419,53.8762,43.5705,28.4604,37.5712,35.5325,55.023,33.3512,35.2722,43.1748,33.2176,38.0446,33.9785,43.5446,59.9914,40.5089,27.4836,32.1427,56.3562,33.4791,19.881,17.1965,12.9403,33.7615,28.9446,8.54471,81.1391,84.7967,38.9315,102.169,89.4861,39.2922,77.3529,35.843,90.3007,28.05,14.9896,28.3492,24.8642,15.5548,20.7987,16.6838,27.4606,15.9202,62.969,73.355,71.9122,34.1556,58.0258,40.509,56.6993,53.3514,56.1657,33.9785,59.9918,56.356,43.5446,55.0231,59.3343,37.0595,35.1021,61.8085,33.2422,46.8361,31.3319,31.7706,39.2938,34.9186,27.4803,42.6633,36.3722,35.0673,29.8225,27.4261,80.4208,55.3436,49.9123,70.7629,72.056,86.0008,84.2888,52.6292,58.9007,55.5944,51.9824,79.3483,66.6314,82.2035,78.4637,4.50234,4.61114,10.0849,4.43175,4.52404,7.27496,3.51276,4.43532,9.12513,9.1601,7.20961,7.89046,6.90994,7.59,10.9131,8.8287,12.3129,13.6873,93.679,62.0628,58.0853,65.7016,62.3163,58.1554,66.4223,61.5864,60.5718,64.2502,12.4804,0.0,10.6991,12.1406,19.3417,113.082,0.0,34.679,93.1635,0.0,54.6033,0.0,93.53,37.363,42.4177,29.1979,20.3237,32.5337,37.7596,25.5574,34.1865,22.0856,24.8366,21.5397,31.3663,33.1022,19.8304,27.2016,26.162,28.2506,25.1983,17.9996,26.0941,28.704,28.399,31.2094,29.4699,19.1879,28.1224,19.1312,17.1688,34.7363,22.1564,28.0546,30.9509,25.4099,20.6162,32.5533,20.5889,31.3619,32.5051,32.0762,19.809,18.5689,17.7867,37.8261,19.3376,25.9955,18.9889,29.5376,18.0374,31.4075,8.25813,24.652,33.082,19.4479,22.6897,28.3008,30.8243,19.3259,17.4868,23.4446,14.491,63.998,54.2209,61.7645,73.8992,77.915,63.1079,0.0,0.0,131.288,0.0,105.263,0.0,0.0,0.0,0.0,0.0,0.0,0.0,0.0,0.0,43.1638,62.74,61.9736,31.8726,80.4812,78.0476,66.4824,87.4136,114.204,95.5915,45.5357,82.8056,33.0193,44.9684,28.0223
p5.00_sc00001_p0100,9.34015,12.4061,6.8223,41.5308,0.0,0.0,0.0,1.67566,21.6346,4.61907,11.3381,2.82782,13.7924,6.71103,3.68162,2.39267,3.07494,0.0,6.39181,1.36209,0.0,0.0,0.0,0.0,6.9846,9.92775,20.2353,9.3778,9.03078,16.8531,4.87683,9.1792,19.399,7.73901,8.20399,15.2755,8.17089,11.2037,8.04437,11.8724,0.0,8.81297,0.0,0.0,4.97849,7.40956,8.34273,15.257,8.68637,7.18778,120.688,114.363,120.778,118.344,121.755,18.1876,119.761,118.469,19.1459,129.083,121.338,18.1486,22.2178,24.8478,33.5451,33.4689,46.6892,41.1429,20.4901,21.8283,27.7857,22.1474,30.8743,58.7729,32.7988,32.3758,35.2685,44.0552,33.4396,22.1352,28.5816,52.3588,29.9252,19.9992,20.1495,17.0296,14.6581,24.8246,24.927,23.0412,21.883,22.2087,26.7208,15.0304,31.7178,15.591,13.4246,18.9918,35.7677,22.4583,73.771,23.675,21.7114,41.6712,7.04316,3.8858,4.23782,3.92533,3.29898,3.35783,5.89119,0.747474,2.32058,6.23395,14.2229,10.1558,2.64696,6.46937,6.31083,8.12066,4.90346,5.72421,10.6555,8.07021,7.30191,6.25773,5.72747,1.74337,2.96724,4.1225,1.4099,6.83406,9.36083,7.57857,5.6011,5.12945,6.27794,6.08426,10.4375,2.65978,100.873,143.335,133.11,124.102,85.3185,85.5369,176.096,177.393,294.328,143.637,123.98,133.384,56.8376,101.493,294.041,56.3036,29.8381,32.2752,26.5267,54.5012,33.7984,20.8157,32.708,20.7441,20.7447,4.37939,2.94836,4.07001,4.49951,16.4811,4.79299,3.20108,4.72584,3.15569,4.21378,14.7626,14.303,15.847,12.5638,2.56852,2.75722,14.2398,3.72327,15.3655,11.8082,15.2062,13.7072,13.2809,12.8259,14.037,11.9431,6.23346,15.6531,13.3139,5.35653,15.7942,5.88568,14.1047,2.17948,3.94347,2.68045,1.96366,2.46712,2.61935,2.50486,1.71776,2.01386,32.8115,35.1196,35.8192,38.0666,19.1239,12.5638,31.8802,34.3015,34.5069,14.7625,15.8471,14.2398,14.303,16.4812,20.0733,46.2445,38.3443,22.3618,6.30794,7.63008,6.90764,7.38562,4.60117,5.65337,4.14825,9.71366,10.4155,8.55733,3.81879,4.73726,43.8206,47.8605,49.0448,41.5317,57.7793,50.218,66.1208,15.5646,13.2458,14.249,42.7358,89.6376,82.6245,67.7999,92.8489,3.7019,5.01236,7.17174,6.05753,3.09765,4.54298,4.17549,5.06997,4.43097,3.40582,3.69557,5.89917,5.29775,3.06881,6.5227,2.54651,6.63827,6.26693,49.3537,129.726,42.864,107.637,40.0668,43.7502,87.9772,34.9801,137.105,111.334,11.9396,0.0,0.0,7.3803,10.958,0.0,0.0,11.0617,12.1879,0.0,0.0,0.0,3.88881,3.3651,3.91854,9.56209,6.56682,19.6784,6.96324,5.31427,5.98118,13.5198,12.0922,4.52381,11.1899,12.3595,8.25349,8.61828,5.29936,1.88357,3.02411,9.69383,18.5047,8.51078,12.5795,16.8965,3.77655,9.28963,6.33253,10.7146,3.77754,5.77552,9.68913,3.24065,6.00034,24.3055,15.2514,8.88799,14.1517,25.9414,13.3502,13.4734,18.4903,15.9272,4.20713,12.222,12.1151,18.418,26.8136,18.1676,4.84895,43.0776,5.67619,5.64815,6.63684,11.3108,8.26526,7.01562,3.69931,8.11795,9.83098,8.59944,11.1199,22.7045,24.5093,15.0804,17.7573,18.2745,21.1239,0.0,0.0,20.0633,0.0,31.1032,0.0,0.0,0.0,0.0,0.0,0.0,0.0,0.0,0.0,18.1814,14.5322,10.627,6.01523,20.5446,13.405,5.28655,14.464,63.6921,26.2263,5.2123,33.4607,48.8738,79.3606,15.2964
